{
	"start":	{
		"connected":	[{
				"socket":	5,
				"local_host":	"127.0.0.1",
				"local_port":	49163,
				"remote_host":	"127.0.0.1",
				"remote_port":	5202
			}],
		"version":	"iperf 3.20",
		"system_info":	"Darwin PrateekVMs-Virtual-Machine.local 24.3.0 Darwin Kernel Version 24.3.0: Thu Jan  2 20:16:37 PST 2025; root:xnu-11215.81.4~3/RELEASE_ARM64_VMAPPLE arm64",
		"timestamp":	{
			"time":	"Sun, 22 Mar 2026 11:19:05 UTC",
			"timesecs":	1774178345,
			"timemillisecs":	1774178345957
		},
		"connecting_to":	{
			"host":	"127.0.0.1",
			"port":	5202
		},
		"cookie":	"jarmqqqcwcjwzebtre72gr3uqf7o2knxrulw",
		"tcp_mss_default":	16332,
		"target_bitrate":	0,
		"fq_rate":	0,
		"sock_bufsize":	0,
		"sndbuf_actual":	131072,
		"rcvbuf_actual":	131072,
		"test_start":	{
			"protocol":	"TCP",
			"num_streams":	1,
			"blksize":	131072,
			"omit":	0,
			"duration":	30,
			"bytes":	0,
			"blocks":	0,
			"reverse":	0,
			"tos":	0,
			"target_bitrate":	0,
			"bidir":	0,
			"fqrate":	0,
			"interval":	1
		}
	},
	"intervals":	[{
			"streams":	[{
					"socket":	5,
					"start":	0,
					"end":	1.001072,
					"seconds":	1.00107204914093,
					"bytes":	14350417920,
					"bits_per_second":	114680400335.33897,
					"omitted":	false,
					"sender":	true
				}],
			"sum":	{
				"start":	0,
				"end":	1.001072,
				"seconds":	1.00107204914093,
				"bytes":	14350417920,
				"bits_per_second":	114680400335.33897,
				"omitted":	false,
				"sender":	true
			}
		}, {
			"streams":	[{
					"socket":	5,
					"start":	1.001072,
					"end":	2.005097,
					"seconds":	1.0040249824523926,
					"bytes":	15469248512,
					"bits_per_second":	123257877302.73732,
					"omitted":	false,
					"sender":	true
				}],
			"sum":	{
				"start":	1.001072,
				"end":	2.005097,
				"seconds":	1.0040249824523926,
				"bytes":	15469248512,
				"bits_per_second":	123257877302.73732,
				"omitted":	false,
				"sender":	true
			}
		}, {
			"streams":	[{
					"socket":	5,
					"start":	2.005097,
					"end":	3.005033,
					"seconds":	0.99993598461151123,
					"bytes":	16416899072,
					"bits_per_second":	131343600587.61713,
					"omitted":	false,
					"sender":	true
				}],
			"sum":	{
				"start":	2.005097,
				"end":	3.005033,
				"seconds":	0.99993598461151123,
				"bytes":	16416899072,
				"bits_per_second":	131343600587.61713,
				"omitted":	false,
				"sender":	true
			}
		}, {
			"streams":	[{
					"socket":	5,
					"start":	3.005033,
					"end":	4.005035,
					"seconds":	1.0000020265579224,
					"bytes":	16868704256,
					"bits_per_second":	134949360565.30423,
					"omitted":	false,
					"sender":	true
				}],
			"sum":	{
				"start":	3.005033,
				"end":	4.005035,
				"seconds":	1.0000020265579224,
				"bytes":	16868704256,
				"bits_per_second":	134949360565.30423,
				"omitted":	false,
				"sender":	true
			}
		}, {
			"streams":	[{
					"socket":	5,
					"start":	4.005035,
					"end":	5.005016,
					"seconds":	0.99998098611831665,
					"bytes":	17035689984,
					"bits_per_second":	136288111238.02193,
					"omitted":	false,
					"sender":	true
				}],
			"sum":	{
				"start":	4.005035,
				"end":	5.005016,
				"seconds":	0.99998098611831665,
				"bytes":	17035689984,
				"bits_per_second":	136288111238.02193,
				"omitted":	false,
				"sender":	true
			}
		}, {
			"streams":	[{
					"socket":	5,
					"start":	5.005016,
					"end":	6.005025,
					"seconds":	1.0000089406967163,
					"bytes":	14988214272,
					"bits_per_second":	119904642144.9597,
					"omitted":	false,
					"sender":	true
				}],
			"sum":	{
				"start":	5.005016,
				"end":	6.005025,
				"seconds":	1.0000089406967163,
				"bytes":	14988214272,
				"bits_per_second":	119904642144.9597,
				"omitted":	false,
				"sender":	true
			}
		}, {
			"streams":	[{
					"socket":	5,
					"start":	6.005025,
					"end":	7.005018,
					"seconds":	0.99999302625656128,
					"bytes":	13449691136,
					"bits_per_second":	107598279450.79533,
					"omitted":	false,
					"sender":	true
				}],
			"sum":	{
				"start":	6.005025,
				"end":	7.005018,
				"seconds":	0.99999302625656128,
				"bytes":	13449691136,
				"bits_per_second":	107598279450.79533,
				"omitted":	false,
				"sender":	true
			}
		}, {
			"streams":	[{
					"socket":	5,
					"start":	7.005018,
					"end":	8.000954,
					"seconds":	0.99593597650527954,
					"bytes":	15172239360,
					"bits_per_second":	121873210470.73006,
					"omitted":	false,
					"sender":	true
				}],
			"sum":	{
				"start":	7.005018,
				"end":	8.000954,
				"seconds":	0.99593597650527954,
				"bytes":	15172239360,
				"bits_per_second":	121873210470.73006,
				"omitted":	false,
				"sender":	true
			}
		}, {
			"streams":	[{
					"socket":	5,
					"start":	8.000954,
					"end":	9.000946,
					"seconds":	0.9999920129776,
					"bytes":	15500967936,
					"bits_per_second":	124008733948.53583,
					"omitted":	false,
					"sender":	true
				}],
			"sum":	{
				"start":	8.000954,
				"end":	9.000946,
				"seconds":	0.9999920129776,
				"bytes":	15500967936,
				"bits_per_second":	124008733948.53583,
				"omitted":	false,
				"sender":	true
			}
		}, {
			"streams":	[{
					"socket":	5,
					"start":	9.000946,
					"end":	10.005277,
					"seconds":	1.0043309926986694,
					"bytes":	17040277504,
					"bits_per_second":	135734355529.24425,
					"omitted":	false,
					"sender":	true
				}],
			"sum":	{
				"start":	9.000946,
				"end":	10.005277,
				"seconds":	1.0043309926986694,
				"bytes":	17040277504,
				"bits_per_second":	135734355529.24425,
				"omitted":	false,
				"sender":	true
			}
		}, {
			"streams":	[{
					"socket":	5,
					"start":	10.005277,
					"end":	11.003017,
					"seconds":	0.99773997068405151,
					"bytes":	17087725568,
					"bits_per_second":	137011454447.67249,
					"omitted":	false,
					"sender":	true
				}],
			"sum":	{
				"start":	10.005277,
				"end":	11.003017,
				"seconds":	0.99773997068405151,
				"bytes":	17087725568,
				"bits_per_second":	137011454447.67249,
				"omitted":	false,
				"sender":	true
			}
		}, {
			"streams":	[{
					"socket":	5,
					"start":	11.003017,
					"end":	12.005027,
					"seconds":	1.0020099878311157,
					"bytes":	17046044672,
					"bits_per_second":	136094808467.1031,
					"omitted":	false,
					"sender":	true
				}],
			"sum":	{
				"start":	11.003017,
				"end":	12.005027,
				"seconds":	1.0020099878311157,
				"bytes":	17046044672,
				"bits_per_second":	136094808467.1031,
				"omitted":	false,
				"sender":	true
			}
		}, {
			"streams":	[{
					"socket":	5,
					"start":	12.005027,
					"end":	13.000944,
					"seconds":	0.995917022228241,
					"bytes":	16640770048,
					"bits_per_second":	133671939943.49721,
					"omitted":	false,
					"sender":	true
				}],
			"sum":	{
				"start":	12.005027,
				"end":	13.000944,
				"seconds":	0.995917022228241,
				"bytes":	16640770048,
				"bits_per_second":	133671939943.49721,
				"omitted":	false,
				"sender":	true
			}
		}, {
			"streams":	[{
					"socket":	5,
					"start":	13.000944,
					"end":	14.00316,
					"seconds":	1.0022159814834595,
					"bytes":	16882991104,
					"bits_per_second":	134765291441.55251,
					"omitted":	false,
					"sender":	true
				}],
			"sum":	{
				"start":	13.000944,
				"end":	14.00316,
				"seconds":	1.0022159814834595,
				"bytes":	16882991104,
				"bits_per_second":	134765291441.55251,
				"omitted":	false,
				"sender":	true
			}
		}, {
			"streams":	[{
					"socket":	5,
					"start":	14.00316,
					"end":	15.000956,
					"seconds":	0.99779599905014038,
					"bytes":	16911695872,
					"bits_per_second":	135592412782.56653,
					"omitted":	false,
					"sender":	true
				}],
			"sum":	{
				"start":	14.00316,
				"end":	15.000956,
				"seconds":	0.99779599905014038,
				"bytes":	16911695872,
				"bits_per_second":	135592412782.56653,
				"omitted":	false,
				"sender":	true
			}
		}, {
			"streams":	[{
					"socket":	5,
					"start":	15.000956,
					"end":	16.000941,
					"seconds":	0.9999849796295166,
					"bytes":	17079861248,