{
	"start":	{
		"connected":	[{
				"socket":	5,
				"local_host":	"127.0.0.1",
				"local_port":	63063,
				"remote_host":	"127.0.0.1",
				"remote_port":	5202
			}],
		"version":	"iperf 3.20",
		"system_info":	"Darwin PrateekVMs-Virtual-Machine.local 24.3.0 Darwin Kernel Version 24.3.0: Thu Jan  2 20:16:37 PST 2025; root:xnu-11215.81.4~3/RELEASE_ARM64_VMAPPLE arm64",
		"timestamp":	{
			"time":	"Sun, 22 Mar 2026 11:30:08 UTC",
			"timesecs":	1774179008,
			"timemillisecs":	1774179008354
		},
		"connecting_to":	{
			"host":	"127.0.0.1",
			"port":	5202
		},
		"cookie":	"pgaklmokcjntydbaufuuqn3umsz5w5r2lc7o",
		"target_bitrate":	0,
		"fq_rate":	0,
		"sock_bufsize":	0,
		"sndbuf_actual":	9216,
		"rcvbuf_actual":	786896,
		"test_start":	{
			"protocol":	"UDP",
			"num_streams":	1,
			"blksize":	16332,
			"omit":	0,
			"duration":	30,
			"bytes":	0,
			"blocks":	0,
			"reverse":	0,
			"tos":	0,
			"target_bitrate":	0,
			"bidir":	0,
			"fqrate":	0,
			"interval":	1
		}
	},
	"intervals":	[{
			"streams":	[{
					"socket":	5,
					"start":	0,
					"end":	1.007873,
					"seconds":	1.0078730583190918,
					"bytes":	5881577832,
					"bits_per_second":	46685068389.935249,
					"packets":	360127,
					"omitted":	false,
					"sender":	true
				}],
			"sum":	{
				"start":	0,
				"end":	1.007873,
				"seconds":	1.0078730583190918,
				"bytes":	5881577832,
				"bits_per_second":	46685068389.935249,
				"packets":	360127,
				"omitted":	false,
				"sender":	true
			}
		}, {
			"streams":	[{
					"socket":	5,
					"start":	1.007873,
					"end":	2.010026,
					"seconds":	1.0021530389785767,
					"bytes":	6121854216,
					"bits_per_second":	48869615540.872444,
					"packets":	374843,
					"omitted":	false,
					"sender":	true
				}],
			"sum":	{
				"start":	1.007873,
				"end":	2.010026,
				"seconds":	1.0021530389785767,
				"bytes":	6121854216,
				"bits_per_second":	48869615540.872444,
				"packets":	374843,
				"omitted":	false,
				"sender":	true
			}
		}, {
			"streams":	[{
					"socket":	5,
					"start":	2.010026,
					"end":	3.010024,
					"seconds":	0.99999797344207764,
					"bytes":	6708140352,
					"bits_per_second":	53665231571.7002,
					"packets":	410737,
					"omitted":	false,
					"sender":	true
				}],
			"sum":	{
				"start":	2.010026,
				"end":	3.010024,
				"seconds":	0.99999797344207764,
				"bytes":	6708140352,
				"bits_per_second":	53665231571.7002,
				"packets":	410737,
				"omitted":	false,
				"sender":	true
			}
		}, {
			"streams":	[{
					"socket":	5,
					"start":	3.010024,
					"end":	4.010906,
					"seconds":	1.0008820295333862,
					"bytes":	5701419540,
					"bits_per_second":	45571161209.942123,
					"packets":	349096,
					"omitted":	false,
					"sender":	true
				}],
			"sum":	{
				"start":	3.010024,
				"end":	4.010906,
				"seconds":	1.0008820295333862,
				"bytes":	5701419540,
				"bits_per_second":	45571161209.942123,
				"packets":	349096,
				"omitted":	false,
				"sender":	true
			}
		}, {
			"streams":	[{
					"socket":	5,
					"start":	4.010906,
					"end":	5.002025,
					"seconds":	0.99111902713775635,
					"bytes":	5700733596,
					"bits_per_second":	46014522493.53418,
					"packets":	349055,
					"omitted":	false,
					"sender":	true
				}],
			"sum":	{
				"start":	4.010906,
				"end":	5.002025,
				"seconds":	0.99111902713775635,
				"bytes":	5700733596,
				"bits_per_second":	46014522493.53418,
				"packets":	349055,
				"omitted":	false,
				"sender":	true
			}
		}, {
			"streams":	[{
					"socket":	5,
					"start":	5.002025,
					"end":	6.010149,
					"seconds":	1.0081239938735962,
					"bytes":	5902874760,
					"bits_per_second":	46842450300.732613,
					"packets":	361431,
					"omitted":	false,
					"sender":	true
				}],
			"sum":	{
				"start":	5.002025,
				"end":	6.010149,
				"seconds":	1.0081239938735962,
				"bytes":	5902874760,
				"bits_per_second":	46842450300.732613,
				"packets":	361431,
				"omitted":	false,
				"sender":	true
			}
		}, {
			"streams":	[{
					"socket":	5,
					"start":	6.010149,
					"end":	7.010022,
					"seconds":	0.99987298250198364,
					"bytes":	5736321024,
					"bits_per_second":	45896397837.6213,
					"packets":	351233,
					"omitted":	false,
					"sender":	true
				}],
			"sum":	{
				"start":	6.010149,
				"end":	7.010022,
				"seconds":	0.99987298250198364,
				"bytes":	5736321024,
				"bits_per_second":	45896397837.6213,
				"packets":	351233,
				"omitted":	false,
				"sender":	true
			}
		}, {
			"streams":	[{
					"socket":	5,
					"start":	7.010022,
					"end":	8.01002,
					"seconds":	0.99999797344207764,
					"bytes":	5707364388,
					"bits_per_second":	45659007634.62365,
					"packets":	349471,
					"omitted":	false,
					"sender":	true
				}],
			"sum":	{
				"start":	7.010022,
				"end":	8.01002,
				"seconds":	0.99999797344207764,
				"bytes":	5707364388,
				"bits_per_second":	45659007634.62365,
				"packets":	349471,
				"omitted":	false,
				"sender":	true
			}
		}, {
			"streams":	[{
					"socket":	5,
					"start":	8.01002,
					"end":	9.010752,
					"seconds":	1.0007319450378418,
					"bytes":	5362122240,
					"bits_per_second":	42865602654.8427,
					"packets":	328321,
					"omitted":	false,
					"sender":	true
				}],
			"sum":	{
				"start":	8.01002,
				"end":	9.010752,
				"seconds":	1.0007319450378418,
				"bytes":	5362122240,
				"bits_per_second":	42865602654.8427,
				"packets":	328321,
				"omitted":	false,
				"sender":	true
			}
		}, {
			"streams":	[{
					"socket":	5,
					"start":	9.010752,
					"end":	10.008283,
					"seconds":	0.997530996799469,
					"bytes":	5177472648,
					"bits_per_second":	41522299875.285484,
					"packets":	317016,
					"omitted":	false,
					"sender":	true
				}],
			"sum":	{
				"start":	9.010752,
				"end":	10.008283,
				"seconds":	0.997530996799469,
				"bytes":	5177472648,
				"bits_per_second":	41522299875.285484,
				"packets":	317016,
				"omitted":	false,
				"sender":	true
			}
		}, {
			"streams":	[{
					"socket":	5,
					"start":	10.008283,
					"end":	11.010034,
					"seconds":	1.0017509460449219,
					"bytes":	5476152264,
					"bits_per_second":	43732644610.8846,
					"packets":	335304,
					"omitted":	false,
					"sender":	true
				}],
			"sum":	{
				"start":	10.008283,
				"end":	11.010034,
				"seconds":	1.0017509460449219,
				"bytes":	5476152264,
				"bits_per_second":	43732644610.8846,
				"packets":	335304,
				"omitted":	false,
				"sender":	true
			}
		}, {
			"streams":	[{
					"socket":	5,
					"start":	11.010034,
					"end":	12.006166,
					"seconds":	0.9961320161819458,
					"bytes":	5277555144,
					"bits_per_second":	42384383260.590172,
					"packets":	323144,
					"omitted":	false,
					"sender":	true
				}],
			"sum":	{
				"start":	11.010034,
				"end":	12.006166,
				"seconds":	0.9961320161819458,
				"bytes":	5277555144,
				"bits_per_second":	42384383260.590172,
				"packets":	323144,
				"omitted":	false,
				"sender":	true
			}
		}, {
			"streams":	[{
					"socket":	5,
					"start":	12.006166,
					"end":	13.010026,
					"seconds":	1.0038599967956543,
					"bytes":	5159017488,
					"bits_per_second":	41113442149.046364,
					"packets":	315885,
					"omitted":	false,
					"sender":	true
				}],
			"sum":	{
				"start":	12.006166,
				"end":	13.010026,
				"seconds":	1.0038599967956543,
				"bytes":	5159017488,
				"bits_per_second":	41113442149.046364,
				"packets":	315885,
				"omitted":	false,
				"sender":	true
			}
		}, {
			"streams":	[{
					"socket":	5,
					"start":	13.010026,
					"end":	14.010035,
					"seconds":	1.0000089406967163,
					"bytes":	5155604100,
					"bits_per_second":	41244464045.755737,
					"packets":	315676,
					"omitted":	false,
					"sender":	true
				}],
			"sum":	{
				"start":	13.010026,
				"end":	14.010035,
				"seconds":	1.0000089406967163,
				"bytes":	5155604100,
				"bits_per_second":	41244464045.755737,
				"packets":	315676,
				"omitted":	false,
				"sender":	true
			}
		}, {
			"streams":	[{
					"socket":	5,