{
	"start":	{
		"connected":	[{
				"socket":	5,
				"local_host":	"127.0.0.1",
				"local_port":	61298,
				"remote_host":	"127.0.0.1",
				"remote_port":	5202
			}],
		"version":	"iperf 3.20",
		"system_info":	"Darwin PrateekVMs-Virtual-Machine.local 24.3.0 Darwin Kernel Version 24.3.0: Thu Jan  2 20:16:37 PST 2025; root:xnu-11215.81.4~3/RELEASE_ARM64_VMAPPLE arm64",
		"timestamp":	{
			"time":	"Sun, 22 Mar 2026 11:30:38 UTC",
			"timesecs":	1774179038,
			"timemillisecs":	1774179038369
		},
		"connecting_to":	{
			"host":	"127.0.0.1",
			"port":	5202
		},
		"cookie":	"sykiaiucnyxzpdx2mpzyhqbkfzy67foj4hmb",
		"target_bitrate":	0,
		"fq_rate":	0,
		"sock_bufsize":	0,
		"sndbuf_actual":	9216,
		"rcvbuf_actual":	786896,
		"test_start":	{
			"protocol":	"UDP",
			"num_streams":	1,
			"blksize":	16332,
			"omit":	0,
			"duration":	30,
			"bytes":	0,
			"blocks":	0,
			"reverse":	0,
			"tos":	0,
			"target_bitrate":	0,
			"bidir":	0,
			"fqrate":	0,
			"interval":	1
		}
	},
	"intervals":	[{
			"streams":	[{
					"socket":	5,
					"start":	0,
					"end":	1.007833,
					"seconds":	1.0078330039978027,
					"bytes":	4979300160,
					"bits_per_second":	39524803337.445427,
					"packets":	304881,
					"omitted":	false,
					"sender":	true
				}],
			"sum":	{
				"start":	0,
				"end":	1.007833,
				"seconds":	1.0078330039978027,
				"bytes":	4979300160,
				"bits_per_second":	39524803337.445427,
				"packets":	304881,
				"omitted":	false,
				"sender":	true
			}
		}, {
			"streams":	[{
					"socket":	5,
					"start":	1.007833,
					"end":	2.002038,
					"seconds":	0.99420499801635742,
					"bytes":	5037197100,
					"bits_per_second":	40532462500.592857,
					"packets":	308427,
					"omitted":	false,
					"sender":	true
				}],
			"sum":	{
				"start":	1.007833,
				"end":	2.002038,
				"seconds":	0.99420499801635742,
				"bytes":	5037197100,
				"bits_per_second":	40532462500.592857,
				"packets":	308427,
				"omitted":	false,
				"sender":	true
			}
		}, {
			"streams":	[{
					"socket":	5,
					"start":	2.002038,
					"end":	3.010036,
					"seconds":	1.007997989654541,
					"bytes":	5213631696,
					"bits_per_second":	41378111857.439758,
					"packets":	319239,
					"omitted":	false,
					"sender":	true
				}],
			"sum":	{
				"start":	2.002038,
				"end":	3.010036,
				"seconds":	1.007997989654541,
				"bytes":	5213631696,
				"bits_per_second":	41378111857.439758,
				"packets":	319239,
				"omitted":	false,
				"sender":	true
			}
		}, {
			"streams":	[{
					"socket":	5,
					"start":	3.010036,
					"end":	4.002019,
					"seconds":	0.99198299646377563,
					"bytes":	5134944120,
					"bits_per_second":	41411549498.772186,
					"packets":	314410,
					"omitted":	false,
					"sender":	true
				}],
			"sum":	{
				"start":	3.010036,
				"end":	4.002019,
				"seconds":	0.99198299646377563,
				"bytes":	5134944120,
				"bits_per_second":	41411549498.772186,
				"packets":	314410,
				"omitted":	false,
				"sender":	true
			}
		}, {
			"streams":	[{
					"socket":	5,
					"start":	4.002019,
					"end":	5.010041,
					"seconds":	1.0080219507217407,
					"bytes":	5254576020,
					"bits_per_second":	41702076160.0498,
					"packets":	321736,
					"omitted":	false,
					"sender":	true
				}],
			"sum":	{
				"start":	4.002019,
				"end":	5.010041,
				"seconds":	1.0080219507217407,
				"bytes":	5254576020,
				"bits_per_second":	41702076160.0498,
				"packets":	321736,
				"omitted":	false,
				"sender":	true
			}
		}, {
			"streams":	[{
					"socket":	5,
					"start":	5.010041,
					"end":	6.01002,
					"seconds":	0.999979019165039,
					"bytes":	5189868636,
					"bits_per_second":	41519820208.4954,
					"packets":	317775,
					"omitted":	false,
					"sender":	true
				}],
			"sum":	{
				"start":	5.010041,
				"end":	6.01002,
				"seconds":	0.999979019165039,
				"bytes":	5189868636,
				"bits_per_second":	41519820208.4954,
				"packets":	317775,
				"omitted":	false,
				"sender":	true
			}
		}, {
			"streams":	[{
					"socket":	5,
					"start":	6.01002,
					"end":	7.002012,
					"seconds":	0.99199199676513672,
					"bytes":	5071526964,
					"bits_per_second":	40899740969.992775,
					"packets":	310529,
					"omitted":	false,
					"sender":	true
				}],
			"sum":	{
				"start":	6.01002,
				"end":	7.002012,
				"seconds":	0.99199199676513672,
				"bytes":	5071526964,
				"bits_per_second":	40899740969.992775,
				"packets":	310529,
				"omitted":	false,
				"sender":	true
			}
		}, {
			"streams":	[{
					"socket":	5,
					"start":	7.002012,
					"end":	8.010022,
					"seconds":	1.0080100297927856,
					"bytes":	5237737728,
					"bits_per_second":	41568933428.781143,
					"packets":	320705,
					"omitted":	false,
					"sender":	true
				}],
			"sum":	{
				"start":	7.002012,
				"end":	8.010022,
				"seconds":	1.0080100297927856,
				"bytes":	5237737728,
				"bits_per_second":	41568933428.781143,
				"packets":	320705,
				"omitted":	false,
				"sender":	true
			}
		}, {
			"streams":	[{
					"socket":	5,
					"start":	8.010022,
					"end":	9.010021,
					"seconds":	0.99999898672103882,
					"bytes":	5165860596,
					"bits_per_second":	41326926643.7053,
					"packets":	316304,
					"omitted":	false,
					"sender":	true
				}],
			"sum":	{
				"start":	8.010022,
				"end":	9.010021,
				"seconds":	0.99999898672103882,
				"bytes":	5165860596,
				"bits_per_second":	41326926643.7053,
				"packets":	316304,
				"omitted":	false,
				"sender":	true
			}
		}, {
			"streams":	[{
					"socket":	5,
					"start":	9.010021,
					"end":	10.00749,
					"seconds":	0.99746900796890259,
					"bytes":	5194163952,
					"bits_per_second":	41658749579.210464,
					"packets":	318038,
					"omitted":	false,
					"sender":	true
				}],
			"sum":	{
				"start":	9.010021,
				"end":	10.00749,
				"seconds":	0.99746900796890259,
				"bytes":	5194163952,
				"bits_per_second":	41658749579.210464,
				"packets":	318038,
				"omitted":	false,
				"sender":	true
			}
		}, {
			"streams":	[{
					"socket":	5,
					"start":	10.00749,
					"end":	11.002017,
					"seconds":	0.994526982307434,
					"bytes":	5180820708,
					"bits_per_second":	41674651770.471313,
					"packets":	317220,
					"omitted":	false,
					"sender":	true
				}],
			"sum":	{
				"start":	10.00749,
				"end":	11.002017,
				"seconds":	0.994526982307434,
				"bytes":	5180820708,
				"bits_per_second":	41674651770.471313,
				"packets":	317220,
				"omitted":	false,
				"sender":	true
			}
		}, {
			"streams":	[{
					"socket":	5,
					"start":	11.002017,
					"end":	12.010031,
					"seconds":	1.0080139636993408,
					"bytes":	5238080700,
					"bits_per_second":	41571493162.8654,
					"packets":	320725,
					"omitted":	false,
					"sender":	true
				}],
			"sum":	{
				"start":	11.002017,
				"end":	12.010031,
				"seconds":	1.0080139636993408,
				"bytes":	5238080700,
				"bits_per_second":	41571493162.8654,
				"packets":	320725,
				"omitted":	false,
				"sender":	true
			}
		}, {
			"streams":	[{
					"socket":	5,
					"start":	12.010031,
					"end":	13.00998,
					"seconds":	0.99994897842407227,
					"bytes":	5221422060,
					"bits_per_second":	41773507830.201523,
					"packets":	319707,
					"omitted":	false,
					"sender":	true
				}],
			"sum":	{
				"start":	12.010031,
				"end":	13.00998,
				"seconds":	0.99994897842407227,
				"bytes":	5221422060,
				"bits_per_second":	41773507830.201523,
				"packets":	319707,
				"omitted":	false,
				"sender":	true
			}
		}, {
			"streams":	[{
					"socket":	5,
					"start":	13.00998,
					"end":	14.000893,
					"seconds":	0.99091297388076782,
					"bytes":	5193412680,
					"bits_per_second":	41928305043.061432,
					"packets":	317991,
					"omitted":	false,
					"sender":	true
				}],
			"sum":	{
				"start":	13.00998,
				"end":	14.000893,
				"seconds":	0.99091297388076782,
				"bytes":	5193412680,
				"bits_per_second":	41928305043.061432,
				"packets":	317991,
				"omitted":	false,
				"sender":	true
			}
		}, {
			"streams":	[{
					"socket":	5,