{
	"start":	{
		"connected":	[{
				"socket":	5,
				"local_host":	"127.0.0.1",
				"local_port":	49161,
				"remote_host":	"127.0.0.1",
				"remote_port":	5202
			}],
		"version":	"iperf 3.20",
		"system_info":	"Darwin PrateekVMs-Virtual-Machine.local 24.3.0 Darwin Kernel Version 24.3.0: Thu Jan  2 20:16:37 PST 2025; root:xnu-11215.81.4~3/RELEASE_ARM64_VMAPPLE arm64",
		"timestamp":	{
			"time":	"Sun, 22 Mar 2026 11:18:35 UTC",
			"timesecs":	1774178315,
			"timemillisecs":	1774178315940
		},
		"connecting_to":	{
			"host":	"127.0.0.1",
			"port":	5202
		},
		"cookie":	"5bh4bqms3ppp4hekvlofve2ojrt4nm757pbs",
		"tcp_mss_default":	16332,
		"target_bitrate":	0,
		"fq_rate":	0,
		"sock_bufsize":	0,
		"sndbuf_actual":	131072,
		"rcvbuf_actual":	131072,
		"test_start":	{
			"protocol":	"TCP",
			"num_streams":	1,
			"blksize":	131072,
			"omit":	0,
			"duration":	30,
			"bytes":	0,
			"blocks":	0,
			"reverse":	0,
			"tos":	0,
			"target_bitrate":	0,
			"bidir":	0,
			"fqrate":	0,
			"interval":	1
		}
	},
	"intervals":	[{
			"streams":	[{
					"socket":	5,
					"start":	0,
					"end":	1.005026,
					"seconds":	1.0050259828567505,
					"bytes":	8903065600,
					"bits_per_second":	70868341729.3818,
					"omitted":	false,
					"sender":	true
				}],
			"sum":	{
				"start":	0,
				"end":	1.005026,
				"seconds":	1.0050259828567505,
				"bytes":	8903065600,
				"bits_per_second":	70868341729.3818,
				"omitted":	false,
				"sender":	true
			}
		}, {
			"streams":	[{
					"socket":	5,
					"start":	1.005026,
					"end":	2.005024,
					"seconds":	0.99999797344207764,
					"bytes":	12075008000,
					"bits_per_second":	96600259766.021729,
					"omitted":	false,
					"sender":	true
				}],
			"sum":	{
				"start":	1.005026,
				"end":	2.005024,
				"seconds":	0.99999797344207764,
				"bytes":	12075008000,
				"bits_per_second":	96600259766.021729,
				"omitted":	false,
				"sender":	true
			}
		}, {
			"streams":	[{
					"socket":	5,
					"start":	2.005024,
					"end":	3.000998,
					"seconds":	0.99597400426864624,
					"bytes":	16380461056,
					"bits_per_second":	131573402404.43997,
					"omitted":	false,
					"sender":	true
				}],
			"sum":	{
				"start":	2.005024,
				"end":	3.000998,
				"seconds":	0.99597400426864624,
				"bytes":	16380461056,
				"bits_per_second":	131573402404.43997,
				"omitted":	false,
				"sender":	true
			}
		}, {
			"streams":	[{
					"socket":	5,
					"start":	3.000998,
					"end":	4.003077,
					"seconds":	1.0020790100097656,
					"bytes":	16639328256,
					"bits_per_second":	132838453573.33925,
					"omitted":	false,
					"sender":	true
				}],
			"sum":	{
				"start":	3.000998,
				"end":	4.003077,
				"seconds":	1.0020790100097656,
				"bytes":	16639328256,
				"bits_per_second":	132838453573.33925,
				"omitted":	false,
				"sender":	true
			}
		}, {
			"streams":	[{
					"socket":	5,
					"start":	4.003077,
					"end":	5.005046,
					"seconds":	1.00196897983551,
					"bytes":	14526840832,
					"bits_per_second":	115986351867.97755,
					"omitted":	false,
					"sender":	true
				}],
			"sum":	{
				"start":	4.003077,
				"end":	5.005046,
				"seconds":	1.00196897983551,
				"bytes":	14526840832,
				"bits_per_second":	115986351867.97755,
				"omitted":	false,
				"sender":	true
			}
		}, {
			"streams":	[{
					"socket":	5,
					"start":	5.005046,
					"end":	6.002894,
					"seconds":	0.99784797430038452,
					"bytes":	15045492736,
					"bits_per_second":	120623526817.68993,
					"omitted":	false,
					"sender":	true
				}],
			"sum":	{
				"start":	5.005046,
				"end":	6.002894,
				"seconds":	0.99784797430038452,
				"bytes":	15045492736,
				"bits_per_second":	120623526817.68993,
				"omitted":	false,
				"sender":	true
			}
		}, {
			"streams":	[{
					"socket":	5,
					"start":	6.002894,
					"end":	7.005121,
					"seconds":	1.0022269487380981,
					"bytes":	15117844480,
					"bits_per_second":	120674020981.25456,
					"omitted":	false,
					"sender":	true
				}],
			"sum":	{
				"start":	6.002894,
				"end":	7.005121,
				"seconds":	1.0022269487380981,
				"bytes":	15117844480,
				"bits_per_second":	120674020981.25456,
				"omitted":	false,
				"sender":	true
			}
		}, {
			"streams":	[{
					"socket":	5,
					"start":	7.005121,
					"end":	8.005018,
					"seconds":	0.999897003173828,
					"bytes":	15713566720,
					"bits_per_second":	125721482673.697,
					"omitted":	false,
					"sender":	true
				}],
			"sum":	{
				"start":	7.005121,
				"end":	8.005018,
				"seconds":	0.999897003173828,
				"bytes":	15713566720,
				"bits_per_second":	125721482673.697,
				"omitted":	false,
				"sender":	true
			}
		}, {
			"streams":	[{
					"socket":	5,
					"start":	8.005018,
					"end":	9.005042,
					"seconds":	1.0000239610672,
					"bytes":	15698755584,
					"bits_per_second":	125587035472.60362,
					"omitted":	false,
					"sender":	true
				}],
			"sum":	{
				"start":	8.005018,
				"end":	9.005042,
				"seconds":	1.0000239610672,
				"bytes":	15698755584,
				"bits_per_second":	125587035472.60362,
				"omitted":	false,
				"sender":	true
			}
		}, {
			"streams":	[{
					"socket":	5,
					"start":	9.005042,
					"end":	10.005021,
					"seconds":	0.999979019165039,
					"bytes":	15602679808,
					"bits_per_second":	124824057376.94698,
					"omitted":	false,
					"sender":	true
				}],
			"sum":	{
				"start":	9.005042,
				"end":	10.005021,
				"seconds":	0.999979019165039,
				"bytes":	15602679808,
				"bits_per_second":	124824057376.94698,
				"omitted":	false,
				"sender":	true
			}
		}, {
			"streams":	[{
					"socket":	5,
					"start":	10.005021,
					"end":	11.00105,
					"seconds":	0.996029019355774,
					"bytes":	16789143552,
					"bits_per_second":	134848629714.49667,
					"omitted":	false,
					"sender":	true
				}],
			"sum":	{
				"start":	10.005021,
				"end":	11.00105,
				"seconds":	0.996029019355774,
				"bytes":	16789143552,
				"bits_per_second":	134848629714.49667,
				"omitted":	false,
				"sender":	true
			}
		}, {
			"streams":	[{
					"socket":	5,
					"start":	11.00105,
					"end":	12.000882,
					"seconds":	0.99983197450637817,
					"bytes":	16782327808,
					"bits_per_second":	134281185126.415,
					"omitted":	false,
					"sender":	true
				}],
			"sum":	{
				"start":	11.00105,
				"end":	12.000882,
				"seconds":	0.99983197450637817,
				"bytes":	16782327808,
				"bits_per_second":	134281185126.415,
				"omitted":	false,
				"sender":	true
			}
		}, {
			"streams":	[{
					"socket":	5,
					"start":	12.000882,
					"end":	13.002399,
					"seconds":	1.0015170574188232,
					"bytes":	16742481920,
					"bits_per_second":	133736968699.46355,
					"omitted":	false,
					"sender":	true
				}],
			"sum":	{
				"start":	12.000882,
				"end":	13.002399,
				"seconds":	1.0015170574188232,
				"bytes":	16742481920,
				"bits_per_second":	133736968699.46355,
				"omitted":	false,
				"sender":	true
			}
		}, {
			"streams":	[{
					"socket":	5,
					"start":	13.002399,
					"end":	14.005028,
					"seconds":	1.0026290416717529,
					"bytes":	16921001984,
					"bits_per_second":	135013060908.64027,
					"omitted":	false,
					"sender":	true
				}],
			"sum":	{
				"start":	13.002399,
				"end":	14.005028,
				"seconds":	1.0026290416717529,
				"bytes":	16921001984,
				"bits_per_second":	135013060908.64027,
				"omitted":	false,
				"sender":	true
			}
		}, {
			"streams":	[{
					"socket":	5,
					"start":	14.005028,
					"end":	15.005036,
					"seconds":	1.0000079870224,
					"bytes":	16996368384,
					"bits_per_second":	135969861077.67386,
					"omitted":	false,
					"sender":	true
				}],
			"sum":	{
				"start":	14.005028,
				"end":	15.005036,
				"seconds":	1.0000079870224,
				"bytes":	16996368384,
				"bits_per_second":	135969861077.67386,
				"omitted":	false,
				"sender":	true
			}
		}, {
			"streams":	[{
					"socket":	5,
					"start":	15.005036,
					"end":	16.001746,
					"seconds":	0.99671000242233276,
					"bytes":	16651649024,
					"bits_per_second":	133652909941.95721,