{
	"start":	{
		"connected":	[{
				"socket":	5,
				"local_host":	"127.0.0.1",
				"local_port":	49265,
				"remote_host":	"127.0.0.1",
				"remote_port":	5202
			}],
		"version":	"iperf 3.20",
		"system_info":	"Darwin PrateekVMs-Virtual-Machine.local 24.3.0 Darwin Kernel Version 24.3.0: Thu Jan  2 20:16:37 PST 2025; root:xnu-11215.81.4~3/RELEASE_ARM64_VMAPPLE arm64",
		"timestamp":	{
			"time":	"Sun, 22 Mar 2026 11:38:26 UTC",
			"timesecs":	1774179506,
			"timemillisecs":	1774179506316
		},
		"connecting_to":	{
			"host":	"127.0.0.1",
			"port":	5202
		},
		"cookie":	"lmz265f66xd45iifeyroqujigp45223p435d",
		"tcp_mss_default":	16332,
		"target_bitrate":	0,
		"fq_rate":	0,
		"sock_bufsize":	0,
		"sndbuf_actual":	131072,
		"rcvbuf_actual":	131072,
		"test_start":	{
			"protocol":	"TCP",
			"num_streams":	1,
			"blksize":	1,
			"omit":	0,
			"duration":	30,
			"bytes":	0,
			"blocks":	0,
			"reverse":	0,
			"tos":	0,
			"target_bitrate":	0,
			"bidir":	0,
			"fqrate":	0,
			"interval":	1
		}
	},
	"intervals":	[{
			"streams":	[{
					"socket":	5,
					"start":	0,
					"end":	1.01002,
					"seconds":	1.0100200176239014,
					"bytes":	2512682,
					"bits_per_second":	19902037.236142311,
					"omitted":	false,
					"sender":	true
				}],
			"sum":	{
				"start":	0,
				"end":	1.01002,
				"seconds":	1.0100200176239014,
				"bytes":	2512682,
				"bits_per_second":	19902037.236142311,
				"omitted":	false,
				"sender":	true
			}
		}, {
			"streams":	[{
					"socket":	5,
					"start":	1.01002,
					"end":	2.010019,
					"seconds":	0.99999898672103882,
					"bytes":	2496336,
					"bits_per_second":	19970708.2358985,
					"omitted":	false,
					"sender":	true
				}],
			"sum":	{
				"start":	1.01002,
				"end":	2.010019,
				"seconds":	0.99999898672103882,
				"bytes":	2496336,
				"bits_per_second":	19970708.2358985,
				"omitted":	false,
				"sender":	true
			}
		}, {
			"streams":	[{
					"socket":	5,
					"start":	2.010019,
					"end":	3.010021,
					"seconds":	1.0000020265579224,
					"bytes":	2500959,
					"bits_per_second":	20007631.453375969,
					"omitted":	false,
					"sender":	true
				}],
			"sum":	{
				"start":	2.010019,
				"end":	3.010021,
				"seconds":	1.0000020265579224,
				"bytes":	2500959,
				"bits_per_second":	20007631.453375969,
				"omitted":	false,
				"sender":	true
			}
		}, {
			"streams":	[{
					"socket":	5,
					"start":	3.010021,
					"end":	4.010016,
					"seconds":	0.999994993209839,
					"bytes":	2506572,
					"bits_per_second":	20052676.3995429,
					"omitted":	false,
					"sender":	true
				}],
			"sum":	{
				"start":	3.010021,
				"end":	4.010016,
				"seconds":	0.999994993209839,
				"bytes":	2506572,
				"bits_per_second":	20052676.3995429,
				"omitted":	false,
				"sender":	true
			}
		}, {
			"streams":	[{
					"socket":	5,
					"start":	4.010016,
					"end":	5.00746,
					"seconds":	0.997443974018097,
					"bytes":	2490511,
					"bits_per_second":	19975144.98958566,
					"omitted":	false,
					"sender":	true
				}],
			"sum":	{
				"start":	4.010016,
				"end":	5.00746,
				"seconds":	0.997443974018097,
				"bytes":	2490511,
				"bits_per_second":	19975144.98958566,
				"omitted":	false,
				"sender":	true
			}
		}, {
			"streams":	[{
					"socket":	5,
					"start":	5.00746,
					"end":	6.010025,
					"seconds":	1.0025650262832642,
					"bytes":	2507694,
					"bits_per_second":	20010225.24630918,
					"omitted":	false,
					"sender":	true
				}],
			"sum":	{
				"start":	5.00746,
				"end":	6.010025,
				"seconds":	1.0025650262832642,
				"bytes":	2507694,
				"bits_per_second":	20010225.24630918,
				"omitted":	false,
				"sender":	true
			}
		}, {
			"streams":	[{
					"socket":	5,
					"start":	6.010025,
					"end":	7.010016,
					"seconds":	0.999990999698639,
					"bytes":	2495506,
					"bits_per_second":	19964227.6840656,
					"omitted":	false,
					"sender":	true
				}],
			"sum":	{
				"start":	6.010025,
				"end":	7.010016,
				"seconds":	0.999990999698639,
				"bytes":	2495506,
				"bits_per_second":	19964227.6840656,
				"omitted":	false,
				"sender":	true
			}
		}, {
			"streams":	[{
					"socket":	5,
					"start":	7.010016,
					"end":	8.002008,
					"seconds":	0.99199199676513672,
					"bytes":	2476568,
					"bits_per_second":	19972483.7141915,
					"omitted":	false,
					"sender":	true
				}],
			"sum":	{
				"start":	7.010016,
				"end":	8.002008,
				"seconds":	0.99199199676513672,
				"bytes":	2476568,
				"bits_per_second":	19972483.7141915,
				"omitted":	false,
				"sender":	true
			}
		}, {
			"streams":	[{
					"socket":	5,
					"start":	8.002008,
					"end":	9.003161,
					"seconds":	1.0011529922485352,
					"bytes":	2491754,
					"bits_per_second":	19911074.685227927,
					"omitted":	false,
					"sender":	true
				}],
			"sum":	{
				"start":	8.002008,
				"end":	9.003161,
				"seconds":	1.0011529922485352,
				"bytes":	2491754,
				"bits_per_second":	19911074.685227927,
				"omitted":	false,
				"sender":	true
			}
		}, {
			"streams":	[{
					"socket":	5,
					"start":	9.003161,
					"end":	10.008871,
					"seconds":	1.0057100057601929,
					"bytes":	2508429,
					"bits_per_second":	19953497.414825354,
					"omitted":	false,
					"sender":	true
				}],
			"sum":	{
				"start":	9.003161,
				"end":	10.008871,
				"seconds":	1.0057100057601929,
				"bytes":	2508429,
				"bits_per_second":	19953497.414825354,
				"omitted":	false,
				"sender":	true
			}
		}, {
			"streams":	[{
					"socket":	5,
					"start":	10.008871,
					"end":	11.002019,
					"seconds":	0.99314802885055542,
					"bytes":	2462791,
					"bits_per_second":	19838259.1795535,
					"omitted":	false,
					"sender":	true
				}],
			"sum":	{
				"start":	10.008871,
				"end":	11.002019,
				"seconds":	0.99314802885055542,
				"bytes":	2462791,
				"bits_per_second":	19838259.1795535,
				"omitted":	false,
				"sender":	true
			}
		}, {
			"streams":	[{
					"socket":	5,
					"start":	11.002019,
					"end":	12.010039,
					"seconds":	1.0080200433731079,
					"bytes":	2501553,
					"bits_per_second":	19853200.47112656,
					"omitted":	false,
					"sender":	true
				}],
			"sum":	{
				"start":	11.002019,
				"end":	12.010039,
				"seconds":	1.0080200433731079,
				"bytes":	2501553,
				"bits_per_second":	19853200.47112656,
				"omitted":	false,
				"sender":	true
			}
		}, {
			"streams":	[{
					"socket":	5,
					"start":	12.010039,
					"end":	13.01002,
					"seconds":	0.99998098611831665,
					"bytes":	2501060,
					"bits_per_second":	20008860.446105141,
					"omitted":	false,
					"sender":	true
				}],
			"sum":	{
				"start":	12.010039,
				"end":	13.01002,
				"seconds":	0.99998098611831665,
				"bytes":	2501060,
				"bits_per_second":	20008860.446105141,
				"omitted":	false,
				"sender":	true
			}
		}, {
			"streams":	[{
					"socket":	5,
					"start":	13.01002,
					"end":	14.002017,
					"seconds":	0.991997003555298,
					"bytes":	2458860,
					"bits_per_second":	19829576.026439548,
					"omitted":	false,
					"sender":	true
				}],
			"sum":	{
				"start":	13.01002,
				"end":	14.002017,
				"seconds":	0.991997003555298,
				"bytes":	2458860,
				"bits_per_second":	19829576.026439548,
				"omitted":	false,
				"sender":	true
			}
		}, {
			"streams":	[{
					"socket":	5,
					"start":	14.002017,
					"end":	15.010031,
					"seconds":	1.0080139636993408,
					"bytes":	2510603,
					"bits_per_second":	19925144.614356432,
					"omitted":	false,
					"sender":	true
				}],
			"sum":	{
				"start":	14.002017,
				"end":	15.010031,
				"seconds":	1.0080139636993408,
				"bytes":	2510603,
				"bits_per_second":	19925144.614356432,
				"omitted":	false,
				"sender":	true
			}
		}, {
			"streams":	[{
					"socket":	5,
					"start":	15.010031,
					"end":	16.010021,
					"seconds":	0.99998998641967773,
					"bytes":	2485776,
					"bits_per_second":	19886407.134135161,
					"omitted":	false,
					"sender":	true
				}],
			"sum":	{
				"start":	15.010031,
				"end":	16.010021,
				"seconds":	0.99998998641967773,