{
	"start":	{
		"connected":	[{
				"socket":	5,
				"local_host":	"127.0.0.1",
				"local_port":	49169,
				"remote_host":	"127.0.0.1",
				"remote_port":	5202
			}],
		"version":	"iperf 3.20",
		"system_info":	"Darwin PrateekVMs-Virtual-Machine.local 24.3.0 Darwin Kernel Version 24.3.0: Thu Jan  2 20:16:37 PST 2025; root:xnu-11215.81.4~3/RELEASE_ARM64_VMAPPLE arm64",
		"timestamp":	{
			"time":	"Sun, 22 Mar 2026 11:20:35 UTC",
			"timesecs":	1774178435,
			"timemillisecs":	1774178435977
		},
		"connecting_to":	{
			"host":	"127.0.0.1",
			"port":	5202
		},
		"cookie":	"7bin3dgroms2mowqtxrqnzimobt5wdhytnbq",
		"tcp_mss_default":	16332,
		"target_bitrate":	0,
		"fq_rate":	0,
		"sock_bufsize":	0,
		"sndbuf_actual":	131072,
		"rcvbuf_actual":	131072,
		"test_start":	{
			"protocol":	"TCP",
			"num_streams":	1,
			"blksize":	131072,
			"omit":	0,
			"duration":	30,
			"bytes":	0,
			"blocks":	0,
			"reverse":	0,
			"tos":	0,
			"target_bitrate":	0,
			"bidir":	0,
			"fqrate":	0,
			"interval":	1
		}
	},
	"intervals":	[{
			"streams":	[{
					"socket":	5,
					"start":	0,
					"end":	1.005074,
					"seconds":	1.0050740242004395,
					"bytes":	16811950080,
					"bits_per_second":	133816611912.734,
					"omitted":	false,
					"sender":	true
				}],
			"sum":	{
				"start":	0,
				"end":	1.005074,
				"seconds":	1.0050740242004395,
				"bytes":	16811950080,
				"bits_per_second":	133816611912.734,
				"omitted":	false,
				"sender":	true
			}
		}, {
			"streams":	[{
					"socket":	5,
					"start":	1.005074,
					"end":	2.003423,
					"seconds":	0.99834901094436646,
					"bytes":	16682713088,
					"bits_per_second":	133682412904.63625,
					"omitted":	false,
					"sender":	true
				}],
			"sum":	{
				"start":	1.005074,
				"end":	2.003423,
				"seconds":	0.99834901094436646,
				"bytes":	16682713088,
				"bits_per_second":	133682412904.63625,
				"omitted":	false,
				"sender":	true
			}
		}, {
			"streams":	[{
					"socket":	5,
					"start":	2.003423,
					"end":	3.001009,
					"seconds":	0.99758601188659668,
					"bytes":	16965566464,
					"bits_per_second":	136052961944.92838,
					"omitted":	false,
					"sender":	true
				}],
			"sum":	{
				"start":	2.003423,
				"end":	3.001009,
				"seconds":	0.99758601188659668,
				"bytes":	16965566464,
				"bits_per_second":	136052961944.92838,
				"omitted":	false,
				"sender":	true
			}
		}, {
			"streams":	[{
					"socket":	5,
					"start":	3.001009,
					"end":	4.001008,
					"seconds":	0.99999898672103882,
					"bytes":	16882335744,
					"bits_per_second":	135058822804.26367,
					"omitted":	false,
					"sender":	true
				}],
			"sum":	{
				"start":	3.001009,
				"end":	4.001008,
				"seconds":	0.99999898672103882,
				"bytes":	16882335744,
				"bits_per_second":	135058822804.26367,
				"omitted":	false,
				"sender":	true
			}
		}, {
			"streams":	[{
					"socket":	5,
					"start":	4.001008,
					"end":	5.005072,
					"seconds":	1.0040639638900757,
					"bytes":	16934633472,
					"bits_per_second":	134928722320.75441,
					"omitted":	false,
					"sender":	true
				}],
			"sum":	{
				"start":	4.001008,
				"end":	5.005072,
				"seconds":	1.0040639638900757,
				"bytes":	16934633472,
				"bits_per_second":	134928722320.75441,
				"omitted":	false,
				"sender":	true
			}
		}, {
			"streams":	[{
					"socket":	5,
					"start":	5.005072,
					"end":	6.002483,
					"seconds":	0.997411012649536,
					"bytes":	16968843264,
					"bits_per_second":	136103115356.01544,
					"omitted":	false,
					"sender":	true
				}],
			"sum":	{
				"start":	5.005072,
				"end":	6.002483,
				"seconds":	0.997411012649536,
				"bytes":	16968843264,
				"bits_per_second":	136103115356.01544,
				"omitted":	false,
				"sender":	true
			}
		}, {
			"streams":	[{
					"socket":	5,
					"start":	6.002483,
					"end":	7.003953,
					"seconds":	1.0014699697494507,
					"bytes":	16879845376,
					"bits_per_second":	134840551476.33055,
					"omitted":	false,
					"sender":	true
				}],
			"sum":	{
				"start":	6.002483,
				"end":	7.003953,
				"seconds":	1.0014699697494507,
				"bytes":	16879845376,
				"bits_per_second":	134840551476.33055,
				"omitted":	false,
				"sender":	true
			}
		}, {
			"streams":	[{
					"socket":	5,
					"start":	7.003953,
					"end":	8.002158,
					"seconds":	0.998205006122589,
					"bytes":	17003970560,
					"bits_per_second":	136276379747.28209,
					"omitted":	false,
					"sender":	true
				}],
			"sum":	{
				"start":	7.003953,
				"end":	8.002158,
				"seconds":	0.998205006122589,
				"bytes":	17003970560,
				"bits_per_second":	136276379747.28209,
				"omitted":	false,
				"sender":	true
			}
		}, {
			"streams":	[{
					"socket":	5,
					"start":	8.002158,
					"end":	9.005153,
					"seconds":	1.0029950141906738,
					"bytes":	17014325248,
					"bits_per_second":	135708154136.57082,
					"omitted":	false,
					"sender":	true
				}],
			"sum":	{
				"start":	8.002158,
				"end":	9.005153,
				"seconds":	1.0029950141906738,
				"bytes":	17014325248,
				"bits_per_second":	135708154136.57082,
				"omitted":	false,
				"sender":	true
			}
		}, {
			"streams":	[{
					"socket":	5,
					"start":	9.005153,
					"end":	10.005113,
					"seconds":	0.99996000528335571,
					"bytes":	16763977728,
					"bits_per_second":	134117185802.84331,
					"omitted":	false,
					"sender":	true
				}],
			"sum":	{
				"start":	9.005153,
				"end":	10.005113,
				"seconds":	0.99996000528335571,
				"bytes":	16763977728,
				"bits_per_second":	134117185802.84331,
				"omitted":	false,
				"sender":	true
			}
		}, {
			"streams":	[{
					"socket":	5,
					"start":	10.005113,
					"end":	11.001025,
					"seconds":	0.99591201543808,
					"bytes":	16803692544,
					"bits_per_second":	134981341994.21964,
					"omitted":	false,
					"sender":	true
				}],
			"sum":	{
				"start":	10.005113,
				"end":	11.001025,
				"seconds":	0.99591201543808,
				"bytes":	16803692544,
				"bits_per_second":	134981341994.21964,
				"omitted":	false,
				"sender":	true
			}
		}, {
			"streams":	[{
					"socket":	5,
					"start":	11.001025,
					"end":	12.003352,
					"seconds":	1.0023269653320312,
					"bytes":	17011965952,
					"bits_per_second":	135779772791.92212,
					"omitted":	false,
					"sender":	true
				}],
			"sum":	{
				"start":	11.001025,
				"end":	12.003352,
				"seconds":	1.0023269653320312,
				"bytes":	17011965952,
				"bits_per_second":	135779772791.92212,
				"omitted":	false,
				"sender":	true
			}
		}, {
			"streams":	[{
					"socket":	5,
					"start":	12.003352,
					"end":	13.003829,
					"seconds":	1.0004769563674927,
					"bytes":	16940793856,
					"bits_per_second":	135461741507.8362,
					"omitted":	false,
					"sender":	true
				}],
			"sum":	{
				"start":	12.003352,
				"end":	13.003829,
				"seconds":	1.0004769563674927,
				"bytes":	16940793856,
				"bits_per_second":	135461741507.8362,
				"omitted":	false,
				"sender":	true
			}
		}, {
			"streams":	[{
					"socket":	5,
					"start":	13.003829,
					"end":	14.001095,
					"seconds":	0.99726599454879761,
					"bytes":	16878403584,
					"bits_per_second":	135397405917.85809,
					"omitted":	false,
					"sender":	true
				}],
			"sum":	{
				"start":	13.003829,
				"end":	14.001095,
				"seconds":	0.99726599454879761,
				"bytes":	16878403584,
				"bits_per_second":	135397405917.85809,
				"omitted":	false,
				"sender":	true
			}
		}, {
			"streams":	[{
					"socket":	5,
					"start":	14.001095,
					"end":	15.005075,
					"seconds":	1.0039800405502319,
					"bytes":	17055481856,
					"bits_per_second":	135902955573.91943,
					"omitted":	false,
					"sender":	true
				}],
			"sum":	{
				"start":	14.001095,
				"end":	15.005075,
				"seconds":	1.0039800405502319,
				"bytes":	17055481856,
				"bits_per_second":	135902955573.91943,
				"omitted":	false,
				"sender":	true
			}
		}, {
			"streams":	[{
					"socket":	5,
					"start":	15.005075,
					"end":	16.005172,
					"seconds":	1.0000970363616943,
					"bytes":	17051811840,