{
	"start":	{
		"connected":	[{
				"socket":	5,
				"local_host":	"127.0.0.1",
				"local_port":	49263,
				"remote_host":	"127.0.0.1",
				"remote_port":	5202
			}],
		"version":	"iperf 3.20",
		"system_info":	"Darwin PrateekVMs-Virtual-Machine.local 24.3.0 Darwin Kernel Version 24.3.0: Thu Jan  2 20:16:37 PST 2025; root:xnu-11215.81.4~3/RELEASE_ARM64_VMAPPLE arm64",
		"timestamp":	{
			"time":	"Sun, 22 Mar 2026 11:37:56 UTC",
			"timesecs":	1774179476,
			"timemillisecs":	1774179476301
		},
		"connecting_to":	{
			"host":	"127.0.0.1",
			"port":	5202
		},
		"cookie":	"3wakjruz3g7u2gryjdlkwr7bwp2vy2pte6iq",
		"tcp_mss_default":	16332,
		"target_bitrate":	0,
		"fq_rate":	0,
		"sock_bufsize":	0,
		"sndbuf_actual":	131072,
		"rcvbuf_actual":	131072,
		"test_start":	{
			"protocol":	"TCP",
			"num_streams":	1,
			"blksize":	1,
			"omit":	0,
			"duration":	30,
			"bytes":	0,
			"blocks":	0,
			"reverse":	0,
			"tos":	0,
			"target_bitrate":	0,
			"bidir":	0,
			"fqrate":	0,
			"interval":	1
		}
	},
	"intervals":	[{
			"streams":	[{
					"socket":	5,
					"start":	0,
					"end":	1.010022,
					"seconds":	1.0100220441818237,
					"bytes":	2530499,
					"bits_per_second":	20043118.976080175,
					"omitted":	false,
					"sender":	true
				}],
			"sum":	{
				"start":	0,
				"end":	1.010022,
				"seconds":	1.0100220441818237,
				"bytes":	2530499,
				"bits_per_second":	20043118.976080175,
				"omitted":	false,
				"sender":	true
			}
		}, {
			"streams":	[{
					"socket":	5,
					"start":	1.010022,
					"end":	2.007994,
					"seconds":	0.997972011566162,
					"bytes":	2499457,
					"bits_per_second":	20036289.363085367,
					"omitted":	false,
					"sender":	true
				}],
			"sum":	{
				"start":	1.010022,
				"end":	2.007994,
				"seconds":	0.997972011566162,
				"bytes":	2499457,
				"bits_per_second":	20036289.363085367,
				"omitted":	false,
				"sender":	true
			}
		}, {
			"streams":	[{
					"socket":	5,
					"start":	2.007994,
					"end":	3.002033,
					"seconds":	0.994038999080658,
					"bytes":	2475210,
					"bits_per_second":	19920425.67576693,
					"omitted":	false,
					"sender":	true
				}],
			"sum":	{
				"start":	2.007994,
				"end":	3.002033,
				"seconds":	0.994038999080658,
				"bytes":	2475210,
				"bits_per_second":	19920425.67576693,
				"omitted":	false,
				"sender":	true
			}
		}, {
			"streams":	[{
					"socket":	5,
					"start":	3.002033,
					"end":	4.010025,
					"seconds":	1.0079920291900635,
					"bytes":	2516544,
					"bits_per_second":	19972729.363918327,
					"omitted":	false,
					"sender":	true
				}],
			"sum":	{
				"start":	3.002033,
				"end":	4.010025,
				"seconds":	1.0079920291900635,
				"bytes":	2516544,
				"bits_per_second":	19972729.363918327,
				"omitted":	false,
				"sender":	true
			}
		}, {
			"streams":	[{
					"socket":	5,
					"start":	4.010025,
					"end":	5.010027,
					"seconds":	1.0000020265579224,
					"bytes":	2503950,
					"bits_per_second":	20031559.404884592,
					"omitted":	false,
					"sender":	true
				}],
			"sum":	{
				"start":	4.010025,
				"end":	5.010027,
				"seconds":	1.0000020265579224,
				"bytes":	2503950,
				"bits_per_second":	20031559.404884592,
				"omitted":	false,
				"sender":	true
			}
		}, {
			"streams":	[{
					"socket":	5,
					"start":	5.010027,
					"end":	6.010016,
					"seconds":	0.99998897314071655,
					"bytes":	2510434,
					"bits_per_second":	20083693.460061677,
					"omitted":	false,
					"sender":	true
				}],
			"sum":	{
				"start":	5.010027,
				"end":	6.010016,
				"seconds":	0.99998897314071655,
				"bytes":	2510434,
				"bits_per_second":	20083693.460061677,
				"omitted":	false,
				"sender":	true
			}
		}, {
			"streams":	[{
					"socket":	5,
					"start":	6.010016,
					"end":	7.008019,
					"seconds":	0.99800300598144531,
					"bytes":	2501718,
					"bits_per_second":	20053791.301278,
					"omitted":	false,
					"sender":	true
				}],
			"sum":	{
				"start":	6.010016,
				"end":	7.008019,
				"seconds":	0.99800300598144531,
				"bytes":	2501718,
				"bits_per_second":	20053791.301278,
				"omitted":	false,
				"sender":	true
			}
		}, {
			"streams":	[{
					"socket":	5,
					"start":	7.008019,
					"end":	8.01003,
					"seconds":	1.0020109415054321,
					"bytes":	2515669,
					"bits_per_second":	20084962.315644432,
					"omitted":	false,
					"sender":	true
				}],
			"sum":	{
				"start":	7.008019,
				"end":	8.01003,
				"seconds":	1.0020109415054321,
				"bytes":	2515669,
				"bits_per_second":	20084962.315644432,
				"omitted":	false,
				"sender":	true
			}
		}, {
			"streams":	[{
					"socket":	5,
					"start":	8.01003,
					"end":	9.005295,
					"seconds":	0.995265007019043,
					"bytes":	2488192,
					"bits_per_second":	20000236.98172595,
					"omitted":	false,
					"sender":	true
				}],
			"sum":	{
				"start":	8.01003,
				"end":	9.005295,
				"seconds":	0.995265007019043,
				"bytes":	2488192,
				"bits_per_second":	20000236.98172595,
				"omitted":	false,
				"sender":	true
			}
		}, {
			"streams":	[{
					"socket":	5,
					"start":	9.005295,
					"end":	10.008002,
					"seconds":	1.0027070045471191,
					"bytes":	2514599,
					"bits_per_second":	20062482.76792074,
					"omitted":	false,
					"sender":	true
				}],
			"sum":	{
				"start":	9.005295,
				"end":	10.008002,
				"seconds":	1.0027070045471191,
				"bytes":	2514599,
				"bits_per_second":	20062482.76792074,
				"omitted":	false,
				"sender":	true
			}
		}, {
			"streams":	[{
					"socket":	5,
					"start":	10.008002,
					"end":	11.008003,
					"seconds":	1.0000009536743164,
					"bytes":	2498385,
					"bits_per_second":	19987060.938853323,
					"omitted":	false,
					"sender":	true
				}],
			"sum":	{
				"start":	10.008002,
				"end":	11.008003,
				"seconds":	1.0000009536743164,
				"bytes":	2498385,
				"bits_per_second":	19987060.938853323,
				"omitted":	false,
				"sender":	true
			}
		}, {
			"streams":	[{
					"socket":	5,
					"start":	11.008003,
					"end":	12.010025,
					"seconds":	1.0020220279693604,
					"bytes":	2510871,
					"bits_per_second":	20046433.550674614,
					"omitted":	false,
					"sender":	true
				}],
			"sum":	{
				"start":	11.008003,
				"end":	12.010025,
				"seconds":	1.0020220279693604,
				"bytes":	2510871,
				"bits_per_second":	20046433.550674614,
				"omitted":	false,
				"sender":	true
			}
		}, {
			"streams":	[{
					"socket":	5,
					"start":	12.010025,
					"end":	13.008021,
					"seconds":	0.99799597263336182,
					"bytes":	2489413,
					"bits_per_second":	19955294.957203574,
					"omitted":	false,
					"sender":	true
				}],
			"sum":	{
				"start":	12.010025,
				"end":	13.008021,
				"seconds":	0.99799597263336182,
				"bytes":	2489413,
				"bits_per_second":	19955294.957203574,
				"omitted":	false,
				"sender":	true
			}
		}, {
			"streams":	[{
					"socket":	5,
					"start":	13.008021,
					"end":	14.002016,
					"seconds":	0.99399501085281372,
					"bytes":	2485159,
					"bits_per_second":	20001380.0702506,
					"omitted":	false,
					"sender":	true
				}],
			"sum":	{
				"start":	13.008021,
				"end":	14.002016,
				"seconds":	0.99399501085281372,
				"bytes":	2485159,
				"bits_per_second":	20001380.0702506,
				"omitted":	false,
				"sender":	true
			}
		}, {
			"streams":	[{
					"socket":	5,
					"start":	14.002016,
					"end":	15.008001,
					"seconds":	1.0059850215911865,
					"bytes":	2516006,
					"bits_per_second":	20008297.90503547,
					"omitted":	false,
					"sender":	true
				}],
			"sum":	{
				"start":	14.002016,
				"end":	15.008001,
				"seconds":	1.0059850215911865,
				"bytes":	2516006,
				"bits_per_second":	20008297.90503547,
				"omitted":	false,
				"sender":	true
			}
		}, {
			"streams":	[{
					"socket":	5,
					"start":	15.008001,
					"end":	16.008187,
					"seconds":	1.0001859664916992,
					"bytes":	2500759,
					"bits_per_second":	20002352.232729547,
					"omitted":	false,
					"sender":	true
				}],
			"sum":	{
				"start":	15.008001,
				"end":	16.008187,