{
	"start":	{
		"connected":	[{
				"socket":	5,
				"local_host":	"127.0.0.1",
				"local_port":	52544,
				"remote_host":	"127.0.0.1",
				"remote_port":	5202
			}],
		"version":	"iperf 3.20",
		"system_info":	"Darwin PrateekVMs-Virtual-Machine.local 24.3.0 Darwin Kernel Version 24.3.0: Thu Jan  2 20:16:37 PST 2025; root:xnu-11215.81.4~3/RELEASE_ARM64_VMAPPLE arm64",
		"timestamp":	{
			"time":	"Sun, 22 Mar 2026 11:29:08 UTC",
			"timesecs":	1774178948,
			"timemillisecs":	1774178948326
		},
		"connecting_to":	{
			"host":	"127.0.0.1",
			"port":	5202
		},
		"cookie":	"tjolwfmhboffua5bobasi6rmms42ceu4qp7u",
		"target_bitrate":	0,
		"fq_rate":	0,
		"sock_bufsize":	0,
		"sndbuf_actual":	9216,
		"rcvbuf_actual":	786896,
		"test_start":	{
			"protocol":	"UDP",
			"num_streams":	1,
			"blksize":	16332,
			"omit":	0,
			"duration":	30,
			"bytes":	0,
			"blocks":	0,
			"reverse":	0,
			"tos":	0,
			"target_bitrate":	0,
			"bidir":	0,
			"fqrate":	0,
			"interval":	1
		}
	},
	"intervals":	[{
			"streams":	[{
					"socket":	5,
					"start":	0,
					"end":	1.001036,
					"seconds":	1.0010360479354858,
					"bytes":	7485282240,
					"bits_per_second":	59820281241.119957,
					"packets":	458321,
					"omitted":	false,
					"sender":	true
				}],
			"sum":	{
				"start":	0,
				"end":	1.001036,
				"seconds":	1.0010360479354858,
				"bytes":	7485282240,
				"bits_per_second":	59820281241.119957,
				"packets":	458321,
				"omitted":	false,
				"sender":	true
			}
		}, {
			"streams":	[{
					"socket":	5,
					"start":	1.001036,
					"end":	2.005038,
					"seconds":	1.0040019750595093,
					"bytes":	8060674932,
					"bits_per_second":	64228359164.510422,
					"packets":	493553,
					"omitted":	false,
					"sender":	true
				}],
			"sum":	{
				"start":	1.001036,
				"end":	2.005038,
				"seconds":	1.0040019750595093,
				"bytes":	8060674932,
				"bits_per_second":	64228359164.510422,
				"packets":	493553,
				"omitted":	false,
				"sender":	true
			}
		}, {
			"streams":	[{
					"socket":	5,
					"start":	2.005038,
					"end":	3.001012,
					"seconds":	0.99597400426864624,
					"bytes":	8101112964,
					"bits_per_second":	65070878792.253052,
					"packets":	496034,
					"omitted":	false,
					"sender":	true
				}],
			"sum":	{
				"start":	2.005038,
				"end":	3.001012,
				"seconds":	0.99597400426864624,
				"bytes":	8101112964,
				"bits_per_second":	65070878792.253052,
				"packets":	496034,
				"omitted":	false,
				"sender":	true
			}
		}, {
			"streams":	[{
					"socket":	5,
					"start":	3.001012,
					"end":	4.005019,
					"seconds":	1.0040069818496704,
					"bytes":	8149651668,
					"bits_per_second":	64937011915.881233,
					"packets":	499000,
					"omitted":	false,
					"sender":	true
				}],
			"sum":	{
				"start":	3.001012,
				"end":	4.005019,
				"seconds":	1.0040069818496704,
				"bytes":	8149651668,
				"bits_per_second":	64937011915.881233,
				"packets":	499000,
				"omitted":	false,
				"sender":	true
			}
		}, {
			"streams":	[{
					"socket":	5,
					"start":	4.005019,
					"end":	5.001007,
					"seconds":	0.99598801136016846,
					"bytes":	8056689924,
					"bits_per_second":	64713147805.844788,
					"packets":	493308,
					"omitted":	false,
					"sender":	true
				}],
			"sum":	{
				"start":	4.005019,
				"end":	5.001007,
				"seconds":	0.99598801136016846,
				"bytes":	8056689924,
				"bits_per_second":	64713147805.844788,
				"packets":	493308,
				"omitted":	false,
				"sender":	true
			}
		}, {
			"streams":	[{
					"socket":	5,
					"start":	5.001007,
					"end":	6.005022,
					"seconds":	1.00401496887207,
					"bytes":	8169560376,
					"bits_per_second":	65095128094.975243,
					"packets":	500219,
					"omitted":	false,
					"sender":	true
				}],
			"sum":	{
				"start":	5.001007,
				"end":	6.005022,
				"seconds":	1.00401496887207,
				"bytes":	8169560376,
				"bits_per_second":	65095128094.975243,
				"packets":	500219,
				"omitted":	false,
				"sender":	true
			}
		}, {
			"streams":	[{
					"socket":	5,
					"start":	6.005022,
					"end":	7.005024,
					"seconds":	1.0000020265579224,
					"bytes":	8100998640,
					"bits_per_second":	64807857783.122375,
					"packets":	496026,
					"omitted":	false,
					"sender":	true
				}],
			"sum":	{
				"start":	6.005022,
				"end":	7.005024,
				"seconds":	1.0000020265579224,
				"bytes":	8100998640,
				"bits_per_second":	64807857783.122375,
				"packets":	496026,
				"omitted":	false,
				"sender":	true
			}
		}, {
			"streams":	[{
					"socket":	5,
					"start":	7.005024,
					"end":	8.005018,
					"seconds":	0.99999397993087769,
					"bytes":	8142743232,
					"bits_per_second":	65142338017.377655,
					"packets":	498577,
					"omitted":	false,
					"sender":	true
				}],
			"sum":	{
				"start":	7.005024,
				"end":	8.005018,
				"seconds":	0.99999397993087769,
				"bytes":	8142743232,
				"bits_per_second":	65142338017.377655,
				"packets":	498577,
				"omitted":	false,
				"sender":	true
			}
		}, {
			"streams":	[{
					"socket":	5,
					"start":	8.005018,
					"end":	9.001012,
					"seconds":	0.995993971824646,
					"bytes":	8076222996,
					"bits_per_second":	64869653628.159866,
					"packets":	494505,
					"omitted":	false,
					"sender":	true
				}],
			"sum":	{
				"start":	8.005018,
				"end":	9.001012,
				"seconds":	0.995993971824646,
				"bytes":	8076222996,
				"bits_per_second":	64869653628.159866,
				"packets":	494505,
				"omitted":	false,
				"sender":	true
			}
		}, {
			"streams":	[{
					"socket":	5,
					"start":	9.001012,
					"end":	10.005018,
					"seconds":	1.004006028175354,
					"bytes":	8147299860,
					"bits_per_second":	64918334204.0814,
					"packets":	498856,
					"omitted":	false,
					"sender":	true
				}],
			"sum":	{
				"start":	9.001012,
				"end":	10.005018,
				"seconds":	1.004006028175354,
				"bytes":	8147299860,
				"bits_per_second":	64918334204.0814,
				"packets":	498856,
				"omitted":	false,
				"sender":	true
			}
		}, {
			"streams":	[{
					"socket":	5,
					"start":	10.005018,
					"end":	11.005023,
					"seconds":	1.0000050067901611,
					"bytes":	8222182080,
					"bits_per_second":	65777127307.726166,
					"packets":	503440,
					"omitted":	false,
					"sender":	true
				}],
			"sum":	{
				"start":	10.005018,
				"end":	11.005023,
				"seconds":	1.0000050067901611,
				"bytes":	8222182080,
				"bits_per_second":	65777127307.726166,
				"packets":	503440,
				"omitted":	false,
				"sender":	true
			}
		}, {
			"streams":	[{
					"socket":	5,
					"start":	11.005023,
					"end":	12.005022,
					"seconds":	0.99999898672103882,
					"bytes":	8124663708,
					"bits_per_second":	64997375524.473152,
					"packets":	497470,
					"omitted":	false,
					"sender":	true
				}],
			"sum":	{
				"start":	11.005023,
				"end":	12.005022,
				"seconds":	0.99999898672103882,
				"bytes":	8124663708,
				"bits_per_second":	64997375524.473152,
				"packets":	497470,
				"omitted":	false,
				"sender":	true
			}
		}, {
			"streams":	[{
					"socket":	5,
					"start":	12.005022,
					"end":	13.005023,
					"seconds":	1.0000009536743164,
					"bytes":	8146956888,
					"bits_per_second":	65175592947.710953,
					"packets":	498835,
					"omitted":	false,
					"sender":	true
				}],
			"sum":	{
				"start":	12.005022,
				"end":	13.005023,
				"seconds":	1.0000009536743164,
				"bytes":	8146956888,
				"bits_per_second":	65175592947.710953,
				"packets":	498835,
				"omitted":	false,
				"sender":	true
			}
		}, {
			"streams":	[{
					"socket":	5,
					"start":	13.005023,
					"end":	14.005021,
					"seconds":	0.99999797344207764,
					"bytes":	8116857012,
					"bits_per_second":	64934987690.513741,
					"packets":	496991,
					"omitted":	false,
					"sender":	true
				}],
			"sum":	{
				"start":	13.005023,
				"end":	14.005021,
				"seconds":	0.99999797344207764,
				"bytes":	8116857012,
				"bits_per_second":	64934987690.513741,
				"packets":	496991,
				"omitted":	false,
				"sender":	true
			}
		}, {
			"streams":	[{
					"socket":	5,