{
	"start":	{
		"connected":	[{
				"socket":	5,
				"local_host":	"127.0.0.1",
				"local_port":	58409,
				"remote_host":	"127.0.0.1",
				"remote_port":	5202
			}],
		"version":	"iperf 3.20",
		"system_info":	"Darwin PrateekVMs-Virtual-Machine.local 24.3.0 Darwin Kernel Version 24.3.0: Thu Jan  2 20:16:37 PST 2025; root:xnu-11215.81.4~3/RELEASE_ARM64_VMAPPLE arm64",
		"timestamp":	{
			"time":	"Sun, 22 Mar 2026 11:29:38 UTC",
			"timesecs":	1774178978,
			"timemillisecs":	1774178978337
		},
		"connecting_to":	{
			"host":	"127.0.0.1",
			"port":	5202
		},
		"cookie":	"v7rsur5xbuvlpg3txziynkudtwzt7hms34qs",
		"target_bitrate":	0,
		"fq_rate":	0,
		"sock_bufsize":	0,
		"sndbuf_actual":	9216,
		"rcvbuf_actual":	786896,
		"test_start":	{
			"protocol":	"UDP",
			"num_streams":	1,
			"blksize":	16332,
			"omit":	0,
			"duration":	30,
			"bytes":	0,
			"blocks":	0,
			"reverse":	0,
			"tos":	0,
			"target_bitrate":	0,
			"bidir":	0,
			"fqrate":	0,
			"interval":	1
		}
	},
	"intervals":	[{
			"streams":	[{
					"socket":	5,
					"start":	0,
					"end":	1.005039,
					"seconds":	1.0050389766693115,
					"bytes":	6450470388,
					"bits_per_second":	51345036662.174362,
					"packets":	394960,
					"omitted":	false,
					"sender":	true
				}],
			"sum":	{
				"start":	0,
				"end":	1.005039,
				"seconds":	1.0050389766693115,
				"bytes":	6450470388,
				"bits_per_second":	51345036662.174362,
				"packets":	394960,
				"omitted":	false,
				"sender":	true
			}
		}, {
			"streams":	[{
					"socket":	5,
					"start":	1.005039,
					"end":	2.002107,
					"seconds":	0.99706798791885376,
					"bytes":	6857071860,
					"bits_per_second":	55017887992.2725,
					"packets":	419861,
					"omitted":	false,
					"sender":	true
				}],
			"sum":	{
				"start":	1.005039,
				"end":	2.002107,
				"seconds":	0.99706798791885376,
				"bytes":	6857071860,
				"bits_per_second":	55017887992.2725,
				"packets":	419861,
				"omitted":	false,
				"sender":	true
			}
		}, {
			"streams":	[{
					"socket":	5,
					"start":	2.002107,
					"end":	3.006019,
					"seconds":	1.0039119720458984,
					"bytes":	7282634784,
					"bits_per_second":	58034050687.9983,
					"packets":	445914,
					"omitted":	false,
					"sender":	true
				}],
			"sum":	{
				"start":	2.002107,
				"end":	3.006019,
				"seconds":	1.0039119720458984,
				"bytes":	7282634784,
				"bits_per_second":	58034050687.9983,
				"packets":	445914,
				"omitted":	false,
				"sender":	true
			}
		}, {
			"streams":	[{
					"socket":	5,
					"start":	3.006019,
					"end":	4.005023,
					"seconds":	0.99900400638580322,
					"bytes":	7364556096,
					"bits_per_second":	58975187678.323669,
					"packets":	450929,
					"omitted":	false,
					"sender":	true
				}],
			"sum":	{
				"start":	3.006019,
				"end":	4.005023,
				"seconds":	0.99900400638580322,
				"bytes":	7364556096,
				"bits_per_second":	58975187678.323669,
				"packets":	450929,
				"omitted":	false,
				"sender":	true
			}
		}, {
			"streams":	[{
					"socket":	5,
					"start":	4.005023,
					"end":	5.005028,
					"seconds":	1.0000050067901611,
					"bytes":	7427907924,
					"bits_per_second":	59422965873.679115,
					"packets":	454808,
					"omitted":	false,
					"sender":	true
				}],
			"sum":	{
				"start":	4.005023,
				"end":	5.005028,
				"seconds":	1.0000050067901611,
				"bytes":	7427907924,
				"bits_per_second":	59422965873.679115,
				"packets":	454808,
				"omitted":	false,
				"sender":	true
			}
		}, {
			"streams":	[{
					"socket":	5,
					"start":	5.005028,
					"end":	6.005529,
					"seconds":	1.0005010366439819,
					"bytes":	7380790104,
					"bits_per_second":	59016751277.001457,
					"packets":	451924,
					"omitted":	false,
					"sender":	true
				}],
			"sum":	{
				"start":	5.005028,
				"end":	6.005529,
				"seconds":	1.0005010366439819,
				"bytes":	7380790104,
				"bits_per_second":	59016751277.001457,
				"packets":	451924,
				"omitted":	false,
				"sender":	true
			}
		}, {
			"streams":	[{
					"socket":	5,
					"start":	6.005529,
					"end":	7.001015,
					"seconds":	0.99548602104187,
					"bytes":	7262383104,
					"bits_per_second":	58362511983.035027,
					"packets":	444673,
					"omitted":	false,
					"sender":	true
				}],
			"sum":	{
				"start":	6.005529,
				"end":	7.001015,
				"seconds":	0.99548602104187,
				"bytes":	7262383104,
				"bits_per_second":	58362511983.035027,
				"packets":	444673,
				"omitted":	false,
				"sender":	true
			}
		}, {
			"streams":	[{
					"socket":	5,
					"start":	7.001015,
					"end":	8.005032,
					"seconds":	1.0040169954299927,
					"bytes":	7408652496,
					"bits_per_second":	59032088338.91964,
					"packets":	453638,
					"omitted":	false,
					"sender":	true
				}],
			"sum":	{
				"start":	7.001015,
				"end":	8.005032,
				"seconds":	1.0040169954299927,
				"bytes":	7408652496,
				"bits_per_second":	59032088338.91964,
				"packets":	453638,
				"omitted":	false,
				"sender":	true
			}
		}, {
			"streams":	[{
					"socket":	5,
					"start":	8.005032,
					"end":	9.005021,
					"seconds":	0.99998897314071655,
					"bytes":	7373849004,
					"bits_per_second":	58991442522.335625,
					"packets":	451498,
					"omitted":	false,
					"sender":	true
				}],
			"sum":	{
				"start":	8.005032,
				"end":	9.005021,
				"seconds":	0.99998897314071655,
				"bytes":	7373849004,
				"bits_per_second":	58991442522.335625,
				"packets":	451498,
				"omitted":	false,
				"sender":	true
			}
		}, {
			"streams":	[{
					"socket":	5,
					"start":	9.005021,
					"end":	10.004296,
					"seconds":	0.999275028705597,
					"bytes":	7436188248,
					"bits_per_second":	59532665457.536018,
					"packets":	455315,
					"omitted":	false,
					"sender":	true
				}],
			"sum":	{
				"start":	9.005021,
				"end":	10.004296,
				"seconds":	0.999275028705597,
				"bytes":	7436188248,
				"bits_per_second":	59532665457.536018,
				"packets":	455315,
				"omitted":	false,
				"sender":	true
			}
		}, {
			"streams":	[{
					"socket":	5,
					"start":	10.004296,
					"end":	11.005027,
					"seconds":	1.0007309913635254,
					"bytes":	7327792764,
					"bits_per_second":	58579520988.078262,
					"packets":	448678,
					"omitted":	false,
					"sender":	true
				}],
			"sum":	{
				"start":	10.004296,
				"end":	11.005027,
				"seconds":	1.0007309913635254,
				"bytes":	7327792764,
				"bits_per_second":	58579520988.078262,
				"packets":	448678,
				"omitted":	false,
				"sender":	true
			}
		}, {
			"streams":	[{
					"socket":	5,
					"start":	11.005027,
					"end":	12.005019,
					"seconds":	0.9999920129776,
					"bytes":	7404210192,
					"bits_per_second":	59234154640.519951,
					"packets":	453356,
					"omitted":	false,
					"sender":	true
				}],
			"sum":	{
				"start":	11.005027,
				"end":	12.005019,
				"seconds":	0.9999920129776,
				"bytes":	7404210192,
				"bits_per_second":	59234154640.519951,
				"packets":	453356,
				"omitted":	false,
				"sender":	true
			}
		}, {
			"streams":	[{
					"socket":	5,
					"start":	12.005019,
					"end":	13.001289,
					"seconds":	0.99627000093460083,
					"bytes":	7330569204,
					"bits_per_second":	58864116732.3974,
					"packets":	448848,
					"omitted":	false,
					"sender":	true
				}],
			"sum":	{
				"start":	12.005019,
				"end":	13.001289,
				"seconds":	0.99627000093460083,
				"bytes":	7330569204,
				"bits_per_second":	58864116732.3974,
				"packets":	448848,
				"omitted":	false,
				"sender":	true
			}
		}, {
			"streams":	[{
					"socket":	5,
					"start":	13.001289,
					"end":	14.001017,
					"seconds":	0.99972802400589,
					"bytes":	7413748080,
					"bits_per_second":	59326119920.442055,
					"packets":	453941,
					"omitted":	false,
					"sender":	true
				}],
			"sum":	{
				"start":	13.001289,
				"end":	14.001017,
				"seconds":	0.99972802400589,
				"bytes":	7413748080,
				"bits_per_second":	59326119920.442055,
				"packets":	453941,
				"omitted":	false,
				"sender":	true
			}
		}, {
			"streams":	[{
					"socket":	5,