{
	"start":	{
		"connected":	[{
				"socket":	5,
				"local_host":	"127.0.0.1",
				"local_port":	49165,
				"remote_host":	"127.0.0.1",
				"remote_port":	5202
			}],
		"version":	"iperf 3.20",
		"system_info":	"Darwin PrateekVMs-Virtual-Machine.local 24.3.0 Darwin Kernel Version 24.3.0: Thu Jan  2 20:16:37 PST 2025; root:xnu-11215.81.4~3/RELEASE_ARM64_VMAPPLE arm64",
		"timestamp":	{
			"time":	"Sun, 22 Mar 2026 11:19:35 UTC",
			"timesecs":	1774178375,
			"timemillisecs":	1774178375966
		},
		"connecting_to":	{
			"host":	"127.0.0.1",
			"port":	5202
		},
		"cookie":	"2xmzz2agxunhembba2i7piebacyliezeedkz",
		"tcp_mss_default":	16332,
		"target_bitrate":	0,
		"fq_rate":	0,
		"sock_bufsize":	0,
		"sndbuf_actual":	131072,
		"rcvbuf_actual":	131072,
		"test_start":	{
			"protocol":	"TCP",
			"num_streams":	1,
			"blksize":	131072,
			"omit":	0,
			"duration":	30,
			"bytes":	0,
			"blocks":	0,
			"reverse":	0,
			"tos":	0,
			"target_bitrate":	0,
			"bidir":	0,
			"fqrate":	0,
			"interval":	1
		}
	},
	"intervals":	[{
			"streams":	[{
					"socket":	5,
					"start":	0,
					"end":	1.001575,
					"seconds":	1.0015749931335449,
					"bytes":	16200630272,
					"bits_per_second":	129401236117.64249,
					"omitted":	false,
					"sender":	true
				}],
			"sum":	{
				"start":	0,
				"end":	1.001575,
				"seconds":	1.0015749931335449,
				"bytes":	16200630272,
				"bits_per_second":	129401236117.64249,
				"omitted":	false,
				"sender":	true
			}
		}, {
			"streams":	[{
					"socket":	5,
					"start":	1.001575,
					"end":	2.005031,
					"seconds":	1.0034559965133667,
					"bytes":	16801464320,
					"bits_per_second":	133948788015.64822,
					"omitted":	false,
					"sender":	true
				}],
			"sum":	{
				"start":	1.001575,
				"end":	2.005031,
				"seconds":	1.0034559965133667,
				"bytes":	16801464320,
				"bits_per_second":	133948788015.64822,
				"omitted":	false,
				"sender":	true
			}
		}, {
			"streams":	[{
					"socket":	5,
					"start":	2.005031,
					"end":	3.001019,
					"seconds":	0.99598801136016846,
					"bytes":	16792551424,
					"bits_per_second":	134881554657.00673,
					"omitted":	false,
					"sender":	true
				}],
			"sum":	{
				"start":	2.005031,
				"end":	3.001019,
				"seconds":	0.99598801136016846,
				"bytes":	16792551424,
				"bits_per_second":	134881554657.00673,
				"omitted":	false,
				"sender":	true
			}
		}, {
			"streams":	[{
					"socket":	5,
					"start":	3.001019,
					"end":	4.00219,
					"seconds":	1.0011709928512573,
					"bytes":	16633036800,
					"bits_per_second":	132908659310.0777,
					"omitted":	false,
					"sender":	true
				}],
			"sum":	{
				"start":	3.001019,
				"end":	4.00219,
				"seconds":	1.0011709928512573,
				"bytes":	16633036800,
				"bits_per_second":	132908659310.0777,
				"omitted":	false,
				"sender":	true
			}
		}, {
			"streams":	[{
					"socket":	5,
					"start":	4.00219,
					"end":	5.001007,
					"seconds":	0.99881702661514282,
					"bytes":	16995844096,
					"bits_per_second":	136127788318.52028,
					"omitted":	false,
					"sender":	true
				}],
			"sum":	{
				"start":	4.00219,
				"end":	5.001007,
				"seconds":	0.99881702661514282,
				"bytes":	16995844096,
				"bits_per_second":	136127788318.52028,
				"omitted":	false,
				"sender":	true
			}
		}, {
			"streams":	[{
					"socket":	5,
					"start":	5.001007,
					"end":	6.005046,
					"seconds":	1.0040390491485596,
					"bytes":	17068720128,
					"bits_per_second":	136000448528.16858,
					"omitted":	false,
					"sender":	true
				}],
			"sum":	{
				"start":	5.001007,
				"end":	6.005046,
				"seconds":	1.0040390491485596,
				"bytes":	17068720128,
				"bits_per_second":	136000448528.16858,
				"omitted":	false,
				"sender":	true
			}
		}, {
			"streams":	[{
					"socket":	5,
					"start":	6.005046,
					"end":	7.001008,
					"seconds":	0.99596202373504639,
					"bytes":	16915496960,
					"bits_per_second":	135872626119.32675,
					"omitted":	false,
					"sender":	true
				}],
			"sum":	{
				"start":	6.005046,
				"end":	7.001008,
				"seconds":	0.99596202373504639,
				"bytes":	16915496960,
				"bits_per_second":	135872626119.32675,
				"omitted":	false,
				"sender":	true
			}
		}, {
			"streams":	[{
					"socket":	5,
					"start":	7.001008,
					"end":	8.005021,
					"seconds":	1.0040129423141479,
					"bytes":	17084055552,
					"bits_per_second":	136126177916.57535,
					"omitted":	false,
					"sender":	true
				}],
			"sum":	{
				"start":	7.001008,
				"end":	8.005021,
				"seconds":	1.0040129423141479,
				"bytes":	17084055552,
				"bits_per_second":	136126177916.57535,
				"omitted":	false,
				"sender":	true
			}
		}, {
			"streams":	[{
					"socket":	5,
					"start":	8.005021,
					"end":	9.002299,
					"seconds":	0.99727797508239746,
					"bytes":	14722662400,
					"bits_per_second":	118102777904.29356,
					"omitted":	false,
					"sender":	true
				}],
			"sum":	{
				"start":	8.005021,
				"end":	9.002299,
				"seconds":	0.99727797508239746,
				"bytes":	14722662400,
				"bits_per_second":	118102777904.29356,
				"omitted":	false,
				"sender":	true
			}
		}, {
			"streams":	[{
					"socket":	5,
					"start":	9.002299,
					"end":	10.005022,
					"seconds":	1.0027229785919189,
					"bytes":	16142041088,
					"bits_per_second":	128785648141.16521,
					"omitted":	false,
					"sender":	true
				}],
			"sum":	{
				"start":	9.002299,
				"end":	10.005022,
				"seconds":	1.0027229785919189,
				"bytes":	16142041088,
				"bits_per_second":	128785648141.16521,
				"omitted":	false,
				"sender":	true
			}
		}, {
			"streams":	[{
					"socket":	5,
					"start":	10.005022,
					"end":	11.005027,
					"seconds":	1.0000050067901611,
					"bytes":	16835543040,
					"bits_per_second":	134683669987.12624,
					"omitted":	false,
					"sender":	true
				}],
			"sum":	{
				"start":	10.005022,
				"end":	11.005027,
				"seconds":	1.0000050067901611,
				"bytes":	16835543040,
				"bits_per_second":	134683669987.12624,
				"omitted":	false,
				"sender":	true
			}
		}, {
			"streams":	[{
					"socket":	5,
					"start":	11.005027,
					"end":	12.005024,
					"seconds":	0.99999701976776123,
					"bytes":	16769351680,
					"bits_per_second":	134155213253.69154,
					"omitted":	false,
					"sender":	true
				}],
			"sum":	{
				"start":	11.005027,
				"end":	12.005024,
				"seconds":	0.99999701976776123,
				"bytes":	16769351680,
				"bits_per_second":	134155213253.69154,
				"omitted":	false,
				"sender":	true
			}
		}, {
			"streams":	[{
					"socket":	5,
					"start":	12.005024,
					"end":	13.005026,
					"seconds":	1.0000020265579224,
					"bytes":	16895049728,
					"bits_per_second":	135160123914.1801,
					"omitted":	false,
					"sender":	true
				}],
			"sum":	{
				"start":	12.005024,
				"end":	13.005026,
				"seconds":	1.0000020265579224,
				"bytes":	16895049728,
				"bits_per_second":	135160123914.1801,
				"omitted":	false,
				"sender":	true
			}
		}, {
			"streams":	[{
					"socket":	5,
					"start":	13.005026,
					"end":	14.00101,
					"seconds":	0.99598401784896851,
					"bytes":	16745496576,
					"bits_per_second":	134504138828.77623,
					"omitted":	false,
					"sender":	true
				}],
			"sum":	{
				"start":	13.005026,
				"end":	14.00101,
				"seconds":	0.99598401784896851,
				"bytes":	16745496576,
				"bits_per_second":	134504138828.77623,
				"omitted":	false,
				"sender":	true
			}
		}, {
			"streams":	[{
					"socket":	5,
					"start":	14.00101,
					"end":	15.005022,
					"seconds":	1.0040119886398315,
					"bytes":	16960716800,
					"bits_per_second":	135143540052.5625,
					"omitted":	false,
					"sender":	true
				}],
			"sum":	{
				"start":	14.00101,
				"end":	15.005022,
				"seconds":	1.0040119886398315,
				"bytes":	16960716800,
				"bits_per_second":	135143540052.5625,
				"omitted":	false,
				"sender":	true
			}
		}, {
			"streams":	[{
					"socket":	5,
					"start":	15.005022,
					"end":	16.003551,
					"seconds":	0.998529016971588,
					"bytes":	16771579904,