{
	"start":	{
		"connected":	[{
				"socket":	5,
				"local_host":	"127.0.0.1",
				"local_port":	49268,
				"remote_host":	"127.0.0.1",
				"remote_port":	5202
			}],
		"version":	"iperf 3.20",
		"system_info":	"Darwin PrateekVMs-Virtual-Machine.local 24.3.0 Darwin Kernel Version 24.3.0: Thu Jan  2 20:16:37 PST 2025; root:xnu-11215.81.4~3/RELEASE_ARM64_VMAPPLE arm64",
		"timestamp":	{
			"time":	"Sun, 22 Mar 2026 11:38:56 UTC",
			"timesecs":	1774179536,
			"timemillisecs":	1774179536326
		},
		"connecting_to":	{
			"host":	"127.0.0.1",
			"port":	5202
		},
		"cookie":	"ggqsqbjspmet3tox3ebeip6x6cqmda6ns4rf",
		"tcp_mss_default":	16332,
		"target_bitrate":	0,
		"fq_rate":	0,
		"sock_bufsize":	0,
		"sndbuf_actual":	131072,
		"rcvbuf_actual":	131072,
		"test_start":	{
			"protocol":	"TCP",
			"num_streams":	1,
			"blksize":	1,
			"omit":	0,
			"duration":	30,
			"bytes":	0,
			"blocks":	0,
			"reverse":	0,
			"tos":	0,
			"target_bitrate":	0,
			"bidir":	0,
			"fqrate":	0,
			"interval":	1
		}
	},
	"intervals":	[{
			"streams":	[{
					"socket":	5,
					"start":	0,
					"end":	1.010029,
					"seconds":	1.0100289583206177,
					"bytes":	2531861,
					"bits_per_second":	20053769.580703851,
					"omitted":	false,
					"sender":	true
				}],
			"sum":	{
				"start":	0,
				"end":	1.010029,
				"seconds":	1.0100289583206177,
				"bytes":	2531861,
				"bits_per_second":	20053769.580703851,
				"omitted":	false,
				"sender":	true
			}
		}, {
			"streams":	[{
					"socket":	5,
					"start":	1.010029,
					"end":	2.010022,
					"seconds":	0.99999302625656128,
					"bytes":	2501744,
					"bits_per_second":	20014091.57313979,
					"omitted":	false,
					"sender":	true
				}],
			"sum":	{
				"start":	1.010029,
				"end":	2.010022,
				"seconds":	0.99999302625656128,
				"bytes":	2501744,
				"bits_per_second":	20014091.57313979,
				"omitted":	false,
				"sender":	true
			}
		}, {
			"streams":	[{
					"socket":	5,
					"start":	2.010022,
					"end":	3.010021,
					"seconds":	0.99999898672103882,
					"bytes":	2512382,
					"bits_per_second":	20099076.365971223,
					"omitted":	false,
					"sender":	true
				}],
			"sum":	{
				"start":	2.010022,
				"end":	3.010021,
				"seconds":	0.99999898672103882,
				"bytes":	2512382,
				"bits_per_second":	20099076.365971223,
				"omitted":	false,
				"sender":	true
			}
		}, {
			"streams":	[{
					"socket":	5,
					"start":	3.010021,
					"end":	4.010219,
					"seconds":	1.0001980066299438,
					"bytes":	2505235,
					"bits_per_second":	20037912.360502388,
					"omitted":	false,
					"sender":	true
				}],
			"sum":	{
				"start":	3.010021,
				"end":	4.010219,
				"seconds":	1.0001980066299438,
				"bytes":	2505235,
				"bits_per_second":	20037912.360502388,
				"omitted":	false,
				"sender":	true
			}
		}, {
			"streams":	[{
					"socket":	5,
					"start":	4.010219,
					"end":	5.007997,
					"seconds":	0.99777799844741821,
					"bytes":	2499378,
					"bits_per_second":	20039551.915469214,
					"omitted":	false,
					"sender":	true
				}],
			"sum":	{
				"start":	4.010219,
				"end":	5.007997,
				"seconds":	0.99777799844741821,
				"bytes":	2499378,
				"bits_per_second":	20039551.915469214,
				"omitted":	false,
				"sender":	true
			}
		}, {
			"streams":	[{
					"socket":	5,
					"start":	5.007997,
					"end":	6.002015,
					"seconds":	0.994018018245697,
					"bytes":	2478839,
					"bits_per_second":	19950052.852158993,
					"omitted":	false,
					"sender":	true
				}],
			"sum":	{
				"start":	5.007997,
				"end":	6.002015,
				"seconds":	0.994018018245697,
				"bytes":	2478839,
				"bits_per_second":	19950052.852158993,
				"omitted":	false,
				"sender":	true
			}
		}, {
			"streams":	[{
					"socket":	5,
					"start":	6.002015,
					"end":	7.010026,
					"seconds":	1.0080109834671021,
					"bytes":	2521471,
					"bits_per_second":	20011456.552406043,
					"omitted":	false,
					"sender":	true
				}],
			"sum":	{
				"start":	6.002015,
				"end":	7.010026,
				"seconds":	1.0080109834671021,
				"bytes":	2521471,
				"bits_per_second":	20011456.552406043,
				"omitted":	false,
				"sender":	true
			}
		}, {
			"streams":	[{
					"socket":	5,
					"start":	7.010026,
					"end":	8.004166,
					"seconds":	0.99414002895355225,
					"bytes":	2496240,
					"bits_per_second":	20087632.947463807,
					"omitted":	false,
					"sender":	true
				}],
			"sum":	{
				"start":	7.010026,
				"end":	8.004166,
				"seconds":	0.99414002895355225,
				"bytes":	2496240,
				"bits_per_second":	20087632.947463807,
				"omitted":	false,
				"sender":	true
			}
		}, {
			"streams":	[{
					"socket":	5,
					"start":	8.004166,
					"end":	9.016625,
					"seconds":	1.0124590396881104,
					"bytes":	2534385,
					"bits_per_second":	20025580.497800454,
					"omitted":	false,
					"sender":	true
				}],
			"sum":	{
				"start":	8.004166,
				"end":	9.016625,
				"seconds":	1.0124590396881104,
				"bytes":	2534385,
				"bits_per_second":	20025580.497800454,
				"omitted":	false,
				"sender":	true
			}
		}, {
			"streams":	[{
					"socket":	5,
					"start":	9.016625,
					"end":	10.010971,
					"seconds":	0.994346022605896,
					"bytes":	2479195,
					"bits_per_second":	19946336.133594543,
					"omitted":	false,
					"sender":	true
				}],
			"sum":	{
				"start":	9.016625,
				"end":	10.010971,
				"seconds":	0.994346022605896,
				"bytes":	2479195,
				"bits_per_second":	19946336.133594543,
				"omitted":	false,
				"sender":	true
			}
		}, {
			"streams":	[{
					"socket":	5,
					"start":	10.010971,
					"end":	11.016624,
					"seconds":	1.0056530237197876,
					"bytes":	2509089,
					"bits_per_second":	19959878.334331948,
					"omitted":	false,
					"sender":	true
				}],
			"sum":	{
				"start":	10.010971,
				"end":	11.016624,
				"seconds":	1.0056530237197876,
				"bytes":	2509089,
				"bits_per_second":	19959878.334331948,
				"omitted":	false,
				"sender":	true
			}
		}, {
			"streams":	[{
					"socket":	5,
					"start":	11.016624,
					"end":	12.019458,
					"seconds":	1.0028339624404907,
					"bytes":	2508798,
					"bits_per_second":	20013666.022196569,
					"omitted":	false,
					"sender":	true
				}],
			"sum":	{
				"start":	11.016624,
				"end":	12.019458,
				"seconds":	1.0028339624404907,
				"bytes":	2508798,
				"bits_per_second":	20013666.022196569,
				"omitted":	false,
				"sender":	true
			}
		}, {
			"streams":	[{
					"socket":	5,
					"start":	12.019458,
					"end":	13.011249,
					"seconds":	0.991791009902954,
					"bytes":	2471022,
					"bits_per_second":	19931795.915284913,
					"omitted":	false,
					"sender":	true
				}],
			"sum":	{
				"start":	12.019458,
				"end":	13.011249,
				"seconds":	0.991791009902954,
				"bytes":	2471022,
				"bits_per_second":	19931795.915284913,
				"omitted":	false,
				"sender":	true
			}
		}, {
			"streams":	[{
					"socket":	5,
					"start":	13.011249,
					"end":	14.016999,
					"seconds":	1.0057499408721924,
					"bytes":	2513805,
					"bits_per_second":	19995467.245625794,
					"omitted":	false,
					"sender":	true
				}],
			"sum":	{
				"start":	13.011249,
				"end":	14.016999,
				"seconds":	1.0057499408721924,
				"bytes":	2513805,
				"bits_per_second":	19995467.245625794,
				"omitted":	false,
				"sender":	true
			}
		}, {
			"streams":	[{
					"socket":	5,
					"start":	14.016999,
					"end":	15.012901,
					"seconds":	0.99590200185775757,
					"bytes":	2491871,
					"bits_per_second":	20016997.619056161,
					"omitted":	false,
					"sender":	true
				}],
			"sum":	{
				"start":	14.016999,
				"end":	15.012901,
				"seconds":	0.99590200185775757,
				"bytes":	2491871,
				"bits_per_second":	20016997.619056161,
				"omitted":	false,
				"sender":	true
			}
		}, {
			"streams":	[{
					"socket":	5,
					"start":	15.012901,
					"end":	16.014023,
					"seconds":	1.001121997833252,
					"bytes":	2520230,
					"bits_per_second":	20139243.812079515,
					"omitted":	false,
					"sender":	true
				}],
			"sum":	{
				"start":	15.012901,
				"end":	16.014023,