{
	"start":	{
		"connected":	[{
				"socket":	5,
				"local_host":	"127.0.0.1",
				"local_port":	49167,
				"remote_host":	"127.0.0.1",
				"remote_port":	5202
			}],
		"version":	"iperf 3.20",
		"system_info":	"Darwin PrateekVMs-Virtual-Machine.local 24.3.0 Darwin Kernel Version 24.3.0: Thu Jan  2 20:16:37 PST 2025; root:xnu-11215.81.4~3/RELEASE_ARM64_VMAPPLE arm64",
		"timestamp":	{
			"time":	"Sun, 22 Mar 2026 11:20:05 UTC",
			"timesecs":	1774178405,
			"timemillisecs":	1774178405971
		},
		"connecting_to":	{
			"host":	"127.0.0.1",
			"port":	5202
		},
		"cookie":	"kcxgpfvfsues7lshvqguz44gzducikxaxp2i",
		"tcp_mss_default":	16332,
		"target_bitrate":	0,
		"fq_rate":	0,
		"sock_bufsize":	0,
		"sndbuf_actual":	131072,
		"rcvbuf_actual":	131072,
		"test_start":	{
			"protocol":	"TCP",
			"num_streams":	1,
			"blksize":	131072,
			"omit":	0,
			"duration":	30,
			"bytes":	0,
			"blocks":	0,
			"reverse":	0,
			"tos":	0,
			"target_bitrate":	0,
			"bidir":	0,
			"fqrate":	0,
			"interval":	1
		}
	},
	"intervals":	[{
			"streams":	[{
					"socket":	5,
					"start":	0,
					"end":	1.000857,
					"seconds":	1.0008569955825806,
					"bytes":	15811608576,
					"bits_per_second":	126384557600.43004,
					"omitted":	false,
					"sender":	true
				}],
			"sum":	{
				"start":	0,
				"end":	1.000857,
				"seconds":	1.0008569955825806,
				"bytes":	15811608576,
				"bits_per_second":	126384557600.43004,
				"omitted":	false,
				"sender":	true
			}
		}, {
			"streams":	[{
					"socket":	5,
					"start":	1.000857,
					"end":	2.001004,
					"seconds":	1.0001469850540161,
					"bytes":	16710107136,
					"bits_per_second":	133661210887.69781,
					"omitted":	false,
					"sender":	true
				}],
			"sum":	{
				"start":	1.000857,
				"end":	2.001004,
				"seconds":	1.0001469850540161,
				"bytes":	16710107136,
				"bits_per_second":	133661210887.69781,
				"omitted":	false,
				"sender":	true
			}
		}, {
			"streams":	[{
					"socket":	5,
					"start":	2.001004,
					"end":	3.002142,
					"seconds":	1.0011379718780518,
					"bytes":	16412049408,
					"bits_per_second":	131147153491.4402,
					"omitted":	false,
					"sender":	true
				}],
			"sum":	{
				"start":	2.001004,
				"end":	3.002142,
				"seconds":	1.0011379718780518,
				"bytes":	16412049408,
				"bits_per_second":	131147153491.4402,
				"omitted":	false,
				"sender":	true
			}
		}, {
			"streams":	[{
					"socket":	5,
					"start":	3.002142,
					"end":	4.002635,
					"seconds":	1.000493049621582,
					"bytes":	17004756992,
					"bits_per_second":	135971015478.27231,
					"omitted":	false,
					"sender":	true
				}],
			"sum":	{
				"start":	3.002142,
				"end":	4.002635,
				"seconds":	1.000493049621582,
				"bytes":	17004756992,
				"bits_per_second":	135971015478.27231,
				"omitted":	false,
				"sender":	true
			}
		}, {
			"streams":	[{
					"socket":	5,
					"start":	4.002635,
					"end":	5.004349,
					"seconds":	1.0017139911651611,
					"bytes":	16961110016,
					"bits_per_second":	135456708526.32408,
					"omitted":	false,
					"sender":	true
				}],
			"sum":	{
				"start":	4.002635,
				"end":	5.004349,
				"seconds":	1.0017139911651611,
				"bytes":	16961110016,
				"bits_per_second":	135456708526.32408,
				"omitted":	false,
				"sender":	true
			}
		}, {
			"streams":	[{
					"socket":	5,
					"start":	5.004349,
					"end":	6.005018,
					"seconds":	1.000669002532959,
					"bytes":	16870801408,
					"bits_per_second":	134876178758.77455,
					"omitted":	false,
					"sender":	true
				}],
			"sum":	{
				"start":	5.004349,
				"end":	6.005018,
				"seconds":	1.000669002532959,
				"bytes":	16870801408,
				"bits_per_second":	134876178758.77455,
				"omitted":	false,
				"sender":	true
			}
		}, {
			"streams":	[{
					"socket":	5,
					"start":	6.005018,
					"end":	7.004732,
					"seconds":	0.99971401691436768,
					"bytes":	17006723072,
					"bits_per_second":	136092704787.64722,
					"omitted":	false,
					"sender":	true
				}],
			"sum":	{
				"start":	6.005018,
				"end":	7.004732,
				"seconds":	0.99971401691436768,
				"bytes":	17006723072,
				"bits_per_second":	136092704787.64722,
				"omitted":	false,
				"sender":	true
			}
		}, {
			"streams":	[{
					"socket":	5,
					"start":	7.004732,
					"end":	8.003179,
					"seconds":	0.9984470009803772,
					"bytes":	16929914880,
					"bits_per_second":	135649983331.12509,
					"omitted":	false,
					"sender":	true
				}],
			"sum":	{
				"start":	7.004732,
				"end":	8.003179,
				"seconds":	0.9984470009803772,
				"bytes":	16929914880,
				"bits_per_second":	135649983331.12509,
				"omitted":	false,
				"sender":	true
			}
		}, {
			"streams":	[{
					"socket":	5,
					"start":	8.003179,
					"end":	9.005589,
					"seconds":	1.0024100542068481,
					"bytes":	16954556416,
					"bits_per_second":	135310346059.24983,
					"omitted":	false,
					"sender":	true
				}],
			"sum":	{
				"start":	8.003179,
				"end":	9.005589,
				"seconds":	1.0024100542068481,
				"bytes":	16954556416,
				"bits_per_second":	135310346059.24983,
				"omitted":	false,
				"sender":	true
			}
		}, {
			"streams":	[{
					"socket":	5,
					"start":	9.005589,
					"end":	10.002456,
					"seconds":	0.996867001056671,
					"bytes":	16713383936,
					"bits_per_second":	134127292152.58562,
					"omitted":	false,
					"sender":	true
				}],
			"sum":	{
				"start":	9.005589,
				"end":	10.002456,
				"seconds":	0.996867001056671,
				"bytes":	16713383936,
				"bits_per_second":	134127292152.58562,
				"omitted":	false,
				"sender":	true
			}
		}, {
			"streams":	[{
					"socket":	5,
					"start":	10.002456,
					"end":	11.005027,
					"seconds":	1.0025709867477417,
					"bytes":	16806445056,
					"bits_per_second":	134106773710.00917,
					"omitted":	false,
					"sender":	true
				}],
			"sum":	{
				"start":	10.002456,
				"end":	11.005027,
				"seconds":	1.0025709867477417,
				"bytes":	16806445056,
				"bits_per_second":	134106773710.00917,
				"omitted":	false,
				"sender":	true
			}
		}, {
			"streams":	[{
					"socket":	5,
					"start":	11.005027,
					"end":	12.005029,
					"seconds":	1.0000020265579224,
					"bytes":	17056006144,
					"bits_per_second":	136447772632.68538,
					"omitted":	false,
					"sender":	true
				}],
			"sum":	{
				"start":	11.005027,
				"end":	12.005029,
				"seconds":	1.0000020265579224,
				"bytes":	17056006144,
				"bits_per_second":	136447772632.68538,
				"omitted":	false,
				"sender":	true
			}
		}, {
			"streams":	[{
					"socket":	5,
					"start":	12.005029,
					"end":	13.005072,
					"seconds":	1.0000430345535278,
					"bytes":	16725704704,
					"bits_per_second":	133799879613.91873,
					"omitted":	false,
					"sender":	true
				}],
			"sum":	{
				"start":	12.005029,
				"end":	13.005072,
				"seconds":	1.0000430345535278,
				"bytes":	16725704704,
				"bits_per_second":	133799879613.91873,
				"omitted":	false,
				"sender":	true
			}
		}, {
			"streams":	[{
					"socket":	5,
					"start":	13.005072,
					"end":	14.005211,
					"seconds":	1.0001389980316162,
					"bytes":	16781410304,
					"bits_per_second":	134232624361.43509,
					"omitted":	false,
					"sender":	true
				}],
			"sum":	{
				"start":	13.005072,
				"end":	14.005211,
				"seconds":	1.0001389980316162,
				"bytes":	16781410304,
				"bits_per_second":	134232624361.43509,
				"omitted":	false,
				"sender":	true
			}
		}, {
			"streams":	[{
					"socket":	5,
					"start":	14.005211,
					"end":	15.004745,
					"seconds":	0.999534010887146,
					"bytes":	16025124864,
					"bits_per_second":	128260767033.0437,
					"omitted":	false,
					"sender":	true
				}],
			"sum":	{
				"start":	14.005211,
				"end":	15.004745,
				"seconds":	0.999534010887146,
				"bytes":	16025124864,
				"bits_per_second":	128260767033.0437,
				"omitted":	false,
				"sender":	true
			}
		}, {
			"streams":	[{
					"socket":	5,
					"start":	15.004745,
					"end":	16.003904,
					"seconds":	0.99915897846221924,
					"bytes":	17025466368,