{
	"start":	{
		"connected":	[{
				"socket":	5,
				"local_host":	"127.0.0.1",
				"local_port":	60432,
				"remote_host":	"127.0.0.1",
				"remote_port":	5202
			}],
		"version":	"iperf 3.20",
		"system_info":	"Darwin PrateekVMs-Virtual-Machine.local 24.3.0 Darwin Kernel Version 24.3.0: Thu Jan  2 20:16:37 PST 2025; root:xnu-11215.81.4~3/RELEASE_ARM64_VMAPPLE arm64",
		"timestamp":	{
			"time":	"Sun, 22 Mar 2026 11:28:38 UTC",
			"timesecs":	1774178918,
			"timemillisecs":	1774178918320
		},
		"connecting_to":	{
			"host":	"127.0.0.1",
			"port":	5202
		},
		"cookie":	"ljufbp5y2psd7hhkiwn4cm6xa7qbhe3h74rm",
		"target_bitrate":	0,
		"fq_rate":	0,
		"sock_bufsize":	0,
		"sndbuf_actual":	9216,
		"rcvbuf_actual":	786896,
		"test_start":	{
			"protocol":	"UDP",
			"num_streams":	1,
			"blksize":	16332,
			"omit":	0,
			"duration":	30,
			"bytes":	0,
			"blocks":	0,
			"reverse":	0,
			"tos":	0,
			"target_bitrate":	0,
			"bidir":	0,
			"fqrate":	0,
			"interval":	1
		}
	},
	"intervals":	[{
			"streams":	[{
					"socket":	5,
					"start":	0,
					"end":	1.000924,
					"seconds":	1.0009239912033081,
					"bytes":	7812134556,
					"bits_per_second":	62439383007.361214,
					"packets":	478334,
					"omitted":	false,
					"sender":	true
				}],
			"sum":	{
				"start":	0,
				"end":	1.000924,
				"seconds":	1.0009239912033081,
				"bytes":	7812134556,
				"bits_per_second":	62439383007.361214,
				"packets":	478334,
				"omitted":	false,
				"sender":	true
			}
		}, {
			"streams":	[{
					"socket":	5,
					"start":	1.000924,
					"end":	2.005017,
					"seconds":	1.0040930509567261,
					"bytes":	7962993240,
					"bits_per_second":	63444265309.1775,
					"packets":	487571,
					"omitted":	false,
					"sender":	true
				}],
			"sum":	{
				"start":	1.000924,
				"end":	2.005017,
				"seconds":	1.0040930509567261,
				"bytes":	7962993240,
				"bits_per_second":	63444265309.1775,
				"packets":	487571,
				"omitted":	false,
				"sender":	true
			}
		}, {
			"streams":	[{
					"socket":	5,
					"start":	2.005017,
					"end":	3.000921,
					"seconds":	0.99590402841568,
					"bytes":	7929920940,
					"bits_per_second":	63700282065.252449,
					"packets":	485546,
					"omitted":	false,
					"sender":	true
				}],
			"sum":	{
				"start":	2.005017,
				"end":	3.000921,
				"seconds":	0.99590402841568,
				"bytes":	7929920940,
				"bits_per_second":	63700282065.252449,
				"packets":	485546,
				"omitted":	false,
				"sender":	true
			}
		}, {
			"streams":	[{
					"socket":	5,
					"start":	3.000921,
					"end":	4.005037,
					"seconds":	1.0041160583496094,
					"bytes":	8042481084,
					"bits_per_second":	64076107673.997971,
					"packets":	492439,
					"omitted":	false,
					"sender":	true
				}],
			"sum":	{
				"start":	3.000921,
				"end":	4.005037,
				"seconds":	1.0041160583496094,
				"bytes":	8042481084,
				"bits_per_second":	64076107673.997971,
				"packets":	492439,
				"omitted":	false,
				"sender":	true
			}
		}, {
			"streams":	[{
					"socket":	5,
					"start":	4.005037,
					"end":	5.005027,
					"seconds":	0.99998998641967773,
					"bytes":	8069265564,
					"bits_per_second":	64554770936.383957,
					"packets":	494079,
					"omitted":	false,
					"sender":	true
				}],
			"sum":	{
				"start":	4.005037,
				"end":	5.005027,
				"seconds":	0.99998998641967773,
				"bytes":	8069265564,
				"bits_per_second":	64554770936.383957,
				"packets":	494079,
				"omitted":	false,
				"sender":	true
			}
		}, {
			"streams":	[{
					"socket":	5,
					"start":	5.005027,
					"end":	6.004595,
					"seconds":	0.999567985534668,
					"bytes":	7944129780,
					"bits_per_second":	63580505938.278465,
					"packets":	486416,
					"omitted":	false,
					"sender":	true
				}],
			"sum":	{
				"start":	5.005027,
				"end":	6.004595,
				"seconds":	0.999567985534668,
				"bytes":	7944129780,
				"bits_per_second":	63580505938.278465,
				"packets":	486416,
				"omitted":	false,
				"sender":	true
			}
		}, {
			"streams":	[{
					"socket":	5,
					"start":	6.004595,
					"end":	7.005027,
					"seconds":	1.000432014465332,
					"bytes":	7925396976,
					"bits_per_second":	63375796547.1397,
					"packets":	485270,
					"omitted":	false,
					"sender":	true
				}],
			"sum":	{
				"start":	6.004595,
				"end":	7.005027,
				"seconds":	1.000432014465332,
				"bytes":	7925396976,
				"bits_per_second":	63375796547.1397,
				"packets":	485270,
				"omitted":	false,
				"sender":	true
			}
		}, {
			"streams":	[{
					"socket":	5,
					"start":	7.005027,
					"end":	8.000913,
					"seconds":	0.99588602781295776,
					"bytes":	8000279196,
					"bits_per_second":	64266624674.465836,
					"packets":	489854,
					"omitted":	false,
					"sender":	true
				}],
			"sum":	{
				"start":	7.005027,
				"end":	8.000913,
				"seconds":	0.99588602781295776,
				"bytes":	8000279196,
				"bits_per_second":	64266624674.465836,
				"packets":	489854,
				"omitted":	false,
				"sender":	true
			}
		}, {
			"streams":	[{
					"socket":	5,
					"start":	8.000913,
					"end":	9.005026,
					"seconds":	1.0041129589080811,
					"bytes":	8063157396,
					"bits_per_second":	64241038416.779327,
					"packets":	493704,
					"omitted":	false,
					"sender":	true
				}],
			"sum":	{
				"start":	8.000913,
				"end":	9.005026,
				"seconds":	1.0041129589080811,
				"bytes":	8063157396,
				"bits_per_second":	64241038416.779327,
				"packets":	493704,
				"omitted":	false,
				"sender":	true
			}
		}, {
			"streams":	[{
					"socket":	5,
					"start":	9.005026,
					"end":	10.005024,
					"seconds":	0.99999797344207764,
					"bytes":	7978557636,
					"bits_per_second":	63828590440.335632,
					"packets":	488524,
					"omitted":	false,
					"sender":	true
				}],
			"sum":	{
				"start":	9.005026,
				"end":	10.005024,
				"seconds":	0.99999797344207764,
				"bytes":	7978557636,
				"bits_per_second":	63828590440.335632,
				"packets":	488524,
				"omitted":	false,
				"sender":	true
			}
		}, {
			"streams":	[{
					"socket":	5,
					"start":	10.005024,
					"end":	11.005034,
					"seconds":	1.0000100135803223,
					"bytes":	8070082164,
					"bits_per_second":	64560010835.1459,
					"packets":	494128,
					"omitted":	false,
					"sender":	true
				}],
			"sum":	{
				"start":	10.005024,
				"end":	11.005034,
				"seconds":	1.0000100135803223,
				"bytes":	8070082164,
				"bits_per_second":	64560010835.1459,
				"packets":	494128,
				"omitted":	false,
				"sender":	true
			}
		}, {
			"streams":	[{
					"socket":	5,
					"start":	11.005034,
					"end":	12.005022,
					"seconds":	0.9999880194664,
					"bytes":	8120646036,
					"bits_per_second":	64965946614.706261,
					"packets":	497225,
					"omitted":	false,
					"sender":	true
				}],
			"sum":	{
				"start":	11.005034,
				"end":	12.005022,
				"seconds":	0.9999880194664,
				"bytes":	8120646036,
				"bits_per_second":	64965946614.706261,
				"packets":	497225,
				"omitted":	false,
				"sender":	true
			}
		}, {
			"streams":	[{
					"socket":	5,
					"start":	12.005022,
					"end":	13.000924,
					"seconds":	0.99590200185775757,
					"bytes":	8140489416,
					"bits_per_second":	65391891176.559258,
					"packets":	498439,
					"omitted":	false,
					"sender":	true
				}],
			"sum":	{
				"start":	12.005022,
				"end":	13.000924,
				"seconds":	0.99590200185775757,
				"bytes":	8140489416,
				"bits_per_second":	65391891176.559258,
				"packets":	498439,
				"omitted":	false,
				"sender":	true
			}
		}, {
			"streams":	[{
					"socket":	5,
					"start":	13.000924,
					"end":	14.005017,
					"seconds":	1.0040930509567261,
					"bytes":	8175325572,
					"bits_per_second":	65135999610.477028,
					"packets":	500572,
					"omitted":	false,
					"sender":	true
				}],
			"sum":	{
				"start":	13.000924,
				"end":	14.005017,
				"seconds":	1.0040930509567261,
				"bytes":	8175325572,
				"bits_per_second":	65135999610.477028,
				"packets":	500572,
				"omitted":	false,
				"sender":	true
			}
		}, {
			"streams":	[{
					"socket":	5,