{
	"start":	{
		"connected":	[{
				"socket":	5,
				"local_host":	"127.0.0.1",
				"local_port":	49261,
				"remote_host":	"127.0.0.1",
				"remote_port":	5202
			}],
		"version":	"iperf 3.20",
		"system_info":	"Darwin PrateekVMs-Virtual-Machine.local 24.3.0 Darwin Kernel Version 24.3.0: Thu Jan  2 20:16:37 PST 2025; root:xnu-11215.81.4~3/RELEASE_ARM64_VMAPPLE arm64",
		"timestamp":	{
			"time":	"Sun, 22 Mar 2026 11:37:26 UTC",
			"timesecs":	1774179446,
			"timemillisecs":	1774179446285
		},
		"connecting_to":	{
			"host":	"127.0.0.1",
			"port":	5202
		},
		"cookie":	"b3alezydtvlqovfgsj2arephnflt72e5jydi",
		"tcp_mss_default":	16332,
		"target_bitrate":	0,
		"fq_rate":	0,
		"sock_bufsize":	0,
		"sndbuf_actual":	131072,
		"rcvbuf_actual":	131072,
		"test_start":	{
			"protocol":	"TCP",
			"num_streams":	1,
			"blksize":	1,
			"omit":	0,
			"duration":	30,
			"bytes":	0,
			"blocks":	0,
			"reverse":	0,
			"tos":	0,
			"target_bitrate":	0,
			"bidir":	0,
			"fqrate":	0,
			"interval":	1
		}
	},
	"intervals":	[{
			"streams":	[{
					"socket":	5,
					"start":	0,
					"end":	1.010026,
					"seconds":	1.0100259780883789,
					"bytes":	2469190,
					"bits_per_second":	19557437.559562981,
					"omitted":	false,
					"sender":	true
				}],
			"sum":	{
				"start":	0,
				"end":	1.010026,
				"seconds":	1.0100259780883789,
				"bytes":	2469190,
				"bits_per_second":	19557437.559562981,
				"omitted":	false,
				"sender":	true
			}
		}, {
			"streams":	[{
					"socket":	5,
					"start":	1.010026,
					"end":	2.010021,
					"seconds":	0.999994993209839,
					"bytes":	2489163,
					"bits_per_second":	19913403.702233732,
					"omitted":	false,
					"sender":	true
				}],
			"sum":	{
				"start":	1.010026,
				"end":	2.010021,
				"seconds":	0.999994993209839,
				"bytes":	2489163,
				"bits_per_second":	19913403.702233732,
				"omitted":	false,
				"sender":	true
			}
		}, {
			"streams":	[{
					"socket":	5,
					"start":	2.010021,
					"end":	3.006894,
					"seconds":	0.99687302112579346,
					"bytes":	2481229,
					"bits_per_second":	19912096.705740009,
					"omitted":	false,
					"sender":	true
				}],
			"sum":	{
				"start":	2.010021,
				"end":	3.006894,
				"seconds":	0.99687302112579346,
				"bytes":	2481229,
				"bits_per_second":	19912096.705740009,
				"omitted":	false,
				"sender":	true
			}
		}, {
			"streams":	[{
					"socket":	5,
					"start":	3.006894,
					"end":	4.001291,
					"seconds":	0.994396984577179,
					"bytes":	2477507,
					"bits_per_second":	19931733.811951932,
					"omitted":	false,
					"sender":	true
				}],
			"sum":	{
				"start":	3.006894,
				"end":	4.001291,
				"seconds":	0.994396984577179,
				"bytes":	2477507,
				"bits_per_second":	19931733.811951932,
				"omitted":	false,
				"sender":	true
			}
		}, {
			"streams":	[{
					"socket":	5,
					"start":	4.001291,
					"end":	5.008767,
					"seconds":	1.0074759721755981,
					"bytes":	2276776,
					"bits_per_second":	18079049.528761718,
					"omitted":	false,
					"sender":	true
				}],
			"sum":	{
				"start":	4.001291,
				"end":	5.008767,
				"seconds":	1.0074759721755981,
				"bytes":	2276776,
				"bits_per_second":	18079049.528761718,
				"omitted":	false,
				"sender":	true
			}
		}, {
			"streams":	[{
					"socket":	5,
					"start":	5.008767,
					"end":	6.002011,
					"seconds":	0.9932439923286438,
					"bytes":	2388879,
					"bits_per_second":	19241024.509188831,
					"omitted":	false,
					"sender":	true
				}],
			"sum":	{
				"start":	5.008767,
				"end":	6.002011,
				"seconds":	0.9932439923286438,
				"bytes":	2388879,
				"bits_per_second":	19241024.509188831,
				"omitted":	false,
				"sender":	true
			}
		}, {
			"streams":	[{
					"socket":	5,
					"start":	6.002011,
					"end":	7.010032,
					"seconds":	1.0080209970474243,
					"bytes":	2513784,
					"bits_per_second":	19950251.094872653,
					"omitted":	false,
					"sender":	true
				}],
			"sum":	{
				"start":	6.002011,
				"end":	7.010032,
				"seconds":	1.0080209970474243,
				"bytes":	2513784,
				"bits_per_second":	19950251.094872653,
				"omitted":	false,
				"sender":	true
			}
		}, {
			"streams":	[{
					"socket":	5,
					"start":	7.010032,
					"end":	8.005646,
					"seconds":	0.995613992214203,
					"bytes":	2471326,
					"bits_per_second":	19857704.044547439,
					"omitted":	false,
					"sender":	true
				}],
			"sum":	{
				"start":	7.010032,
				"end":	8.005646,
				"seconds":	0.995613992214203,
				"bytes":	2471326,
				"bits_per_second":	19857704.044547439,
				"omitted":	false,
				"sender":	true
			}
		}, {
			"streams":	[{
					"socket":	5,
					"start":	8.005646,
					"end":	9.000989,
					"seconds":	0.995343029499054,
					"bytes":	2485359,
					"bits_per_second":	19975899.173179369,
					"omitted":	false,
					"sender":	true
				}],
			"sum":	{
				"start":	8.005646,
				"end":	9.000989,
				"seconds":	0.995343029499054,
				"bytes":	2485359,
				"bits_per_second":	19975899.173179369,
				"omitted":	false,
				"sender":	true
			}
		}, {
			"streams":	[{
					"socket":	5,
					"start":	9.000989,
					"end":	10.008064,
					"seconds":	1.0070749521255493,
					"bytes":	2510178,
					"bits_per_second":	19940346.999610912,
					"omitted":	false,
					"sender":	true
				}],
			"sum":	{
				"start":	9.000989,
				"end":	10.008064,
				"seconds":	1.0070749521255493,
				"bytes":	2510178,
				"bits_per_second":	19940346.999610912,
				"omitted":	false,
				"sender":	true
			}
		}, {
			"streams":	[{
					"socket":	5,
					"start":	10.008064,
					"end":	11.010023,
					"seconds":	1.001958966255188,
					"bytes":	2496819,
					"bits_per_second":	19935499.030119661,
					"omitted":	false,
					"sender":	true
				}],
			"sum":	{
				"start":	10.008064,
				"end":	11.010023,
				"seconds":	1.001958966255188,
				"bytes":	2496819,
				"bits_per_second":	19935499.030119661,
				"omitted":	false,
				"sender":	true
			}
		}, {
			"streams":	[{
					"socket":	5,
					"start":	11.010023,
					"end":	12.010017,
					"seconds":	0.99999397993087769,
					"bytes":	2497168,
					"bits_per_second":	19977464.265715767,
					"omitted":	false,
					"sender":	true
				}],
			"sum":	{
				"start":	11.010023,
				"end":	12.010017,
				"seconds":	0.99999397993087769,
				"bytes":	2497168,
				"bits_per_second":	19977464.265715767,
				"omitted":	false,
				"sender":	true
			}
		}, {
			"streams":	[{
					"socket":	5,
					"start":	12.010017,
					"end":	13.010017,
					"seconds":	1,
					"bytes":	2503170,
					"bits_per_second":	20025360,
					"omitted":	false,
					"sender":	true
				}],
			"sum":	{
				"start":	12.010017,
				"end":	13.010017,
				"seconds":	1,
				"bytes":	2503170,
				"bits_per_second":	20025360,
				"omitted":	false,
				"sender":	true
			}
		}, {
			"streams":	[{
					"socket":	5,
					"start":	13.010017,
					"end":	14.010017,
					"seconds":	1,
					"bytes":	2499586,
					"bits_per_second":	19996688,
					"omitted":	false,
					"sender":	true
				}],
			"sum":	{
				"start":	13.010017,
				"end":	14.010017,
				"seconds":	1,
				"bytes":	2499586,
				"bits_per_second":	19996688,
				"omitted":	false,
				"sender":	true
			}
		}, {
			"streams":	[{
					"socket":	5,
					"start":	14.010017,
					"end":	15.002015,
					"seconds":	0.991998016834259,
					"bytes":	2478258,
					"bits_per_second":	19985991.568078406,
					"omitted":	false,
					"sender":	true
				}],
			"sum":	{
				"start":	14.010017,
				"end":	15.002015,
				"seconds":	0.991998016834259,
				"bytes":	2478258,
				"bits_per_second":	19985991.568078406,
				"omitted":	false,
				"sender":	true
			}
		}, {
			"streams":	[{
					"socket":	5,
					"start":	15.002015,
					"end":	16.010022,
					"seconds":	1.0080070495605469,
					"bytes":	2501883,
					"bits_per_second":	19856075.420033831,
					"omitted":	false,
					"sender":	true
				}],
			"sum":	{
				"start":	15.002015,
				"end":	16.010022,
				"seconds":	1.0080070495605469,
				"bytes":	2501883,
				"bits_per_second":	19856075.420033831,
				"omitted":	false,