{
	"start":	{
		"connected":	[{
				"socket":	5,
				"local_host":	"192.168.64.5",
				"local_port":	49276,
				"remote_host":	"192.168.64.1",
				"remote_port":	5201
			}],
		"version":	"iperf 3.20",
		"system_info":	"Darwin PrateekVMs-Virtual-Machine.local 24.3.0 Darwin Kernel Version 24.3.0: Thu Jan  2 20:16:37 PST 2025; root:xnu-11215.81.4~3/RELEASE_ARM64_VMAPPLE arm64",
		"timestamp":	{
			"time":	"Sun, 22 Mar 2026 11:40:57 UTC",
			"timesecs":	1774179657,
			"timemillisecs":	1774179657419
		},
		"connecting_to":	{
			"host":	"192.168.64.1",
			"port":	5201
		},
		"cookie":	"jorpbzm7b3bxvbq5pixy35jof5ijxusihx6s",
		"tcp_mss_default":	1448,
		"target_bitrate":	0,
		"fq_rate":	0,
		"sock_bufsize":	0,
		"sndbuf_actual":	131072,
		"rcvbuf_actual":	131072,
		"test_start":	{
			"protocol":	"TCP",
			"num_streams":	1,
			"blksize":	1,
			"omit":	0,
			"duration":	30,
			"bytes":	0,
			"blocks":	0,
			"reverse":	0,
			"tos":	0,
			"target_bitrate":	0,
			"bidir":	0,
			"fqrate":	0,
			"interval":	1
		}
	},
	"intervals":	[{
			"streams":	[{
					"socket":	5,
					"start":	0,
					"end":	1.00234,
					"seconds":	1.0023399591445923,
					"bytes":	1854118,
					"bits_per_second":	14798316.54387858,
					"omitted":	false,
					"sender":	true
				}],
			"sum":	{
				"start":	0,
				"end":	1.00234,
				"seconds":	1.0023399591445923,
				"bytes":	1854118,
				"bits_per_second":	14798316.54387858,
				"omitted":	false,
				"sender":	true
			}
		}, {
			"streams":	[{
					"socket":	5,
					"start":	1.00234,
					"end":	2.005036,
					"seconds":	1.0026960372924805,
					"bytes":	1901236,
					"bits_per_second":	15168991.832330706,
					"omitted":	false,
					"sender":	true
				}],
			"sum":	{
				"start":	1.00234,
				"end":	2.005036,
				"seconds":	1.0026960372924805,
				"bytes":	1901236,
				"bits_per_second":	15168991.832330706,
				"omitted":	false,
				"sender":	true
			}
		}, {
			"streams":	[{
					"socket":	5,
					"start":	2.005036,
					"end":	3.004299,
					"seconds":	0.99926298856735229,
					"bytes":	1960481,
					"bits_per_second":	15695415.700811656,
					"omitted":	false,
					"sender":	true
				}],
			"sum":	{
				"start":	2.005036,
				"end":	3.004299,
				"seconds":	0.99926298856735229,
				"bytes":	1960481,
				"bits_per_second":	15695415.700811656,
				"omitted":	false,
				"sender":	true
			}
		}, {
			"streams":	[{
					"socket":	5,
					"start":	3.004299,
					"end":	4.003,
					"seconds":	0.998700976371765,
					"bytes":	1984368,
					"bits_per_second":	15895592.750567786,
					"omitted":	false,
					"sender":	true
				}],
			"sum":	{
				"start":	3.004299,
				"end":	4.003,
				"seconds":	0.998700976371765,
				"bytes":	1984368,
				"bits_per_second":	15895592.750567786,
				"omitted":	false,
				"sender":	true
			}
		}, {
			"streams":	[{
					"socket":	5,
					"start":	4.003,
					"end":	5.001346,
					"seconds":	0.998345971107483,
					"bytes":	2003837,
					"bits_per_second":	16057255.163975734,
					"omitted":	false,
					"sender":	true
				}],
			"sum":	{
				"start":	4.003,
				"end":	5.001346,
				"seconds":	0.998345971107483,
				"bytes":	2003837,
				"bits_per_second":	16057255.163975734,
				"omitted":	false,
				"sender":	true
			}
		}, {
			"streams":	[{
					"socket":	5,
					"start":	5.001346,
					"end":	6.002592,
					"seconds":	1.0012459754943848,
					"bytes":	1984858,
					"bits_per_second":	15859103.945121478,
					"omitted":	false,
					"sender":	true
				}],
			"sum":	{
				"start":	5.001346,
				"end":	6.002592,
				"seconds":	1.0012459754943848,
				"bytes":	1984858,
				"bits_per_second":	15859103.945121478,
				"omitted":	false,
				"sender":	true
			}
		}, {
			"streams":	[{
					"socket":	5,
					"start":	6.002592,
					"end":	7.00505,
					"seconds":	1.0024579763412476,
					"bytes":	1970262,
					"bits_per_second":	15723448.136477705,
					"omitted":	false,
					"sender":	true
				}],
			"sum":	{
				"start":	6.002592,
				"end":	7.00505,
				"seconds":	1.0024579763412476,
				"bytes":	1970262,
				"bits_per_second":	15723448.136477705,
				"omitted":	false,
				"sender":	true
			}
		}, {
			"streams":	[{
					"socket":	5,
					"start":	7.00505,
					"end":	8.005034,
					"seconds":	0.9999840259552002,
					"bytes":	1964055,
					"bits_per_second":	15712690.995229883,
					"omitted":	false,
					"sender":	true
				}],
			"sum":	{
				"start":	7.00505,
				"end":	8.005034,
				"seconds":	0.9999840259552002,
				"bytes":	1964055,
				"bits_per_second":	15712690.995229883,
				"omitted":	false,
				"sender":	true
			}
		}, {
			"streams":	[{
					"socket":	5,
					"start":	8.005034,
					"end":	9.005034,
					"seconds":	1,
					"bytes":	1920397,
					"bits_per_second":	15363176,
					"omitted":	false,
					"sender":	true
				}],
			"sum":	{
				"start":	8.005034,
				"end":	9.005034,
				"seconds":	1,
				"bytes":	1920397,
				"bits_per_second":	15363176,
				"omitted":	false,
				"sender":	true
			}
		}, {
			"streams":	[{
					"socket":	5,
					"start":	9.005034,
					"end":	10.005043,
					"seconds":	1.0000089406967163,
					"bytes":	1941086,
					"bits_per_second":	15528549.163951481,
					"omitted":	false,
					"sender":	true
				}],
			"sum":	{
				"start":	9.005034,
				"end":	10.005043,
				"seconds":	1.0000089406967163,
				"bytes":	1941086,
				"bits_per_second":	15528549.163951481,
				"omitted":	false,
				"sender":	true
			}
		}, {
			"streams":	[{
					"socket":	5,
					"start":	10.005043,
					"end":	11.004613,
					"seconds":	0.99957001209259033,
					"bytes":	1942929,
					"bits_per_second":	15550118.362854816,
					"omitted":	false,
					"sender":	true
				}],
			"sum":	{
				"start":	10.005043,
				"end":	11.004613,
				"seconds":	0.99957001209259033,
				"bytes":	1942929,
				"bits_per_second":	15550118.362854816,
				"omitted":	false,
				"sender":	true
			}
		}, {
			"streams":	[{
					"socket":	5,
					"start":	11.004613,
					"end":	12.005027,
					"seconds":	1.00041401386261,
					"bytes":	1949060,
					"bits_per_second":	15586027.168689149,
					"omitted":	false,
					"sender":	true
				}],
			"sum":	{
				"start":	11.004613,
				"end":	12.005027,
				"seconds":	1.00041401386261,
				"bytes":	1949060,
				"bits_per_second":	15586027.168689149,
				"omitted":	false,
				"sender":	true
			}
		}, {
			"streams":	[{
					"socket":	5,
					"start":	12.005027,
					"end":	13.00503,
					"seconds":	1.0000029802322388,
					"bytes":	1872226,
					"bits_per_second":	14977763.362786762,
					"omitted":	false,
					"sender":	true
				}],
			"sum":	{
				"start":	12.005027,
				"end":	13.00503,
				"seconds":	1.0000029802322388,
				"bytes":	1872226,
				"bits_per_second":	14977763.362786762,
				"omitted":	false,
				"sender":	true
			}
		}, {
			"streams":	[{
					"socket":	5,
					"start":	13.00503,
					"end":	14.005056,
					"seconds":	1.0000259876251221,
					"bytes":	1910394,
					"bits_per_second":	15282754.83749645,
					"omitted":	false,
					"sender":	true
				}],
			"sum":	{
				"start":	13.00503,
				"end":	14.005056,
				"seconds":	1.0000259876251221,
				"bytes":	1910394,
				"bits_per_second":	15282754.83749645,
				"omitted":	false,
				"sender":	true
			}
		}, {
			"streams":	[{
					"socket":	5,
					"start":	14.005056,
					"end":	15.005024,
					"seconds":	0.99996799230575562,
					"bytes":	1902468,
					"bits_per_second":	15220231.164505443,
					"omitted":	false,
					"sender":	true
				}],
			"sum":	{
				"start":	14.005056,
				"end":	15.005024,
				"seconds":	0.99996799230575562,
				"bytes":	1902468,
				"bits_per_second":	15220231.164505443,
				"omitted":	false,
				"sender":	true
			}
		}, {
			"streams":	[{
					"socket":	5,
					"start":	15.005024,
					"end":	16.005072,
					"seconds":	1.000048041343689,
					"bytes":	1960545,
					"bits_per_second":	15683606.538468003,
					"omitted":	false,
					"sender":	true
				}],
			"sum":	{
				"start":	15.005024,
				"end":	16.005072,
				"seconds":	1.000048041343689,
				"bytes":	1960545,