{
	"start":	{
		"connected":	[{
				"socket":	5,
				"local_host":	"192.168.64.5",
				"local_port":	49278,
				"remote_host":	"192.168.64.1",
				"remote_port":	5201
			}],
		"version":	"iperf 3.20",
		"system_info":	"Darwin PrateekVMs-Virtual-Machine.local 24.3.0 Darwin Kernel Version 24.3.0: Thu Jan  2 20:16:37 PST 2025; root:xnu-11215.81.4~3/RELEASE_ARM64_VMAPPLE arm64",
		"timestamp":	{
			"time":	"Sun, 22 Mar 2026 11:41:27 UTC",
			"timesecs":	1774179687,
			"timemillisecs":	1774179687435
		},
		"connecting_to":	{
			"host":	"192.168.64.1",
			"port":	5201
		},
		"cookie":	"5zozpo7o7sov7spjirmhrvfpdblos245slcp",
		"tcp_mss_default":	1448,
		"target_bitrate":	0,
		"fq_rate":	0,
		"sock_bufsize":	0,
		"sndbuf_actual":	131072,
		"rcvbuf_actual":	131072,
		"test_start":	{
			"protocol":	"TCP",
			"num_streams":	1,
			"blksize":	1,
			"omit":	0,
			"duration":	30,
			"bytes":	0,
			"blocks":	0,
			"reverse":	0,
			"tos":	0,
			"target_bitrate":	0,
			"bidir":	0,
			"fqrate":	0,
			"interval":	1
		}
	},
	"intervals":	[{
			"streams":	[{
					"socket":	5,
					"start":	0,
					"end":	1.001,
					"seconds":	1.0010000467300415,
					"bytes":	1880199,
					"bits_per_second":	15026564.733074931,
					"omitted":	false,
					"sender":	true
				}],
			"sum":	{
				"start":	0,
				"end":	1.001,
				"seconds":	1.0010000467300415,
				"bytes":	1880199,
				"bits_per_second":	15026564.733074931,
				"omitted":	false,
				"sender":	true
			}
		}, {
			"streams":	[{
					"socket":	5,
					"start":	1.001,
					"end":	2.005054,
					"seconds":	1.0040539503097534,
					"bytes":	1820009,
					"bits_per_second":	14501284.513156069,
					"omitted":	false,
					"sender":	true
				}],
			"sum":	{
				"start":	1.001,
				"end":	2.005054,
				"seconds":	1.0040539503097534,
				"bytes":	1820009,
				"bits_per_second":	14501284.513156069,
				"omitted":	false,
				"sender":	true
			}
		}, {
			"streams":	[{
					"socket":	5,
					"start":	2.005054,
					"end":	3.005032,
					"seconds":	0.999978005886078,
					"bytes":	1947089,
					"bits_per_second":	15577054.60351352,
					"omitted":	false,
					"sender":	true
				}],
			"sum":	{
				"start":	2.005054,
				"end":	3.005032,
				"seconds":	0.999978005886078,
				"bytes":	1947089,
				"bits_per_second":	15577054.60351352,
				"omitted":	false,
				"sender":	true
			}
		}, {
			"streams":	[{
					"socket":	5,
					"start":	3.005032,
					"end":	4.004509,
					"seconds":	0.99947702884674072,
					"bytes":	1881299,
					"bits_per_second":	15058267.039279617,
					"omitted":	false,
					"sender":	true
				}],
			"sum":	{
				"start":	3.005032,
				"end":	4.004509,
				"seconds":	0.99947702884674072,
				"bytes":	1881299,
				"bits_per_second":	15058267.039279617,
				"omitted":	false,
				"sender":	true
			}
		}, {
			"streams":	[{
					"socket":	5,
					"start":	4.004509,
					"end":	5.005036,
					"seconds":	1.000527024269104,
					"bytes":	1922653,
					"bits_per_second":	15373121.99161852,
					"omitted":	false,
					"sender":	true
				}],
			"sum":	{
				"start":	4.004509,
				"end":	5.005036,
				"seconds":	1.000527024269104,
				"bytes":	1922653,
				"bits_per_second":	15373121.99161852,
				"omitted":	false,
				"sender":	true
			}
		}, {
			"streams":	[{
					"socket":	5,
					"start":	5.005036,
					"end":	6.005069,
					"seconds":	1.0000330209732056,
					"bytes":	1708060,
					"bits_per_second":	13664028.8004711,
					"omitted":	false,
					"sender":	true
				}],
			"sum":	{
				"start":	5.005036,
				"end":	6.005069,
				"seconds":	1.0000330209732056,
				"bytes":	1708060,
				"bits_per_second":	13664028.8004711,
				"omitted":	false,
				"sender":	true
			}
		}, {
			"streams":	[{
					"socket":	5,
					"start":	6.005069,
					"end":	7.005029,
					"seconds":	0.99996000528335571,
					"bytes":	1714528,
					"bits_per_second":	13716772.598433349,
					"omitted":	false,
					"sender":	true
				}],
			"sum":	{
				"start":	6.005069,
				"end":	7.005029,
				"seconds":	0.99996000528335571,
				"bytes":	1714528,
				"bits_per_second":	13716772.598433349,
				"omitted":	false,
				"sender":	true
			}
		}, {
			"streams":	[{
					"socket":	5,
					"start":	7.005029,
					"end":	8.005031,
					"seconds":	1.0000020265579224,
					"bytes":	1767275,
					"bits_per_second":	14138171.348176846,
					"omitted":	false,
					"sender":	true
				}],
			"sum":	{
				"start":	7.005029,
				"end":	8.005031,
				"seconds":	1.0000020265579224,
				"bytes":	1767275,
				"bits_per_second":	14138171.348176846,
				"omitted":	false,
				"sender":	true
			}
		}, {
			"streams":	[{
					"socket":	5,
					"start":	8.005031,
					"end":	9.000718,
					"seconds":	0.99568700790405273,
					"bytes":	1988924,
					"bits_per_second":	15980314.9721657,
					"omitted":	false,
					"sender":	true
				}],
			"sum":	{
				"start":	8.005031,
				"end":	9.000718,
				"seconds":	0.99568700790405273,
				"bytes":	1988924,
				"bits_per_second":	15980314.9721657,
				"omitted":	false,
				"sender":	true
			}
		}, {
			"streams":	[{
					"socket":	5,
					"start":	9.000718,
					"end":	10.000543,
					"seconds":	0.99982500076293945,
					"bytes":	1881471,
					"bits_per_second":	15054402.508953469,
					"omitted":	false,
					"sender":	true
				}],
			"sum":	{
				"start":	9.000718,
				"end":	10.000543,
				"seconds":	0.99982500076293945,
				"bytes":	1881471,
				"bits_per_second":	15054402.508953469,
				"omitted":	false,
				"sender":	true
			}
		}, {
			"streams":	[{
					"socket":	5,
					"start":	10.000543,
					"end":	11.005829,
					"seconds":	1.0052859783172607,
					"bytes":	1899027,
					"bits_per_second":	15112332.537881523,
					"omitted":	false,
					"sender":	true
				}],
			"sum":	{
				"start":	10.000543,
				"end":	11.005829,
				"seconds":	1.0052859783172607,
				"bytes":	1899027,
				"bits_per_second":	15112332.537881523,
				"omitted":	false,
				"sender":	true
			}
		}, {
			"streams":	[{
					"socket":	5,
					"start":	11.005829,
					"end":	12.005027,
					"seconds":	0.999198019504547,
					"bytes":	1839096,
					"bits_per_second":	14724576.823416177,
					"omitted":	false,
					"sender":	true
				}],
			"sum":	{
				"start":	11.005829,
				"end":	12.005027,
				"seconds":	0.999198019504547,
				"bytes":	1839096,
				"bits_per_second":	14724576.823416177,
				"omitted":	false,
				"sender":	true
			}
		}, {
			"streams":	[{
					"socket":	5,
					"start":	12.005027,
					"end":	13.005052,
					"seconds":	1.0000250339508057,
					"bytes":	2004231,
					"bits_per_second":	16033446.619486082,
					"omitted":	false,
					"sender":	true
				}],
			"sum":	{
				"start":	12.005027,
				"end":	13.005052,
				"seconds":	1.0000250339508057,
				"bytes":	2004231,
				"bits_per_second":	16033446.619486082,
				"omitted":	false,
				"sender":	true
			}
		}, {
			"streams":	[{
					"socket":	5,
					"start":	13.005052,
					"end":	14.005009,
					"seconds":	0.999957025051117,
					"bytes":	1774005,
					"bits_per_second":	14192649.928405188,
					"omitted":	false,
					"sender":	true
				}],
			"sum":	{
				"start":	13.005052,
				"end":	14.005009,
				"seconds":	0.999957025051117,
				"bytes":	1774005,
				"bits_per_second":	14192649.928405188,
				"omitted":	false,
				"sender":	true
			}
		}, {
			"streams":	[{
					"socket":	5,
					"start":	14.005009,
					"end":	15.005049,
					"seconds":	1.0000400543212891,
					"bytes":	1893776,
					"bits_per_second":	15149601.193006415,
					"omitted":	false,
					"sender":	true
				}],
			"sum":	{
				"start":	14.005009,
				"end":	15.005049,
				"seconds":	1.0000400543212891,
				"bytes":	1893776,
				"bits_per_second":	15149601.193006415,
				"omitted":	false,
				"sender":	true
			}
		}, {
			"streams":	[{
					"socket":	5,
					"start":	15.005049,
					"end":	16.005025,
					"seconds":	0.99997597932815552,
					"bytes":	1895333,
					"bits_per_second":	15163028.226125188,
					"omitted":	false,
					"sender":	true
				}],
			"sum":	{
				"start":	15.005049,
				"end":	16.005025,