{
	"start":	{
		"connected":	[{
				"socket":	5,
				"local_host":	"192.168.64.5",
				"local_port":	49272,
				"remote_host":	"192.168.64.1",
				"remote_port":	5201
			}],
		"version":	"iperf 3.20",
		"system_info":	"Darwin PrateekVMs-Virtual-Machine.local 24.3.0 Darwin Kernel Version 24.3.0: Thu Jan  2 20:16:37 PST 2025; root:xnu-11215.81.4~3/RELEASE_ARM64_VMAPPLE arm64",
		"timestamp":	{
			"time":	"Sun, 22 Mar 2026 11:39:57 UTC",
			"timesecs":	1774179597,
			"timemillisecs":	1774179597380
		},
		"connecting_to":	{
			"host":	"192.168.64.1",
			"port":	5201
		},
		"cookie":	"mqpiuimmz4tilfb3jws4zst5sfnb6ru476cj",
		"tcp_mss_default":	1448,
		"target_bitrate":	0,
		"fq_rate":	0,
		"sock_bufsize":	0,
		"sndbuf_actual":	131072,
		"rcvbuf_actual":	131072,
		"test_start":	{
			"protocol":	"TCP",
			"num_streams":	1,
			"blksize":	1,
			"omit":	0,
			"duration":	30,
			"bytes":	0,
			"blocks":	0,
			"reverse":	0,
			"tos":	0,
			"target_bitrate":	0,
			"bidir":	0,
			"fqrate":	0,
			"interval":	1
		}
	},
	"intervals":	[{
			"streams":	[{
					"socket":	5,
					"start":	0,
					"end":	1.001663,
					"seconds":	1.0016629695892334,
					"bytes":	1977678,
					"bits_per_second":	15795157.134028947,
					"omitted":	false,
					"sender":	true
				}],
			"sum":	{
				"start":	0,
				"end":	1.001663,
				"seconds":	1.0016629695892334,
				"bytes":	1977678,
				"bits_per_second":	15795157.134028947,
				"omitted":	false,
				"sender":	true
			}
		}, {
			"streams":	[{
					"socket":	5,
					"start":	1.001663,
					"end":	2.010035,
					"seconds":	1.0083719491958618,
					"bytes":	1956272,
					"bits_per_second":	15520241.328093685,
					"omitted":	false,
					"sender":	true
				}],
			"sum":	{
				"start":	1.001663,
				"end":	2.010035,
				"seconds":	1.0083719491958618,
				"bytes":	1956272,
				"bits_per_second":	15520241.328093685,
				"omitted":	false,
				"sender":	true
			}
		}, {
			"streams":	[{
					"socket":	5,
					"start":	2.010035,
					"end":	3.010047,
					"seconds":	1.0000120401382446,
					"bytes":	1980123,
					"bits_per_second":	15840793.274659069,
					"omitted":	false,
					"sender":	true
				}],
			"sum":	{
				"start":	2.010035,
				"end":	3.010047,
				"seconds":	1.0000120401382446,
				"bytes":	1980123,
				"bits_per_second":	15840793.274659069,
				"omitted":	false,
				"sender":	true
			}
		}, {
			"streams":	[{
					"socket":	5,
					"start":	3.010047,
					"end":	4.010027,
					"seconds":	0.99997997283935547,
					"bytes":	2000233,
					"bits_per_second":	16002184.478319211,
					"omitted":	false,
					"sender":	true
				}],
			"sum":	{
				"start":	3.010047,
				"end":	4.010027,
				"seconds":	0.99997997283935547,
				"bytes":	2000233,
				"bits_per_second":	16002184.478319211,
				"omitted":	false,
				"sender":	true
			}
		}, {
			"streams":	[{
					"socket":	5,
					"start":	4.010027,
					"end":	5.000433,
					"seconds":	0.99040597677230835,
					"bytes":	1927540,
					"bits_per_second":	15569696.02531497,
					"omitted":	false,
					"sender":	true
				}],
			"sum":	{
				"start":	4.010027,
				"end":	5.000433,
				"seconds":	0.99040597677230835,
				"bytes":	1927540,
				"bits_per_second":	15569696.02531497,
				"omitted":	false,
				"sender":	true
			}
		}, {
			"streams":	[{
					"socket":	5,
					"start":	5.000433,
					"end":	6.003476,
					"seconds":	1.0030430555343628,
					"bytes":	1883689,
					"bits_per_second":	15023793.761247709,
					"omitted":	false,
					"sender":	true
				}],
			"sum":	{
				"start":	5.000433,
				"end":	6.003476,
				"seconds":	1.0030430555343628,
				"bytes":	1883689,
				"bits_per_second":	15023793.761247709,
				"omitted":	false,
				"sender":	true
			}
		}, {
			"streams":	[{
					"socket":	5,
					"start":	6.003476,
					"end":	7.010069,
					"seconds":	1.0065929889678955,
					"bytes":	1937864,
					"bits_per_second":	15401370.931359082,
					"omitted":	false,
					"sender":	true
				}],
			"sum":	{
				"start":	6.003476,
				"end":	7.010069,
				"seconds":	1.0065929889678955,
				"bytes":	1937864,
				"bits_per_second":	15401370.931359082,
				"omitted":	false,
				"sender":	true
			}
		}, {
			"streams":	[{
					"socket":	5,
					"start":	7.010069,
					"end":	8.010042,
					"seconds":	0.99997299909591675,
					"bytes":	1889435,
					"bits_per_second":	15115888.142645873,
					"omitted":	false,
					"sender":	true
				}],
			"sum":	{
				"start":	7.010069,
				"end":	8.010042,
				"seconds":	0.99997299909591675,
				"bytes":	1889435,
				"bits_per_second":	15115888.142645873,
				"omitted":	false,
				"sender":	true
			}
		}, {
			"streams":	[{
					"socket":	5,
					"start":	8.010042,
					"end":	9.010053,
					"seconds":	1.0000109672546387,
					"bytes":	1963491,
					"bits_per_second":	15707755.729043117,
					"omitted":	false,
					"sender":	true
				}],
			"sum":	{
				"start":	8.010042,
				"end":	9.010053,
				"seconds":	1.0000109672546387,
				"bytes":	1963491,
				"bits_per_second":	15707755.729043117,
				"omitted":	false,
				"sender":	true
			}
		}, {
			"streams":	[{
					"socket":	5,
					"start":	9.010053,
					"end":	10.01004,
					"seconds":	0.999987006187439,
					"bytes":	2003372,
					"bits_per_second":	16027184.25422808,
					"omitted":	false,
					"sender":	true
				}],
			"sum":	{
				"start":	9.010053,
				"end":	10.01004,
				"seconds":	0.999987006187439,
				"bytes":	2003372,
				"bits_per_second":	16027184.25422808,
				"omitted":	false,
				"sender":	true
			}
		}, {
			"streams":	[{
					"socket":	5,
					"start":	10.01004,
					"end":	11.010023,
					"seconds":	0.999983012676239,
					"bytes":	2007198,
					"bits_per_second":	16057856.78001203,
					"omitted":	false,
					"sender":	true
				}],
			"sum":	{
				"start":	10.01004,
				"end":	11.010023,
				"seconds":	0.999983012676239,
				"bytes":	2007198,
				"bits_per_second":	16057856.78001203,
				"omitted":	false,
				"sender":	true
			}
		}, {
			"streams":	[{
					"socket":	5,
					"start":	11.010023,
					"end":	12.010032,
					"seconds":	1.0000089406967163,
					"bytes":	1934672,
					"bits_per_second":	15477237.622712409,
					"omitted":	false,
					"sender":	true
				}],
			"sum":	{
				"start":	11.010023,
				"end":	12.010032,
				"seconds":	1.0000089406967163,
				"bytes":	1934672,
				"bits_per_second":	15477237.622712409,
				"omitted":	false,
				"sender":	true
			}
		}, {
			"streams":	[{
					"socket":	5,
					"start":	12.010032,
					"end":	13.010022,
					"seconds":	0.99998998641967773,
					"bytes":	1941496,
					"bits_per_second":	15532123.532166565,
					"omitted":	false,
					"sender":	true
				}],
			"sum":	{
				"start":	12.010032,
				"end":	13.010022,
				"seconds":	0.99998998641967773,
				"bytes":	1941496,
				"bits_per_second":	15532123.532166565,
				"omitted":	false,
				"sender":	true
			}
		}, {
			"streams":	[{
					"socket":	5,
					"start":	13.010022,
					"end":	14.01007,
					"seconds":	1.000048041343689,
					"bytes":	1902208,
					"bits_per_second":	15216932.958093869,
					"omitted":	false,
					"sender":	true
				}],
			"sum":	{
				"start":	13.010022,
				"end":	14.01007,
				"seconds":	1.000048041343689,
				"bytes":	1902208,
				"bits_per_second":	15216932.958093869,
				"omitted":	false,
				"sender":	true
			}
		}, {
			"streams":	[{
					"socket":	5,
					"start":	14.01007,
					"end":	15.010024,
					"seconds":	0.9999539852142334,
					"bytes":	1981443,
					"bits_per_second":	15852273.438966207,
					"omitted":	false,
					"sender":	true
				}],
			"sum":	{
				"start":	14.01007,
				"end":	15.010024,
				"seconds":	0.9999539852142334,
				"bytes":	1981443,
				"bits_per_second":	15852273.438966207,
				"omitted":	false,
				"sender":	true
			}
		}, {
			"streams":	[{
					"socket":	5,
					"start":	15.010024,
					"end":	16.00013,
					"seconds":	0.99010598659515381,
					"bytes":	1929553,
					"bits_per_second":	15590678.380891183,
					"omitted":	false,
					"sender":	true
				}],
			"sum":	{
				"start":	15.010024,
				"end":	16.00013,