{
	"start":	{
		"connected":	[{
				"socket":	5,
				"local_host":	"192.168.64.5",
				"local_port":	49280,
				"remote_host":	"192.168.64.1",
				"remote_port":	5201
			}],
		"version":	"iperf 3.20",
		"system_info":	"Darwin PrateekVMs-Virtual-Machine.local 24.3.0 Darwin Kernel Version 24.3.0: Thu Jan  2 20:16:37 PST 2025; root:xnu-11215.81.4~3/RELEASE_ARM64_VMAPPLE arm64",
		"timestamp":	{
			"time":	"Sun, 22 Mar 2026 11:41:57 UTC",
			"timesecs":	1774179717,
			"timemillisecs":	1774179717453
		},
		"connecting_to":	{
			"host":	"192.168.64.1",
			"port":	5201
		},
		"cookie":	"gnzpqmeh65fif3mshmmkabu47vd5qu24o247",
		"tcp_mss_default":	1448,
		"target_bitrate":	0,
		"fq_rate":	0,
		"sock_bufsize":	0,
		"sndbuf_actual":	131072,
		"rcvbuf_actual":	131072,
		"test_start":	{
			"protocol":	"TCP",
			"num_streams":	1,
			"blksize":	1,
			"omit":	0,
			"duration":	30,
			"bytes":	0,
			"blocks":	0,
			"reverse":	0,
			"tos":	0,
			"target_bitrate":	0,
			"bidir":	0,
			"fqrate":	0,
			"interval":	1
		}
	},
	"intervals":	[{
			"streams":	[{
					"socket":	5,
					"start":	0,
					"end":	1.000665,
					"seconds":	1.0006649494171143,
					"bytes":	1575623,
					"bits_per_second":	12596607.892923983,
					"omitted":	false,
					"sender":	true
				}],
			"sum":	{
				"start":	0,
				"end":	1.000665,
				"seconds":	1.0006649494171143,
				"bytes":	1575623,
				"bits_per_second":	12596607.892923983,
				"omitted":	false,
				"sender":	true
			}
		}, {
			"streams":	[{
					"socket":	5,
					"start":	1.000665,
					"end":	2.001655,
					"seconds":	1.0009900331497192,
					"bytes":	1884530,
					"bits_per_second":	15061328.785223808,
					"omitted":	false,
					"sender":	true
				}],
			"sum":	{
				"start":	1.000665,
				"end":	2.001655,
				"seconds":	1.0009900331497192,
				"bytes":	1884530,
				"bits_per_second":	15061328.785223808,
				"omitted":	false,
				"sender":	true
			}
		}, {
			"streams":	[{
					"socket":	5,
					"start":	2.001655,
					"end":	3.002737,
					"seconds":	1.0010819435119629,
					"bytes":	1917371,
					"bits_per_second":	15322390.039508989,
					"omitted":	false,
					"sender":	true
				}],
			"sum":	{
				"start":	2.001655,
				"end":	3.002737,
				"seconds":	1.0010819435119629,
				"bytes":	1917371,
				"bits_per_second":	15322390.039508989,
				"omitted":	false,
				"sender":	true
			}
		}, {
			"streams":	[{
					"socket":	5,
					"start":	3.002737,
					"end":	4.005054,
					"seconds":	1.002316951751709,
					"bytes":	1929119,
					"bits_per_second":	15397277.251500586,
					"omitted":	false,
					"sender":	true
				}],
			"sum":	{
				"start":	3.002737,
				"end":	4.005054,
				"seconds":	1.002316951751709,
				"bytes":	1929119,
				"bits_per_second":	15397277.251500586,
				"omitted":	false,
				"sender":	true
			}
		}, {
			"streams":	[{
					"socket":	5,
					"start":	4.005054,
					"end":	5.005029,
					"seconds":	0.999975025653839,
					"bytes":	1963606,
					"bits_per_second":	15709240.328005876,
					"omitted":	false,
					"sender":	true
				}],
			"sum":	{
				"start":	4.005054,
				"end":	5.005029,
				"seconds":	0.999975025653839,
				"bytes":	1963606,
				"bits_per_second":	15709240.328005876,
				"omitted":	false,
				"sender":	true
			}
		}, {
			"streams":	[{
					"socket":	5,
					"start":	5.005029,
					"end":	6.00125,
					"seconds":	0.99622100591659546,
					"bytes":	1535465,
					"bits_per_second":	12330316.191935834,
					"omitted":	false,
					"sender":	true
				}],
			"sum":	{
				"start":	5.005029,
				"end":	6.00125,
				"seconds":	0.99622100591659546,
				"bytes":	1535465,
				"bits_per_second":	12330316.191935834,
				"omitted":	false,
				"sender":	true
			}
		}, {
			"streams":	[{
					"socket":	5,
					"start":	6.00125,
					"end":	7.005163,
					"seconds":	1.0039130449295044,
					"bytes":	1808137,
					"bits_per_second":	14408714.054528249,
					"omitted":	false,
					"sender":	true
				}],
			"sum":	{
				"start":	6.00125,
				"end":	7.005163,
				"seconds":	1.0039130449295044,
				"bytes":	1808137,
				"bits_per_second":	14408714.054528249,
				"omitted":	false,
				"sender":	true
			}
		}, {
			"streams":	[{
					"socket":	5,
					"start":	7.005163,
					"end":	8.005055,
					"seconds":	0.999891996383667,
					"bytes":	1772929,
					"bits_per_second":	14184964.027412513,
					"omitted":	false,
					"sender":	true
				}],
			"sum":	{
				"start":	7.005163,
				"end":	8.005055,
				"seconds":	0.999891996383667,
				"bytes":	1772929,
				"bits_per_second":	14184964.027412513,
				"omitted":	false,
				"sender":	true
			}
		}, {
			"streams":	[{
					"socket":	5,
					"start":	8.005055,
					"end":	9.001414,
					"seconds":	0.99635899066925049,
					"bytes":	1946386,
					"bits_per_second":	15627989.656158932,
					"omitted":	false,
					"sender":	true
				}],
			"sum":	{
				"start":	8.005055,
				"end":	9.001414,
				"seconds":	0.99635899066925049,
				"bytes":	1946386,
				"bits_per_second":	15627989.656158932,
				"omitted":	false,
				"sender":	true
			}
		}, {
			"streams":	[{
					"socket":	5,
					"start":	9.001414,
					"end":	10.005029,
					"seconds":	1.0036150217056274,
					"bytes":	1960128,
					"bits_per_second":	15624540.945342124,
					"omitted":	false,
					"sender":	true
				}],
			"sum":	{
				"start":	9.001414,
				"end":	10.005029,
				"seconds":	1.0036150217056274,
				"bytes":	1960128,
				"bits_per_second":	15624540.945342124,
				"omitted":	false,
				"sender":	true
			}
		}, {
			"streams":	[{
					"socket":	5,
					"start":	10.005029,
					"end":	11.005029,
					"seconds":	1,
					"bytes":	1920106,
					"bits_per_second":	15360848,
					"omitted":	false,
					"sender":	true
				}],
			"sum":	{
				"start":	10.005029,
				"end":	11.005029,
				"seconds":	1,
				"bytes":	1920106,
				"bits_per_second":	15360848,
				"omitted":	false,
				"sender":	true
			}
		}, {
			"streams":	[{
					"socket":	5,
					"start":	11.005029,
					"end":	12.005043,
					"seconds":	1.0000139474868774,
					"bytes":	1927508,
					"bits_per_second":	15419848.93185937,
					"omitted":	false,
					"sender":	true
				}],
			"sum":	{
				"start":	11.005029,
				"end":	12.005043,
				"seconds":	1.0000139474868774,
				"bytes":	1927508,
				"bits_per_second":	15419848.93185937,
				"omitted":	false,
				"sender":	true
			}
		}, {
			"streams":	[{
					"socket":	5,
					"start":	12.005043,
					"end":	13.005033,
					"seconds":	0.99998998641967773,
					"bytes":	1888985,
					"bits_per_second":	15112031.325539511,
					"omitted":	false,
					"sender":	true
				}],
			"sum":	{
				"start":	12.005043,
				"end":	13.005033,
				"seconds":	0.99998998641967773,
				"bytes":	1888985,
				"bits_per_second":	15112031.325539511,
				"omitted":	false,
				"sender":	true
			}
		}, {
			"streams":	[{
					"socket":	5,
					"start":	13.005033,
					"end":	14.005038,
					"seconds":	1.0000050067901611,
					"bytes":	1977065,
					"bits_per_second":	15816440.810399767,
					"omitted":	false,
					"sender":	true
				}],
			"sum":	{
				"start":	13.005033,
				"end":	14.005038,
				"seconds":	1.0000050067901611,
				"bytes":	1977065,
				"bits_per_second":	15816440.810399767,
				"omitted":	false,
				"sender":	true
			}
		}, {
			"streams":	[{
					"socket":	5,
					"start":	14.005038,
					"end":	15.005022,
					"seconds":	0.9999840259552002,
					"bytes":	1851013,
					"bits_per_second":	14808340.549095342,
					"omitted":	false,
					"sender":	true
				}],
			"sum":	{
				"start":	14.005038,
				"end":	15.005022,
				"seconds":	0.9999840259552002,
				"bytes":	1851013,
				"bits_per_second":	14808340.549095342,
				"omitted":	false,
				"sender":	true
			}
		}, {
			"streams":	[{
					"socket":	5,
					"start":	15.005022,
					"end":	16.00503,
					"seconds":	1.0000079870224,
					"bytes":	1900906,
					"bits_per_second":	15207126.540339684,
					"omitted":	false,
					"sender":	true
				}],
			"sum":	{
				"start":	15.005022,
				"end":	16.00503,
				"seconds":	1.0000079870224,
				"bytes":	1900906,