{
	"start":	{
		"connected":	[{
				"socket":	5,
				"local_host":	"192.168.64.5",
				"local_port":	49177,
				"remote_host":	"192.168.64.1",
				"remote_port":	5201
			}],
		"version":	"iperf 3.20",
		"system_info":	"Darwin PrateekVMs-Virtual-Machine.local 24.3.0 Darwin Kernel Version 24.3.0: Thu Jan  2 20:16:37 PST 2025; root:xnu-11215.81.4~3/RELEASE_ARM64_VMAPPLE arm64",
		"timestamp":	{
			"time":	"Sun, 22 Mar 2026 11:22:37 UTC",
			"timesecs":	1774178557,
			"timemillisecs":	1774178557064
		},
		"connecting_to":	{
			"host":	"192.168.64.1",
			"port":	5201
		},
		"cookie":	"3f4tybey47jokb6og43wwl77szj6stjicm2l",
		"tcp_mss_default":	1448,
		"target_bitrate":	0,
		"fq_rate":	0,
		"sock_bufsize":	0,
		"sndbuf_actual":	131072,
		"rcvbuf_actual":	131072,
		"test_start":	{
			"protocol":	"TCP",
			"num_streams":	1,
			"blksize":	131072,
			"omit":	0,
			"duration":	30,
			"bytes":	0,
			"blocks":	0,
			"reverse":	0,
			"tos":	0,
			"target_bitrate":	0,
			"bidir":	0,
			"fqrate":	0,
			"interval":	1
		}
	},
	"intervals":	[{
			"streams":	[{
					"socket":	5,
					"start":	0,
					"end":	1.000786,
					"seconds":	1.0007859468460083,
					"bytes":	8031567872,
					"bits_per_second":	64202083550.925987,
					"omitted":	false,
					"sender":	true
				}],
			"sum":	{
				"start":	0,
				"end":	1.000786,
				"seconds":	1.0007859468460083,
				"bytes":	8031567872,
				"bits_per_second":	64202083550.925987,
				"omitted":	false,
				"sender":	true
			}
		}, {
			"streams":	[{
					"socket":	5,
					"start":	1.000786,
					"end":	2.00503,
					"seconds":	1.0042439699172974,
					"bytes":	8427274240,
					"bits_per_second":	67133282289.51387,
					"omitted":	false,
					"sender":	true
				}],
			"sum":	{
				"start":	1.000786,
				"end":	2.00503,
				"seconds":	1.0042439699172974,
				"bytes":	8427274240,
				"bits_per_second":	67133282289.51387,
				"omitted":	false,
				"sender":	true
			}
		}, {
			"streams":	[{
					"socket":	5,
					"start":	2.00503,
					"end":	3.005056,
					"seconds":	1.0000259876251221,
					"bytes":	8711569408,
					"bits_per_second":	69690744167.0661,
					"omitted":	false,
					"sender":	true
				}],
			"sum":	{
				"start":	2.00503,
				"end":	3.005056,
				"seconds":	1.0000259876251221,
				"bytes":	8711569408,
				"bits_per_second":	69690744167.0661,
				"omitted":	false,
				"sender":	true
			}
		}, {
			"streams":	[{
					"socket":	5,
					"start":	3.005056,
					"end":	4.002994,
					"seconds":	0.99793797731399536,
					"bytes":	8555724800,
					"bits_per_second":	68587226817.668175,
					"omitted":	false,
					"sender":	true
				}],
			"sum":	{
				"start":	3.005056,
				"end":	4.002994,
				"seconds":	0.99793797731399536,
				"bytes":	8555724800,
				"bits_per_second":	68587226817.668175,
				"omitted":	false,
				"sender":	true
			}
		}, {
			"streams":	[{
					"socket":	5,
					"start":	4.002994,
					"end":	5.00506,
					"seconds":	1.0020660161972046,
					"bytes":	8659271680,
					"bits_per_second":	69131346957.45134,
					"omitted":	false,
					"sender":	true
				}],
			"sum":	{
				"start":	4.002994,
				"end":	5.00506,
				"seconds":	1.0020660161972046,
				"bytes":	8659271680,
				"bits_per_second":	69131346957.45134,
				"omitted":	false,
				"sender":	true
			}
		}, {
			"streams":	[{
					"socket":	5,
					"start":	5.00506,
					"end":	6.000404,
					"seconds":	0.99534398317337036,
					"bytes":	8414298112,
					"bits_per_second":	67629267905.3399,
					"omitted":	false,
					"sender":	true
				}],
			"sum":	{
				"start":	5.00506,
				"end":	6.000404,
				"seconds":	0.99534398317337036,
				"bytes":	8414298112,
				"bits_per_second":	67629267905.3399,
				"omitted":	false,
				"sender":	true
			}
		}, {
			"streams":	[{
					"socket":	5,
					"start":	6.000404,
					"end":	7.00504,
					"seconds":	1.00463604927063,
					"bytes":	8663597056,
					"bits_per_second":	68988940321.5408,
					"omitted":	false,
					"sender":	true
				}],
			"sum":	{
				"start":	6.000404,
				"end":	7.00504,
				"seconds":	1.00463604927063,
				"bytes":	8663597056,
				"bits_per_second":	68988940321.5408,
				"omitted":	false,
				"sender":	true
			}
		}, {
			"streams":	[{
					"socket":	5,
					"start":	7.00504,
					"end":	8.005055,
					"seconds":	1.0000150203704834,
					"bytes":	8742764544,
					"bits_per_second":	69941065811.2795,
					"omitted":	false,
					"sender":	true
				}],
			"sum":	{
				"start":	7.00504,
				"end":	8.005055,
				"seconds":	1.0000150203704834,
				"bytes":	8742764544,
				"bits_per_second":	69941065811.2795,
				"omitted":	false,
				"sender":	true
			}
		}, {
			"streams":	[{
					"socket":	5,
					"start":	8.005055,
					"end":	9.005019,
					"seconds":	0.99996399879455566,
					"bytes":	8754823168,
					"bits_per_second":	70041106908.279358,
					"omitted":	false,
					"sender":	true
				}],
			"sum":	{
				"start":	8.005055,
				"end":	9.005019,
				"seconds":	0.99996399879455566,
				"bytes":	8754823168,
				"bits_per_second":	70041106908.279358,
				"omitted":	false,
				"sender":	true
			}
		}, {
			"streams":	[{
					"socket":	5,
					"start":	9.005019,
					"end":	10.005034,
					"seconds":	1.0000150203704834,
					"bytes":	8557297664,
					"bits_per_second":	68457353057.194771,
					"omitted":	false,
					"sender":	true
				}],
			"sum":	{
				"start":	9.005019,
				"end":	10.005034,
				"seconds":	1.0000150203704834,
				"bytes":	8557297664,
				"bits_per_second":	68457353057.194771,
				"omitted":	false,
				"sender":	true
			}
		}, {
			"streams":	[{
					"socket":	5,
					"start":	10.005034,
					"end":	11.005108,
					"seconds":	1.000074028968811,
					"bytes":	8628469760,
					"bits_per_second":	69022648404.514,
					"omitted":	false,
					"sender":	true
				}],
			"sum":	{
				"start":	10.005034,
				"end":	11.005108,
				"seconds":	1.000074028968811,
				"bytes":	8628469760,
				"bits_per_second":	69022648404.514,
				"omitted":	false,
				"sender":	true
			}
		}, {
			"streams":	[{
					"socket":	5,
					"start":	11.005108,
					"end":	12.005139,
					"seconds":	1.0000309944152832,
					"bytes":	8682078208,
					"bits_per_second":	69454472963.2217,
					"omitted":	false,
					"sender":	true
				}],
			"sum":	{
				"start":	11.005108,
				"end":	12.005139,
				"seconds":	1.0000309944152832,
				"bytes":	8682078208,
				"bits_per_second":	69454472963.2217,
				"omitted":	false,
				"sender":	true
			}
		}, {
			"streams":	[{
					"socket":	5,
					"start":	12.005139,
					"end":	13.005082,
					"seconds":	0.99994301795959473,
					"bytes":	8657960960,
					"bits_per_second":	69267634691.158752,
					"omitted":	false,
					"sender":	true
				}],
			"sum":	{
				"start":	12.005139,
				"end":	13.005082,
				"seconds":	0.99994301795959473,
				"bytes":	8657960960,
				"bits_per_second":	69267634691.158752,
				"omitted":	false,
				"sender":	true
			}
		}, {
			"streams":	[{
					"socket":	5,
					"start":	13.005082,
					"end":	14.000406,
					"seconds":	0.99532401561737061,
					"bytes":	8643149824,
					"bits_per_second":	69470039411.3481,
					"omitted":	false,
					"sender":	true
				}],
			"sum":	{
				"start":	13.005082,
				"end":	14.000406,
				"seconds":	0.99532401561737061,
				"bytes":	8643149824,
				"bits_per_second":	69470039411.3481,
				"omitted":	false,
				"sender":	true
			}
		}, {
			"streams":	[{
					"socket":	5,
					"start":	14.000406,
					"end":	15.0017,
					"seconds":	1.0012940168380737,
					"bytes":	8521252864,
					"bits_per_second":	68081923756.2909,
					"omitted":	false,
					"sender":	true
				}],
			"sum":	{
				"start":	14.000406,
				"end":	15.0017,
				"seconds":	1.0012940168380737,
				"bytes":	8521252864,
				"bits_per_second":	68081923756.2909,
				"omitted":	false,
				"sender":	true
			}
		}, {
			"streams":	[{
					"socket":	5,
					"start":	15.0017,
					"end":	16.005053,
					"seconds":	1.0033529996871948,
					"bytes":	8673558528,
					"bits_per_second":	69156586212.0635,
					"omitted":	false,
					"sender":	true
				}],