{
	"start":	{
		"connected":	[{
				"socket":	5,
				"local_host":	"192.168.64.5",
				"local_port":	49171,
				"remote_host":	"192.168.64.1",
				"remote_port":	5201
			}],
		"version":	"iperf 3.20",
		"system_info":	"Darwin PrateekVMs-Virtual-Machine.local 24.3.0 Darwin Kernel Version 24.3.0: Thu Jan  2 20:16:37 PST 2025; root:xnu-11215.81.4~3/RELEASE_ARM64_VMAPPLE arm64",
		"timestamp":	{
			"time":	"Sun, 22 Mar 2026 11:21:07 UTC",
			"timesecs":	1774178467,
			"timemillisecs":	1774178467015
		},
		"connecting_to":	{
			"host":	"192.168.64.1",
			"port":	5201
		},
		"cookie":	"ggfyzvzfnvdp5ng62tn62hzdgbncn5wrimnr",
		"tcp_mss_default":	1448,
		"target_bitrate":	0,
		"fq_rate":	0,
		"sock_bufsize":	0,
		"sndbuf_actual":	131072,
		"rcvbuf_actual":	131072,
		"test_start":	{
			"protocol":	"TCP",
			"num_streams":	1,
			"blksize":	131072,
			"omit":	0,
			"duration":	30,
			"bytes":	0,
			"blocks":	0,
			"reverse":	0,
			"tos":	0,
			"target_bitrate":	0,
			"bidir":	0,
			"fqrate":	0,
			"interval":	1
		}
	},
	"intervals":	[{
			"streams":	[{
					"socket":	5,
					"start":	0,
					"end":	1.005048,
					"seconds":	1.0050480365753174,
					"bytes":	7905738752,
					"bits_per_second":	62928245928.9302,
					"omitted":	false,
					"sender":	true
				}],
			"sum":	{
				"start":	0,
				"end":	1.005048,
				"seconds":	1.0050480365753174,
				"bytes":	7905738752,
				"bits_per_second":	62928245928.9302,
				"omitted":	false,
				"sender":	true
			}
		}, {
			"streams":	[{
					"socket":	5,
					"start":	1.005048,
					"end":	2.005021,
					"seconds":	0.99997299909591675,
					"bytes":	8397783040,
					"bits_per_second":	67184078350.855476,
					"omitted":	false,
					"sender":	true
				}],
			"sum":	{
				"start":	1.005048,
				"end":	2.005021,
				"seconds":	0.99997299909591675,
				"bytes":	8397783040,
				"bits_per_second":	67184078350.855476,
				"omitted":	false,
				"sender":	true
			}
		}, {
			"streams":	[{
					"socket":	5,
					"start":	2.005021,
					"end":	3.005113,
					"seconds":	1.0000920295715332,
					"bytes":	8657436672,
					"bits_per_second":	69253120041.0353,
					"omitted":	false,
					"sender":	true
				}],
			"sum":	{
				"start":	2.005021,
				"end":	3.005113,
				"seconds":	1.0000920295715332,
				"bytes":	8657436672,
				"bits_per_second":	69253120041.0353,
				"omitted":	false,
				"sender":	true
			}
		}, {
			"streams":	[{
					"socket":	5,
					"start":	3.005113,
					"end":	4.005074,
					"seconds":	0.999961018562317,
					"bytes":	8644853760,
					"bits_per_second":	69161526095.719574,
					"omitted":	false,
					"sender":	true
				}],
			"sum":	{
				"start":	3.005113,
				"end":	4.005074,
				"seconds":	0.999961018562317,
				"bytes":	8644853760,
				"bits_per_second":	69161526095.719574,
				"omitted":	false,
				"sender":	true
			}
		}, {
			"streams":	[{
					"socket":	5,
					"start":	4.005074,
					"end":	5.005075,
					"seconds":	1.0000009536743164,
					"bytes":	8610643968,
					"bits_per_second":	68885086050.062653,
					"omitted":	false,
					"sender":	true
				}],
			"sum":	{
				"start":	4.005074,
				"end":	5.005075,
				"seconds":	1.0000009536743164,
				"bytes":	8610643968,
				"bits_per_second":	68885086050.062653,
				"omitted":	false,
				"sender":	true
			}
		}, {
			"streams":	[{
					"socket":	5,
					"start":	5.005075,
					"end":	6.003796,
					"seconds":	0.99872100353240967,
					"bytes":	8540258304,
					"bits_per_second":	68409562020.1732,
					"omitted":	false,
					"sender":	true
				}],
			"sum":	{
				"start":	5.005075,
				"end":	6.003796,
				"seconds":	0.99872100353240967,
				"bytes":	8540258304,
				"bits_per_second":	68409562020.1732,
				"omitted":	false,
				"sender":	true
			}
		}, {
			"streams":	[{
					"socket":	5,
					"start":	6.003796,
					"end":	7.005031,
					"seconds":	1.0012350082397461,
					"bytes":	8724938752,
					"bits_per_second":	69713413376.059738,
					"omitted":	false,
					"sender":	true
				}],
			"sum":	{
				"start":	6.003796,
				"end":	7.005031,
				"seconds":	1.0012350082397461,
				"bytes":	8724938752,
				"bits_per_second":	69713413376.059738,
				"omitted":	false,
				"sender":	true
			}
		}, {
			"streams":	[{
					"socket":	5,
					"start":	7.005031,
					"end":	8.005048,
					"seconds":	1.0000170469284058,
					"bytes":	8671985664,
					"bits_per_second":	69374702686.410141,
					"omitted":	false,
					"sender":	true
				}],
			"sum":	{
				"start":	7.005031,
				"end":	8.005048,
				"seconds":	1.0000170469284058,
				"bytes":	8671985664,
				"bits_per_second":	69374702686.410141,
				"omitted":	false,
				"sender":	true
			}
		}, {
			"streams":	[{
					"socket":	5,
					"start":	8.005048,
					"end":	9.005026,
					"seconds":	0.999978005886078,
					"bytes":	8691384320,
					"bits_per_second":	69532603868.010773,
					"omitted":	false,
					"sender":	true
				}],
			"sum":	{
				"start":	8.005048,
				"end":	9.005026,
				"seconds":	0.999978005886078,
				"bytes":	8691384320,
				"bits_per_second":	69532603868.010773,
				"omitted":	false,
				"sender":	true
			}
		}, {
			"streams":	[{
					"socket":	5,
					"start":	9.005026,
					"end":	10.005043,
					"seconds":	1.0000170469284058,
					"bytes":	8608022528,
					"bits_per_second":	68863006321.261429,
					"omitted":	false,
					"sender":	true
				}],
			"sum":	{
				"start":	9.005026,
				"end":	10.005043,
				"seconds":	1.0000170469284058,
				"bytes":	8608022528,
				"bits_per_second":	68863006321.261429,
				"omitted":	false,
				"sender":	true
			}
		}, {
			"streams":	[{
					"socket":	5,
					"start":	10.005043,
					"end":	11.005042,
					"seconds":	0.99999898672103882,
					"bytes":	8690860032,
					"bits_per_second":	69526950706.1964,
					"omitted":	false,
					"sender":	true
				}],
			"sum":	{
				"start":	10.005043,
				"end":	11.005042,
				"seconds":	0.99999898672103882,
				"bytes":	8690860032,
				"bits_per_second":	69526950706.1964,
				"omitted":	false,
				"sender":	true
			}
		}, {
			"streams":	[{
					"socket":	5,
					"start":	11.005042,
					"end":	12.005029,
					"seconds":	0.999987006187439,
					"bytes":	8660844544,
					"bits_per_second":	69287656662.823471,
					"omitted":	false,
					"sender":	true
				}],
			"sum":	{
				"start":	11.005042,
				"end":	12.005029,
				"seconds":	0.999987006187439,
				"bytes":	8660844544,
				"bits_per_second":	69287656662.823471,
				"omitted":	false,
				"sender":	true
			}
		}, {
			"streams":	[{
					"socket":	5,
					"start":	12.005029,
					"end":	13.005051,
					"seconds":	1.0000220537185669,
					"bytes":	8714059776,
					"bits_per_second":	69710940822.53006,
					"omitted":	false,
					"sender":	true
				}],
			"sum":	{
				"start":	12.005029,
				"end":	13.005051,
				"seconds":	1.0000220537185669,
				"bytes":	8714059776,
				"bits_per_second":	69710940822.53006,
				"omitted":	false,
				"sender":	true
			}
		}, {
			"streams":	[{
					"socket":	5,
					"start":	13.005051,
					"end":	14.001164,
					"seconds":	0.99611300230026245,
					"bytes":	8614576128,
					"bits_per_second":	69185533031.749527,
					"omitted":	false,
					"sender":	true
				}],
			"sum":	{
				"start":	13.005051,
				"end":	14.001164,
				"seconds":	0.99611300230026245,
				"bytes":	8614576128,
				"bits_per_second":	69185533031.749527,
				"omitted":	false,
				"sender":	true
			}
		}, {
			"streams":	[{
					"socket":	5,
					"start":	14.001164,
					"end":	15.005053,
					"seconds":	1.0038889646530151,
					"bytes":	8742371328,
					"bits_per_second":	69668034101.932526,
					"omitted":	false,
					"sender":	true
				}],
			"sum":	{
				"start":	14.001164,
				"end":	15.005053,
				"seconds":	1.0038889646530151,
				"bytes":	8742371328,
				"bits_per_second":	69668034101.932526,
				"omitted":	false,
				"sender":	true
			}
		}, {
			"streams":	[{
					"socket":	5,
					"start":	15.005053,
					"end":	16.005084,
					"seconds":	1.0000309944152832,
					"bytes":	8616804352,
					"bits_per_second":	68932298299.7201,
					"omitted":	false,