{
	"start":	{
		"connected":	[{
				"socket":	5,
				"local_host":	"192.168.64.5",
				"local_port":	49190,
				"remote_host":	"192.168.64.1",
				"remote_port":	5201
			}],
		"version":	"iperf 3.20",
		"system_info":	"Darwin PrateekVMs-Virtual-Machine.local 24.3.0 Darwin Kernel Version 24.3.0: Thu Jan  2 20:16:37 PST 2025; root:xnu-11215.81.4~3/RELEASE_ARM64_VMAPPLE arm64",
		"timestamp":	{
			"time":	"Sun, 22 Mar 2026 11:25:37 UTC",
			"timesecs":	1774178737,
			"timemillisecs":	1774178737207
		},
		"connecting_to":	{
			"host":	"192.168.64.1",
			"port":	5201
		},
		"cookie":	"32vrcnpcoc7ftr5df27leivma5snu36a237p",
		"tcp_mss_default":	1448,
		"target_bitrate":	0,
		"fq_rate":	0,
		"sock_bufsize":	0,
		"sndbuf_actual":	131072,
		"rcvbuf_actual":	131072,
		"test_start":	{
			"protocol":	"TCP",
			"num_streams":	1,
			"blksize":	131072,
			"omit":	0,
			"duration":	30,
			"bytes":	0,
			"blocks":	0,
			"reverse":	1,
			"tos":	0,
			"target_bitrate":	0,
			"bidir":	0,
			"fqrate":	0,
			"interval":	1
		}
	},
	"intervals":	[{
			"streams":	[{
					"socket":	5,
					"start":	0,
					"end":	1.003544,
					"seconds":	1.0035439729690552,
					"bytes":	7182352384,
					"bits_per_second":	57255905689.916168,
					"omitted":	false,
					"sender":	false
				}],
			"sum":	{
				"start":	0,
				"end":	1.003544,
				"seconds":	1.0035439729690552,
				"bytes":	7182352384,
				"bits_per_second":	57255905689.916168,
				"omitted":	false,
				"sender":	false
			}
		}, {
			"streams":	[{
					"socket":	5,
					"start":	1.003544,
					"end":	2.005074,
					"seconds":	1.0015300512313843,
					"bytes":	7612137472,
					"bits_per_second":	60804066439.271423,
					"omitted":	false,
					"sender":	false
				}],
			"sum":	{
				"start":	1.003544,
				"end":	2.005074,
				"seconds":	1.0015300512313843,
				"bytes":	7612137472,
				"bits_per_second":	60804066439.271423,
				"omitted":	false,
				"sender":	false
			}
		}, {
			"streams":	[{
					"socket":	5,
					"start":	2.005074,
					"end":	3.00511,
					"seconds":	1.0000360012054443,
					"bytes":	7989231616,
					"bits_per_second":	63911552035.084915,
					"omitted":	false,
					"sender":	false
				}],
			"sum":	{
				"start":	2.005074,
				"end":	3.00511,
				"seconds":	1.0000360012054443,
				"bytes":	7989231616,
				"bits_per_second":	63911552035.084915,
				"omitted":	false,
				"sender":	false
			}
		}, {
			"streams":	[{
					"socket":	5,
					"start":	3.00511,
					"end":	4.005108,
					"seconds":	0.99999797344207764,
					"bytes":	7953842176,
					"bits_per_second":	63630866359.63633,
					"omitted":	false,
					"sender":	false
				}],
			"sum":	{
				"start":	3.00511,
				"end":	4.005108,
				"seconds":	0.99999797344207764,
				"bytes":	7953842176,
				"bits_per_second":	63630866359.63633,
				"omitted":	false,
				"sender":	false
			}
		}, {
			"streams":	[{
					"socket":	5,
					"start":	4.005108,
					"end":	5.005085,
					"seconds":	0.9999769926071167,
					"bytes":	7785152512,
					"bits_per_second":	62282653057.4687,
					"omitted":	false,
					"sender":	false
				}],
			"sum":	{
				"start":	4.005108,
				"end":	5.005085,
				"seconds":	0.9999769926071167,
				"bytes":	7785152512,
				"bits_per_second":	62282653057.4687,
				"omitted":	false,
				"sender":	false
			}
		}, {
			"streams":	[{
					"socket":	5,
					"start":	5.005085,
					"end":	6.00514,
					"seconds":	1.0000549554824829,
					"bytes":	7874150400,
					"bits_per_second":	62989741568.360634,
					"omitted":	false,
					"sender":	false
				}],
			"sum":	{
				"start":	5.005085,
				"end":	6.00514,
				"seconds":	1.0000549554824829,
				"bytes":	7874150400,
				"bits_per_second":	62989741568.360634,
				"omitted":	false,
				"sender":	false
			}
		}, {
			"streams":	[{
					"socket":	5,
					"start":	6.00514,
					"end":	7.005056,
					"seconds":	0.99991601705551147,
					"bytes":	8006926336,
					"bits_per_second":	64060790701.8294,
					"omitted":	false,
					"sender":	false
				}],
			"sum":	{
				"start":	6.00514,
				"end":	7.005056,
				"seconds":	0.99991601705551147,
				"bytes":	8006926336,
				"bits_per_second":	64060790701.8294,
				"omitted":	false,
				"sender":	false
			}
		}, {
			"streams":	[{
					"socket":	5,
					"start":	7.005056,
					"end":	8.005081,
					"seconds":	1.0000250339508057,
					"bytes":	8028553216,
					"bits_per_second":	64226817877.000862,
					"omitted":	false,
					"sender":	false
				}],
			"sum":	{
				"start":	7.005056,
				"end":	8.005081,
				"seconds":	1.0000250339508057,
				"bytes":	8028553216,
				"bits_per_second":	64226817877.000862,
				"omitted":	false,
				"sender":	false
			}
		}, {
			"streams":	[{
					"socket":	5,
					"start":	8.005081,
					"end":	9.005075,
					"seconds":	0.99999397993087769,
					"bytes":	7760379904,
					"bits_per_second":	62083412978.437477,
					"omitted":	false,
					"sender":	false
				}],
			"sum":	{
				"start":	8.005081,
				"end":	9.005075,
				"seconds":	0.99999397993087769,
				"bytes":	7760379904,
				"bits_per_second":	62083412978.437477,
				"omitted":	false,
				"sender":	false
			}
		}, {
			"streams":	[{
					"socket":	5,
					"start":	9.005075,
					"end":	10.002619,
					"seconds":	0.99754399061203,
					"bytes":	7510949888,
					"bits_per_second":	60235538151.188744,
					"omitted":	false,
					"sender":	false
				}],
			"sum":	{
				"start":	9.005075,
				"end":	10.002619,
				"seconds":	0.99754399061203,
				"bytes":	7510949888,
				"bits_per_second":	60235538151.188744,
				"omitted":	false,
				"sender":	false
			}
		}, {
			"streams":	[{
					"socket":	5,
					"start":	10.002619,
					"end":	11.005071,
					"seconds":	1.00245201587677,
					"bytes":	7526678528,
					"bits_per_second":	60066145082.6011,
					"omitted":	false,
					"sender":	false
				}],
			"sum":	{
				"start":	10.002619,
				"end":	11.005071,
				"seconds":	1.00245201587677,
				"bytes":	7526678528,
				"bits_per_second":	60066145082.6011,
				"omitted":	false,
				"sender":	false
			}
		}, {
			"streams":	[{
					"socket":	5,
					"start":	11.005071,
					"end":	12.005083,
					"seconds":	1.0000120401382446,
					"bytes":	7341342720,
					"bits_per_second":	58730034642.2638,
					"omitted":	false,
					"sender":	false
				}],
			"sum":	{
				"start":	11.005071,
				"end":	12.005083,
				"seconds":	1.0000120401382446,
				"bytes":	7341342720,
				"bits_per_second":	58730034642.2638,
				"omitted":	false,
				"sender":	false
			}
		}, {
			"streams":	[{
					"socket":	5,
					"start":	12.005083,
					"end":	13.005132,
					"seconds":	1.0000489950180054,
					"bytes":	7420641280,
					"bits_per_second":	59362221786.8747,
					"omitted":	false,
					"sender":	false
				}],
			"sum":	{
				"start":	12.005083,
				"end":	13.005132,
				"seconds":	1.0000489950180054,
				"bytes":	7420641280,
				"bits_per_second":	59362221786.8747,
				"omitted":	false,
				"sender":	false
			}
		}, {
			"streams":	[{
					"socket":	5,
					"start":	13.005132,
					"end":	14.005143,
					"seconds":	1.0000109672546387,
					"bytes":	7519338496,
					"bits_per_second":	60154048243.235367,
					"omitted":	false,
					"sender":	false
				}],
			"sum":	{
				"start":	13.005132,
				"end":	14.005143,
				"seconds":	1.0000109672546387,
				"bytes":	7519338496,
				"bits_per_second":	60154048243.235367,
				"omitted":	false,
				"sender":	false
			}
		}, {
			"streams":	[{
					"socket":	5,
					"start":	14.005143,
					"end":	15.005148,
					"seconds":	1.0000050067901611,
					"bytes":	7622492160,
					"bits_per_second":	60979631967.778633,
					"omitted":	false,
					"sender":	false
				}],
			"sum":	{
				"start":	14.005143,
				"end":	15.005148,
				"seconds":	1.0000050067901611,
				"bytes":	7622492160,
				"bits_per_second":	60979631967.778633,
				"omitted":	false,
				"sender":	false
			}
		}, {
			"streams":	[{
					"socket":	5,
					"start":	15.005148,
					"end":	16.005082,
					"seconds":	0.99993401765823364,
					"bytes":	6612582400,
					"bits_per_second":	52904149939.702179,