{
	"start":	{
		"connected":	[{
				"socket":	5,
				"local_host":	"192.168.64.5",
				"local_port":	49188,
				"remote_host":	"192.168.64.1",
				"remote_port":	5201
			}],
		"version":	"iperf 3.20",
		"system_info":	"Darwin PrateekVMs-Virtual-Machine.local 24.3.0 Darwin Kernel Version 24.3.0: Thu Jan  2 20:16:37 PST 2025; root:xnu-11215.81.4~3/RELEASE_ARM64_VMAPPLE arm64",
		"timestamp":	{
			"time":	"Sun, 22 Mar 2026 11:25:07 UTC",
			"timesecs":	1774178707,
			"timemillisecs":	1774178707190
		},
		"connecting_to":	{
			"host":	"192.168.64.1",
			"port":	5201
		},
		"cookie":	"uwog5jbigjcu3dgtlv5452h4qdyvhio5vknk",
		"tcp_mss_default":	1448,
		"target_bitrate":	0,
		"fq_rate":	0,
		"sock_bufsize":	0,
		"sndbuf_actual":	131072,
		"rcvbuf_actual":	131072,
		"test_start":	{
			"protocol":	"TCP",
			"num_streams":	1,
			"blksize":	131072,
			"omit":	0,
			"duration":	30,
			"bytes":	0,
			"blocks":	0,
			"reverse":	1,
			"tos":	0,
			"target_bitrate":	0,
			"bidir":	0,
			"fqrate":	0,
			"interval":	1
		}
	},
	"intervals":	[{
			"streams":	[{
					"socket":	5,
					"start":	0,
					"end":	1.005093,
					"seconds":	1.005092978477478,
					"bytes":	7316307968,
					"bits_per_second":	58233879847.277771,
					"omitted":	false,
					"sender":	false
				}],
			"sum":	{
				"start":	0,
				"end":	1.005093,
				"seconds":	1.005092978477478,
				"bytes":	7316307968,
				"bits_per_second":	58233879847.277771,
				"omitted":	false,
				"sender":	false
			}
		}, {
			"streams":	[{
					"socket":	5,
					"start":	1.005093,
					"end":	2.001789,
					"seconds":	0.99669599533081055,
					"bytes":	6868697088,
					"bits_per_second":	55131732204.62458,
					"omitted":	false,
					"sender":	false
				}],
			"sum":	{
				"start":	1.005093,
				"end":	2.001789,
				"seconds":	0.99669599533081055,
				"bytes":	6868697088,
				"bits_per_second":	55131732204.62458,
				"omitted":	false,
				"sender":	false
			}
		}, {
			"streams":	[{
					"socket":	5,
					"start":	2.001789,
					"end":	3.005061,
					"seconds":	1.00327205657959,
					"bytes":	7218266112,
					"bits_per_second":	57557796529.160065,
					"omitted":	false,
					"sender":	false
				}],
			"sum":	{
				"start":	2.001789,
				"end":	3.005061,
				"seconds":	1.00327205657959,
				"bytes":	7218266112,
				"bits_per_second":	57557796529.160065,
				"omitted":	false,
				"sender":	false
			}
		}, {
			"streams":	[{
					"socket":	5,
					"start":	3.005061,
					"end":	4.005071,
					"seconds":	1.0000100135803223,
					"bytes":	5826936832,
					"bits_per_second":	46615027872.674171,
					"omitted":	false,
					"sender":	false
				}],
			"sum":	{
				"start":	3.005061,
				"end":	4.005071,
				"seconds":	1.0000100135803223,
				"bytes":	5826936832,
				"bits_per_second":	46615027872.674171,
				"omitted":	false,
				"sender":	false
			}
		}, {
			"streams":	[{
					"socket":	5,
					"start":	4.005071,
					"end":	5.005126,
					"seconds":	1.0000549554824829,
					"bytes":	6259736576,
					"bits_per_second":	50075140704.482185,
					"omitted":	false,
					"sender":	false
				}],
			"sum":	{
				"start":	4.005071,
				"end":	5.005126,
				"seconds":	1.0000549554824829,
				"bytes":	6259736576,
				"bits_per_second":	50075140704.482185,
				"omitted":	false,
				"sender":	false
			}
		}, {
			"streams":	[{
					"socket":	5,
					"start":	5.005126,
					"end":	6.005091,
					"seconds":	0.999965012073517,
					"bytes":	6833045504,
					"bits_per_second":	54666276691.67,
					"omitted":	false,
					"sender":	false
				}],
			"sum":	{
				"start":	5.005126,
				"end":	6.005091,
				"seconds":	0.999965012073517,
				"bytes":	6833045504,
				"bits_per_second":	54666276691.67,
				"omitted":	false,
				"sender":	false
			}
		}, {
			"streams":	[{
					"socket":	5,
					"start":	6.005091,
					"end":	7.005075,
					"seconds":	0.9999840259552002,
					"bytes":	6725042176,
					"bits_per_second":	53801196830.728455,
					"omitted":	false,
					"sender":	false
				}],
			"sum":	{
				"start":	6.005091,
				"end":	7.005075,
				"seconds":	0.9999840259552002,
				"bytes":	6725042176,
				"bits_per_second":	53801196830.728455,
				"omitted":	false,
				"sender":	false
			}
		}, {
			"streams":	[{
					"socket":	5,
					"start":	7.005075,
					"end":	8.00316,
					"seconds":	0.99808502197265625,
					"bytes":	7513964544,
					"bits_per_second":	60227049829.074417,
					"omitted":	false,
					"sender":	false
				}],
			"sum":	{
				"start":	7.005075,
				"end":	8.00316,
				"seconds":	0.99808502197265625,
				"bytes":	7513964544,
				"bits_per_second":	60227049829.074417,
				"omitted":	false,
				"sender":	false
			}
		}, {
			"streams":	[{
					"socket":	5,
					"start":	8.00316,
					"end":	9.00504,
					"seconds":	1.0018800497055054,
					"bytes":	7152992256,
					"bits_per_second":	57116556083.555634,
					"omitted":	false,
					"sender":	false
				}],
			"sum":	{
				"start":	8.00316,
				"end":	9.00504,
				"seconds":	1.0018800497055054,
				"bytes":	7152992256,
				"bits_per_second":	57116556083.555634,
				"omitted":	false,
				"sender":	false
			}
		}, {
			"streams":	[{
					"socket":	5,
					"start":	9.00504,
					"end":	10.005092,
					"seconds":	1.0000519752502441,
					"bytes":	7990542336,
					"bits_per_second":	63921016377.177933,
					"omitted":	false,
					"sender":	false
				}],
			"sum":	{
				"start":	9.00504,
				"end":	10.005092,
				"seconds":	1.0000519752502441,
				"bytes":	7990542336,
				"bits_per_second":	63921016377.177933,
				"omitted":	false,
				"sender":	false
			}
		}, {
			"streams":	[{
					"socket":	5,
					"start":	10.005092,
					"end":	11.002242,
					"seconds":	0.9971500039100647,
					"bytes":	7624982528,
					"bits_per_second":	61174206473.25367,
					"omitted":	false,
					"sender":	false
				}],
			"sum":	{
				"start":	10.005092,
				"end":	11.002242,
				"seconds":	0.9971500039100647,
				"bytes":	7624982528,
				"bits_per_second":	61174206473.25367,
				"omitted":	false,
				"sender":	false
			}
		}, {
			"streams":	[{
					"socket":	5,
					"start":	11.002242,
					"end":	12.005272,
					"seconds":	1.0030299425125122,
					"bytes":	8048738304,
					"bits_per_second":	64195398066.2913,
					"omitted":	false,
					"sender":	false
				}],
			"sum":	{
				"start":	11.002242,
				"end":	12.005272,
				"seconds":	1.0030299425125122,
				"bytes":	8048738304,
				"bits_per_second":	64195398066.2913,
				"omitted":	false,
				"sender":	false
			}
		}, {
			"streams":	[{
					"socket":	5,
					"start":	12.005272,
					"end":	13.005395,
					"seconds":	1.0001230239868164,
					"bytes":	7597719552,
					"bits_per_second":	60774279721.812729,
					"omitted":	false,
					"sender":	false
				}],
			"sum":	{
				"start":	12.005272,
				"end":	13.005395,
				"seconds":	1.0001230239868164,
				"bytes":	7597719552,
				"bits_per_second":	60774279721.812729,
				"omitted":	false,
				"sender":	false
			}
		}, {
			"streams":	[{
					"socket":	5,
					"start":	13.005395,
					"end":	14.005032,
					"seconds":	0.999637007713318,
					"bytes":	8024621056,
					"bits_per_second":	64220279914.257446,
					"omitted":	false,
					"sender":	false
				}],
			"sum":	{
				"start":	13.005395,
				"end":	14.005032,
				"seconds":	0.999637007713318,
				"bytes":	8024621056,
				"bits_per_second":	64220279914.257446,
				"omitted":	false,
				"sender":	false
			}
		}, {
			"streams":	[{
					"socket":	5,
					"start":	14.005032,
					"end":	15.00507,
					"seconds":	1.0000380277633667,
					"bytes":	7920418816,
					"bits_per_second":	63360941053.126938,
					"omitted":	false,
					"sender":	false
				}],
			"sum":	{
				"start":	14.005032,
				"end":	15.00507,
				"seconds":	1.0000380277633667,
				"bytes":	7920418816,
				"bits_per_second":	63360941053.126938,
				"omitted":	false,
				"sender":	false
			}
		}, {
			"streams":	[{
					"socket":	5,
					"start":	15.00507,
					"end":	16.00541,
					"seconds":	1.0003399848937988,
					"bytes":	7253786624,
					"bits_per_second":	58010570274.426041,