{
	"start":	{
		"connected":	[{
				"socket":	5,
				"local_host":	"192.168.64.5",
				"local_port":	49182,
				"remote_host":	"192.168.64.1",
				"remote_port":	5201
			}],
		"version":	"iperf 3.20",
		"system_info":	"Darwin PrateekVMs-Virtual-Machine.local 24.3.0 Darwin Kernel Version 24.3.0: Thu Jan  2 20:16:37 PST 2025; root:xnu-11215.81.4~3/RELEASE_ARM64_VMAPPLE arm64",
		"timestamp":	{
			"time":	"Sun, 22 Mar 2026 11:23:37 UTC",
			"timesecs":	1774178617,
			"timemillisecs":	1774178617109
		},
		"connecting_to":	{
			"host":	"192.168.64.1",
			"port":	5201
		},
		"cookie":	"zx5ahbzrdei2v4sjk2pn7ixcpfbafcwjm366",
		"tcp_mss_default":	1448,
		"target_bitrate":	0,
		"fq_rate":	0,
		"sock_bufsize":	0,
		"sndbuf_actual":	131072,
		"rcvbuf_actual":	131072,
		"test_start":	{
			"protocol":	"TCP",
			"num_streams":	1,
			"blksize":	131072,
			"omit":	0,
			"duration":	30,
			"bytes":	0,
			"blocks":	0,
			"reverse":	1,
			"tos":	0,
			"target_bitrate":	0,
			"bidir":	0,
			"fqrate":	0,
			"interval":	1
		}
	},
	"intervals":	[{
			"streams":	[{
					"socket":	5,
					"start":	0,
					"end":	1.005051,
					"seconds":	1.0050510168075562,
					"bytes":	6769737728,
					"bits_per_second":	53885724125.753487,
					"omitted":	false,
					"sender":	false
				}],
			"sum":	{
				"start":	0,
				"end":	1.005051,
				"seconds":	1.0050510168075562,
				"bytes":	6769737728,
				"bits_per_second":	53885724125.753487,
				"omitted":	false,
				"sender":	false
			}
		}, {
			"streams":	[{
					"socket":	5,
					"start":	1.005051,
					"end":	2.005054,
					"seconds":	1.0000029802322388,
					"bytes":	7754350592,
					"bits_per_second":	62034619858.42598,
					"omitted":	false,
					"sender":	false
				}],
			"sum":	{
				"start":	1.005051,
				"end":	2.005054,
				"seconds":	1.0000029802322388,
				"bytes":	7754350592,
				"bits_per_second":	62034619858.42598,
				"omitted":	false,
				"sender":	false
			}
		}, {
			"streams":	[{
					"socket":	5,
					"start":	2.005054,
					"end":	3.005198,
					"seconds":	1.0001440048217773,
					"bytes":	7932215296,
					"bits_per_second":	63448585465.75798,
					"omitted":	false,
					"sender":	false
				}],
			"sum":	{
				"start":	2.005054,
				"end":	3.005198,
				"seconds":	1.0001440048217773,
				"bytes":	7932215296,
				"bits_per_second":	63448585465.75798,
				"omitted":	false,
				"sender":	false
			}
		}, {
			"streams":	[{
					"socket":	5,
					"start":	3.005198,
					"end":	4.005079,
					"seconds":	0.99988102912902832,
					"bytes":	7787905024,
					"bits_per_second":	62310653344.699234,
					"omitted":	false,
					"sender":	false
				}],
			"sum":	{
				"start":	3.005198,
				"end":	4.005079,
				"seconds":	0.99988102912902832,
				"bytes":	7787905024,
				"bits_per_second":	62310653344.699234,
				"omitted":	false,
				"sender":	false
			}
		}, {
			"streams":	[{
					"socket":	5,
					"start":	4.005079,
					"end":	5.005293,
					"seconds":	1.0002139806747437,
					"bytes":	7552892928,
					"bits_per_second":	60410216805.046646,
					"omitted":	false,
					"sender":	false
				}],
			"sum":	{
				"start":	4.005079,
				"end":	5.005293,
				"seconds":	1.0002139806747437,
				"bytes":	7552892928,
				"bits_per_second":	60410216805.046646,
				"omitted":	false,
				"sender":	false
			}
		}, {
			"streams":	[{
					"socket":	5,
					"start":	5.005293,
					"end":	6.000127,
					"seconds":	0.994834005832672,
					"bytes":	7412383744,
					"bits_per_second":	59606999363.0414,
					"omitted":	false,
					"sender":	false
				}],
			"sum":	{
				"start":	5.005293,
				"end":	6.000127,
				"seconds":	0.994834005832672,
				"bytes":	7412383744,
				"bits_per_second":	59606999363.0414,
				"omitted":	false,
				"sender":	false
			}
		}, {
			"streams":	[{
					"socket":	5,
					"start":	6.000127,
					"end":	7.00507,
					"seconds":	1.0049430131912231,
					"bytes":	8174043136,
					"bits_per_second":	65070699760.720634,
					"omitted":	false,
					"sender":	false
				}],
			"sum":	{
				"start":	6.000127,
				"end":	7.00507,
				"seconds":	1.0049430131912231,
				"bytes":	8174043136,
				"bits_per_second":	65070699760.720634,
				"omitted":	false,
				"sender":	false
			}
		}, {
			"streams":	[{
					"socket":	5,
					"start":	7.00507,
					"end":	8.005237,
					"seconds":	1.0001670122146606,
					"bytes":	7752384512,
					"bits_per_second":	62008719882.364174,
					"omitted":	false,
					"sender":	false
				}],
			"sum":	{
				"start":	7.00507,
				"end":	8.005237,
				"seconds":	1.0001670122146606,
				"bytes":	7752384512,
				"bits_per_second":	62008719882.364174,
				"omitted":	false,
				"sender":	false
			}
		}, {
			"streams":	[{
					"socket":	5,
					"start":	8.005237,
					"end":	9.005036,
					"seconds":	0.99979901313781738,
					"bytes":	7882670080,
					"bits_per_second":	63074037692.9211,
					"omitted":	false,
					"sender":	false
				}],
			"sum":	{
				"start":	8.005237,
				"end":	9.005036,
				"seconds":	0.99979901313781738,
				"bytes":	7882670080,
				"bits_per_second":	63074037692.9211,
				"omitted":	false,
				"sender":	false
			}
		}, {
			"streams":	[{
					"socket":	5,
					"start":	9.005036,
					"end":	10.005357,
					"seconds":	1.00032103061676,
					"bytes":	8051097600,
					"bits_per_second":	64388110245.255936,
					"omitted":	false,
					"sender":	false
				}],
			"sum":	{
				"start":	9.005036,
				"end":	10.005357,
				"seconds":	1.00032103061676,
				"bytes":	8051097600,
				"bits_per_second":	64388110245.255936,
				"omitted":	false,
				"sender":	false
			}
		}, {
			"streams":	[{
					"socket":	5,
					"start":	10.005357,
					"end":	11.005086,
					"seconds":	0.9997289776802063,
					"bytes":	8063025152,
					"bits_per_second":	64521688033.567863,
					"omitted":	false,
					"sender":	false
				}],
			"sum":	{
				"start":	10.005357,
				"end":	11.005086,
				"seconds":	0.9997289776802063,
				"bytes":	8063025152,
				"bits_per_second":	64521688033.567863,
				"omitted":	false,
				"sender":	false
			}
		}, {
			"streams":	[{
					"socket":	5,
					"start":	11.005086,
					"end":	12.005132,
					"seconds":	1.0000460147857666,
					"bytes":	7239106560,
					"bits_per_second":	57910187755.116745,
					"omitted":	false,
					"sender":	false
				}],
			"sum":	{
				"start":	11.005086,
				"end":	12.005132,
				"seconds":	1.0000460147857666,
				"bytes":	7239106560,
				"bits_per_second":	57910187755.116745,
				"omitted":	false,
				"sender":	false
			}
		}, {
			"streams":	[{
					"socket":	5,
					"start":	12.005132,
					"end":	13.005062,
					"seconds":	0.99993002414703369,
					"bytes":	6672089088,
					"bits_per_second":	53380448046.383766,
					"omitted":	false,
					"sender":	false
				}],
			"sum":	{
				"start":	12.005132,
				"end":	13.005062,
				"seconds":	0.99993002414703369,
				"bytes":	6672089088,
				"bits_per_second":	53380448046.383766,
				"omitted":	false,
				"sender":	false
			}
		}, {
			"streams":	[{
					"socket":	5,
					"start":	13.005062,
					"end":	14.005037,
					"seconds":	0.999975025653839,
					"bytes":	8047951872,
					"bits_per_second":	64385222954.845718,
					"omitted":	false,
					"sender":	false
				}],
			"sum":	{
				"start":	13.005062,
				"end":	14.005037,
				"seconds":	0.999975025653839,
				"bytes":	8047951872,
				"bits_per_second":	64385222954.845718,
				"omitted":	false,
				"sender":	false
			}
		}, {
			"streams":	[{
					"socket":	5,
					"start":	14.005037,
					"end":	15.005068,
					"seconds":	1.0000309944152832,
					"bytes":	4853727232,
					"bits_per_second":	38828614385.800858,
					"omitted":	false,
					"sender":	false
				}],
			"sum":	{
				"start":	14.005037,
				"end":	15.005068,
				"seconds":	1.0000309944152832,
				"bytes":	4853727232,
				"bits_per_second":	38828614385.800858,
				"omitted":	false,
				"sender":	false
			}
		}, {
			"streams":	[{
					"socket":	5,
					"start":	15.005068,
					"end":	16.005149,
					"seconds":	1.000080943107605,
					"bytes":	4907597824,
					"bits_per_second":	39257604959.457451,