{
	"start":	{
		"connected":	[{
				"socket":	5,
				"local_host":	"192.168.64.5",
				"local_port":	49179,
				"remote_host":	"192.168.64.1",
				"remote_port":	5201
			}],
		"version":	"iperf 3.20",
		"system_info":	"Darwin PrateekVMs-Virtual-Machine.local 24.3.0 Darwin Kernel Version 24.3.0: Thu Jan  2 20:16:37 PST 2025; root:xnu-11215.81.4~3/RELEASE_ARM64_VMAPPLE arm64",
		"timestamp":	{
			"time":	"Sun, 22 Mar 2026 11:23:07 UTC",
			"timesecs":	1774178587,
			"timemillisecs":	1774178587081
		},
		"connecting_to":	{
			"host":	"192.168.64.1",
			"port":	5201
		},
		"cookie":	"gljd2jx6zaxlgxw5mh4kvcmucobcd5px4bp5",
		"tcp_mss_default":	1448,
		"target_bitrate":	0,
		"fq_rate":	0,
		"sock_bufsize":	0,
		"sndbuf_actual":	131072,
		"rcvbuf_actual":	131072,
		"test_start":	{
			"protocol":	"TCP",
			"num_streams":	1,
			"blksize":	131072,
			"omit":	0,
			"duration":	30,
			"bytes":	0,
			"blocks":	0,
			"reverse":	0,
			"tos":	0,
			"target_bitrate":	0,
			"bidir":	0,
			"fqrate":	0,
			"interval":	1
		}
	},
	"intervals":	[{
			"streams":	[{
					"socket":	5,
					"start":	0,
					"end":	1.002666,
					"seconds":	1.0026659965515137,
					"bytes":	7929462784,
					"bits_per_second":	63267032581.313713,
					"omitted":	false,
					"sender":	true
				}],
			"sum":	{
				"start":	0,
				"end":	1.002666,
				"seconds":	1.0026659965515137,
				"bytes":	7929462784,
				"bits_per_second":	63267032581.313713,
				"omitted":	false,
				"sender":	true
			}
		}, {
			"streams":	[{
					"socket":	5,
					"start":	1.002666,
					"end":	2.005049,
					"seconds":	1.00238299369812,
					"bytes":	8317698048,
					"bits_per_second":	66383393176.4008,
					"omitted":	false,
					"sender":	true
				}],
			"sum":	{
				"start":	1.002666,
				"end":	2.005049,
				"seconds":	1.00238299369812,
				"bytes":	8317698048,
				"bits_per_second":	66383393176.4008,
				"omitted":	false,
				"sender":	true
			}
		}, {
			"streams":	[{
					"socket":	5,
					"start":	2.005049,
					"end":	3.005158,
					"seconds":	1.0001089572906494,
					"bytes":	8547336192,
					"bits_per_second":	68371239990.932243,
					"omitted":	false,
					"sender":	true
				}],
			"sum":	{
				"start":	2.005049,
				"end":	3.005158,
				"seconds":	1.0001089572906494,
				"bytes":	8547336192,
				"bits_per_second":	68371239990.932243,
				"omitted":	false,
				"sender":	true
			}
		}, {
			"streams":	[{
					"socket":	5,
					"start":	3.005158,
					"end":	4.005069,
					"seconds":	0.99991101026535034,
					"bytes":	8574599168,
					"bits_per_second":	68602898297.715714,
					"omitted":	false,
					"sender":	true
				}],
			"sum":	{
				"start":	3.005158,
				"end":	4.005069,
				"seconds":	0.99991101026535034,
				"bytes":	8574599168,
				"bits_per_second":	68602898297.715714,
				"omitted":	false,
				"sender":	true
			}
		}, {
			"streams":	[{
					"socket":	5,
					"start":	4.005069,
					"end":	5.004247,
					"seconds":	0.99917799234390259,
					"bytes":	8591769600,
					"bits_per_second":	68790703284.7684,
					"omitted":	false,
					"sender":	true
				}],
			"sum":	{
				"start":	4.005069,
				"end":	5.004247,
				"seconds":	0.99917799234390259,
				"bytes":	8591769600,
				"bits_per_second":	68790703284.7684,
				"omitted":	false,
				"sender":	true
			}
		}, {
			"streams":	[{
					"socket":	5,
					"start":	5.004247,
					"end":	6.005037,
					"seconds":	1.000789999961853,
					"bytes":	8341028864,
					"bits_per_second":	66675557224.336243,
					"omitted":	false,
					"sender":	true
				}],
			"sum":	{
				"start":	5.004247,
				"end":	6.005037,
				"seconds":	1.000789999961853,
				"bytes":	8341028864,
				"bits_per_second":	66675557224.336243,
				"omitted":	false,
				"sender":	true
			}
		}, {
			"streams":	[{
					"socket":	5,
					"start":	6.005037,
					"end":	7.004423,
					"seconds":	0.9993860125541687,
					"bytes":	8567914496,
					"bits_per_second":	68585426558.87413,
					"omitted":	false,
					"sender":	true
				}],
			"sum":	{
				"start":	6.005037,
				"end":	7.004423,
				"seconds":	0.9993860125541687,
				"bytes":	8567914496,
				"bits_per_second":	68585426558.87413,
				"omitted":	false,
				"sender":	true
			}
		}, {
			"streams":	[{
					"socket":	5,
					"start":	7.004423,
					"end":	8.002378,
					"seconds":	0.997955024242401,
					"bytes":	8658354176,
					"bits_per_second":	69408772665.465576,
					"omitted":	false,
					"sender":	true
				}],
			"sum":	{
				"start":	7.004423,
				"end":	8.002378,
				"seconds":	0.997955024242401,
				"bytes":	8658354176,
				"bits_per_second":	69408772665.465576,
				"omitted":	false,
				"sender":	true
			}
		}, {
			"streams":	[{
					"socket":	5,
					"start":	8.002378,
					"end":	9.004873,
					"seconds":	1.0024950504302979,
					"bytes":	8095531008,
					"bits_per_second":	64603060170.921982,
					"omitted":	false,
					"sender":	true
				}],
			"sum":	{
				"start":	8.002378,
				"end":	9.004873,
				"seconds":	1.0024950504302979,
				"bytes":	8095531008,
				"bits_per_second":	64603060170.921982,
				"omitted":	false,
				"sender":	true
			}
		}, {
			"streams":	[{
					"socket":	5,
					"start":	9.004873,
					"end":	10.005075,
					"seconds":	1.000201940536499,
					"bytes":	5568593920,
					"bits_per_second":	44539756977.580414,
					"omitted":	false,
					"sender":	true
				}],
			"sum":	{
				"start":	9.004873,
				"end":	10.005075,
				"seconds":	1.000201940536499,
				"bytes":	5568593920,
				"bits_per_second":	44539756977.580414,
				"omitted":	false,
				"sender":	true
			}
		}, {
			"streams":	[{
					"socket":	5,
					"start":	10.005075,
					"end":	11.005079,
					"seconds":	1.0000040531158447,
					"bytes":	8403681280,
					"bits_per_second":	67229177752.354424,
					"omitted":	false,
					"sender":	true
				}],
			"sum":	{
				"start":	10.005075,
				"end":	11.005079,
				"seconds":	1.0000040531158447,
				"bytes":	8403681280,
				"bits_per_second":	67229177752.354424,
				"omitted":	false,
				"sender":	true
			}
		}, {
			"streams":	[{
					"socket":	5,
					"start":	11.005079,
					"end":	12.005047,
					"seconds":	0.99996799230575562,
					"bytes":	8589672448,
					"bits_per_second":	68719579139.2777,
					"omitted":	false,
					"sender":	true
				}],
			"sum":	{
				"start":	11.005079,
				"end":	12.005047,
				"seconds":	0.99996799230575562,
				"bytes":	8589672448,
				"bits_per_second":	68719579139.2777,
				"omitted":	false,
				"sender":	true
			}
		}, {
			"streams":	[{
					"socket":	5,
					"start":	12.005047,
					"end":	13.001535,
					"seconds":	0.99648797512054443,
					"bytes":	8569225216,
					"bits_per_second":	68795412929.8019,
					"omitted":	false,
					"sender":	true
				}],
			"sum":	{
				"start":	12.005047,
				"end":	13.001535,
				"seconds":	0.99648797512054443,
				"bytes":	8569225216,
				"bits_per_second":	68795412929.8019,
				"omitted":	false,
				"sender":	true
			}
		}, {
			"streams":	[{
					"socket":	5,
					"start":	13.001535,
					"end":	14.002383,
					"seconds":	1.0008480548858643,
					"bytes":	8600420352,
					"bits_per_second":	68745063229.2494,
					"omitted":	false,
					"sender":	true
				}],
			"sum":	{
				"start":	13.001535,
				"end":	14.002383,
				"seconds":	1.0008480548858643,
				"bytes":	8600420352,
				"bits_per_second":	68745063229.2494,
				"omitted":	false,
				"sender":	true
			}
		}, {
			"streams":	[{
					"socket":	5,
					"start":	14.002383,
					"end":	15.003733,
					"seconds":	1.0013500452041626,
					"bytes":	8606842880,
					"bits_per_second":	68761911351.351059,
					"omitted":	false,
					"sender":	true
				}],
			"sum":	{
				"start":	14.002383,
				"end":	15.003733,
				"seconds":	1.0013500452041626,
				"bytes":	8606842880,
				"bits_per_second":	68761911351.351059,
				"omitted":	false,
				"sender":	true
			}
		}, {
			"streams":	[{
					"socket":	5,
					"start":	15.003733,
					"end":	16.000995,
					"seconds":	0.99726200103759766,
					"bytes":	8612478976,
					"bits_per_second":	69088997411.225357,
					"omitted":	false,