{
	"start":	{
		"connected":	[{
				"socket":	5,
				"local_host":	"192.168.64.5",
				"local_port":	49175,
				"remote_host":	"192.168.64.1",
				"remote_port":	5201
			}],
		"version":	"iperf 3.20",
		"system_info":	"Darwin PrateekVMs-Virtual-Machine.local 24.3.0 Darwin Kernel Version 24.3.0: Thu Jan  2 20:16:37 PST 2025; root:xnu-11215.81.4~3/RELEASE_ARM64_VMAPPLE arm64",
		"timestamp":	{
			"time":	"Sun, 22 Mar 2026 11:22:07 UTC",
			"timesecs":	1774178527,
			"timemillisecs":	1774178527048
		},
		"connecting_to":	{
			"host":	"192.168.64.1",
			"port":	5201
		},
		"cookie":	"5xg3ci6avjyqom3i5co4offo6b3iqjdlgddv",
		"tcp_mss_default":	1448,
		"target_bitrate":	0,
		"fq_rate":	0,
		"sock_bufsize":	0,
		"sndbuf_actual":	131072,
		"rcvbuf_actual":	131072,
		"test_start":	{
			"protocol":	"TCP",
			"num_streams":	1,
			"blksize":	131072,
			"omit":	0,
			"duration":	30,
			"bytes":	0,
			"blocks":	0,
			"reverse":	0,
			"tos":	0,
			"target_bitrate":	0,
			"bidir":	0,
			"fqrate":	0,
			"interval":	1
		}
	},
	"intervals":	[{
			"streams":	[{
					"socket":	5,
					"start":	0,
					"end":	1.005081,
					"seconds":	1.0050810575485229,
					"bytes":	8038383616,
					"bits_per_second":	63981972841.922157,
					"omitted":	false,
					"sender":	true
				}],
			"sum":	{
				"start":	0,
				"end":	1.005081,
				"seconds":	1.0050810575485229,
				"bytes":	8038383616,
				"bits_per_second":	63981972841.922157,
				"omitted":	false,
				"sender":	true
			}
		}, {
			"streams":	[{
					"socket":	5,
					"start":	1.005081,
					"end":	2.005032,
					"seconds":	0.99995100498199463,
					"bytes":	8460042240,
					"bits_per_second":	67683654081.8504,
					"omitted":	false,
					"sender":	true
				}],
			"sum":	{
				"start":	1.005081,
				"end":	2.005032,
				"seconds":	0.99995100498199463,
				"bytes":	8460042240,
				"bits_per_second":	67683654081.8504,
				"omitted":	false,
				"sender":	true
			}
		}, {
			"streams":	[{
					"socket":	5,
					"start":	2.005032,
					"end":	3.005052,
					"seconds":	1.0000200271606445,
					"bytes":	8696233984,
					"bits_per_second":	69568478612.90303,
					"omitted":	false,
					"sender":	true
				}],
			"sum":	{
				"start":	2.005032,
				"end":	3.005052,
				"seconds":	1.0000200271606445,
				"bytes":	8696233984,
				"bits_per_second":	69568478612.90303,
				"omitted":	false,
				"sender":	true
			}
		}, {
			"streams":	[{
					"socket":	5,
					"start":	3.005052,
					"end":	4.004925,
					"seconds":	0.99987298250198364,
					"bytes":	8636989440,
					"bits_per_second":	69104693025.209244,
					"omitted":	false,
					"sender":	true
				}],
			"sum":	{
				"start":	3.005052,
				"end":	4.004925,
				"seconds":	0.99987298250198364,
				"bytes":	8636989440,
				"bits_per_second":	69104693025.209244,
				"omitted":	false,
				"sender":	true
			}
		}, {
			"streams":	[{
					"socket":	5,
					"start":	4.004925,
					"end":	5.005092,
					"seconds":	1.0001670122146606,
					"bytes":	8719302656,
					"bits_per_second":	69742773352.965744,
					"omitted":	false,
					"sender":	true
				}],
			"sum":	{
				"start":	4.004925,
				"end":	5.005092,
				"seconds":	1.0001670122146606,
				"bytes":	8719302656,
				"bits_per_second":	69742773352.965744,
				"omitted":	false,
				"sender":	true
			}
		}, {
			"streams":	[{
					"socket":	5,
					"start":	5.005092,
					"end":	6.004152,
					"seconds":	0.99905997514724731,
					"bytes":	8209694720,
					"bits_per_second":	65739354386.927628,
					"omitted":	false,
					"sender":	true
				}],
			"sum":	{
				"start":	5.005092,
				"end":	6.004152,
				"seconds":	0.99905997514724731,
				"bytes":	8209694720,
				"bits_per_second":	65739354386.927628,
				"omitted":	false,
				"sender":	true
			}
		}, {
			"streams":	[{
					"socket":	5,
					"start":	6.004152,
					"end":	7.005008,
					"seconds":	1.0008560419082642,
					"bytes":	8746827776,
					"bits_per_second":	69914772232.961838,
					"omitted":	false,
					"sender":	true
				}],
			"sum":	{
				"start":	6.004152,
				"end":	7.005008,
				"seconds":	1.0008560419082642,
				"bytes":	8746827776,
				"bits_per_second":	69914772232.961838,
				"omitted":	false,
				"sender":	true
			}
		}, {
			"streams":	[{
					"socket":	5,
					"start":	7.005008,
					"end":	8.005044,
					"seconds":	1.0000360012054443,
					"bytes":	8682995712,
					"bits_per_second":	69461464999.5281,
					"omitted":	false,
					"sender":	true
				}],
			"sum":	{
				"start":	7.005008,
				"end":	8.005044,
				"seconds":	1.0000360012054443,
				"bytes":	8682995712,
				"bits_per_second":	69461464999.5281,
				"omitted":	false,
				"sender":	true
			}
		}, {
			"streams":	[{
					"socket":	5,
					"start":	8.005044,
					"end":	9.005094,
					"seconds":	1.0000499486923218,
					"bytes":	8653242368,
					"bits_per_second":	69222481371.5762,
					"omitted":	false,
					"sender":	true
				}],
			"sum":	{
				"start":	8.005044,
				"end":	9.005094,
				"seconds":	1.0000499486923218,
				"bytes":	8653242368,
				"bits_per_second":	69222481371.5762,
				"omitted":	false,
				"sender":	true
			}
		}, {
			"streams":	[{
					"socket":	5,
					"start":	9.005094,
					"end":	10.005036,
					"seconds":	0.99994200468063354,
					"bytes":	8663334912,
					"bits_per_second":	69310698992.123566,
					"omitted":	false,
					"sender":	true
				}],
			"sum":	{
				"start":	9.005094,
				"end":	10.005036,
				"seconds":	0.99994200468063354,
				"bytes":	8663334912,
				"bits_per_second":	69310698992.123566,
				"omitted":	false,
				"sender":	true
			}
		}, {
			"streams":	[{
					"socket":	5,
					"start":	10.005036,
					"end":	11.00383,
					"seconds":	0.99879401922225952,
					"bytes":	8641708032,
					"bits_per_second":	69217138794.8768,
					"omitted":	false,
					"sender":	true
				}],
			"sum":	{
				"start":	10.005036,
				"end":	11.00383,
				"seconds":	0.99879401922225952,
				"bytes":	8641708032,
				"bits_per_second":	69217138794.8768,
				"omitted":	false,
				"sender":	true
			}
		}, {
			"streams":	[{
					"socket":	5,
					"start":	11.00383,
					"end":	12.005051,
					"seconds":	1.0012209415435791,
					"bytes":	8700690432,
					"bits_per_second":	69520642815.0508,
					"omitted":	false,
					"sender":	true
				}],
			"sum":	{
				"start":	11.00383,
				"end":	12.005051,
				"seconds":	1.0012209415435791,
				"bytes":	8700690432,
				"bits_per_second":	69520642815.0508,
				"omitted":	false,
				"sender":	true
			}
		}, {
			"streams":	[{
					"socket":	5,
					"start":	12.005051,
					"end":	13.005111,
					"seconds":	1.000059962272644,
					"bytes":	8712617984,
					"bits_per_second":	69696764695.5929,
					"omitted":	false,
					"sender":	true
				}],
			"sum":	{
				"start":	12.005051,
				"end":	13.005111,
				"seconds":	1.000059962272644,
				"bytes":	8712617984,
				"bits_per_second":	69696764695.5929,
				"omitted":	false,
				"sender":	true
			}
		}, {
			"streams":	[{
					"socket":	5,
					"start":	13.005111,
					"end":	14.000079,
					"seconds":	0.9949679970741272,
					"bytes":	8574337024,
					"bits_per_second":	68941610578.1436,
					"omitted":	false,
					"sender":	true
				}],
			"sum":	{
				"start":	13.005111,
				"end":	14.000079,
				"seconds":	0.9949679970741272,
				"bytes":	8574337024,
				"bits_per_second":	68941610578.1436,
				"omitted":	false,
				"sender":	true
			}
		}, {
			"streams":	[{
					"socket":	5,
					"start":	14.000079,
					"end":	15.005029,
					"seconds":	1.0049500465393066,
					"bytes":	8688107520,
					"bits_per_second":	69162502553.584839,
					"omitted":	false,
					"sender":	true
				}],
			"sum":	{
				"start":	14.000079,
				"end":	15.005029,
				"seconds":	1.0049500465393066,
				"bytes":	8688107520,
				"bits_per_second":	69162502553.584839,
				"omitted":	false,
				"sender":	true
			}
		}, {
			"streams":	[{
					"socket":	5,
					"start":	15.005029,
					"end":	16.005095,
					"seconds":	1.0000660419464111,
					"bytes":	8559919104,
					"bits_per_second":	68474830620.905624,
					"omitted":	false,