{
	"start":	{
		"connected":	[{
				"socket":	5,
				"local_host":	"192.168.64.5",
				"local_port":	49205,
				"remote_host":	"192.168.64.1",
				"remote_port":	5201
			}],
		"version":	"iperf 3.20",
		"system_info":	"Darwin PrateekVMs-Virtual-Machine.local 24.3.0 Darwin Kernel Version 24.3.0: Thu Jan  2 20:16:37 PST 2025; root:xnu-11215.81.4~3/RELEASE_ARM64_VMAPPLE arm64",
		"timestamp":	{
			"time":	"Sun, 22 Mar 2026 11:31:39 UTC",
			"timesecs":	1774179099,
			"timemillisecs":	1774179099430
		},
		"connecting_to":	{
			"host":	"192.168.64.1",
			"port":	5201
		},
		"cookie":	"zikdky3doegeroimqge3dvutpp4crti2m2c6",
		"tcp_mss_default":	1448,
		"target_bitrate":	0,
		"fq_rate":	0,
		"sock_bufsize":	0,
		"sndbuf_actual":	131072,
		"rcvbuf_actual":	131072,
		"test_start":	{
			"protocol":	"TCP",
			"num_streams":	1,
			"blksize":	131072,
			"omit":	0,
			"duration":	30,
			"bytes":	0,
			"blocks":	0,
			"reverse":	0,
			"tos":	0,
			"target_bitrate":	0,
			"bidir":	0,
			"fqrate":	0,
			"interval":	1
		}
	},
	"intervals":	[{
			"streams":	[{
					"socket":	5,
					"start":	0,
					"end":	1.010057,
					"seconds":	1.0100569725036621,
					"bytes":	7933394944,
					"bits_per_second":	62835227397.798981,
					"omitted":	false,
					"sender":	true
				}],
			"sum":	{
				"start":	0,
				"end":	1.010057,
				"seconds":	1.0100569725036621,
				"bytes":	7933394944,
				"bits_per_second":	62835227397.798981,
				"omitted":	false,
				"sender":	true
			}
		}, {
			"streams":	[{
					"socket":	5,
					"start":	1.010057,
					"end":	2.00597,
					"seconds":	0.995913028717041,
					"bytes":	7949778944,
					"bits_per_second":	63859222359.937157,
					"omitted":	false,
					"sender":	true
				}],
			"sum":	{
				"start":	1.010057,
				"end":	2.00597,
				"seconds":	0.995913028717041,
				"bytes":	7949778944,
				"bits_per_second":	63859222359.937157,
				"omitted":	false,
				"sender":	true
			}
		}, {
			"streams":	[{
					"socket":	5,
					"start":	2.00597,
					"end":	3.01003,
					"seconds":	1.0040600299835205,
					"bytes":	8287289344,
					"bits_per_second":	66030230038.226044,
					"omitted":	false,
					"sender":	true
				}],
			"sum":	{
				"start":	2.00597,
				"end":	3.01003,
				"seconds":	1.0040600299835205,
				"bytes":	8287289344,
				"bits_per_second":	66030230038.226044,
				"omitted":	false,
				"sender":	true
			}
		}, {
			"streams":	[{
					"socket":	5,
					"start":	3.01003,
					"end":	4.009006,
					"seconds":	0.99897599220275879,
					"bytes":	8357412864,
					"bits_per_second":	66927837539.492935,
					"omitted":	false,
					"sender":	true
				}],
			"sum":	{
				"start":	3.01003,
				"end":	4.009006,
				"seconds":	0.99897599220275879,
				"bytes":	8357412864,
				"bits_per_second":	66927837539.492935,
				"omitted":	false,
				"sender":	true
			}
		}, {
			"streams":	[{
					"socket":	5,
					"start":	4.009006,
					"end":	5.010028,
					"seconds":	1.0010219812393188,
					"bytes":	8402763776,
					"bits_per_second":	67153480610.660942,
					"omitted":	false,
					"sender":	true
				}],
			"sum":	{
				"start":	4.009006,
				"end":	5.010028,
				"seconds":	1.0010219812393188,
				"bytes":	8402763776,
				"bits_per_second":	67153480610.660942,
				"omitted":	false,
				"sender":	true
			}
		}, {
			"streams":	[{
					"socket":	5,
					"start":	5.010028,
					"end":	6.00558,
					"seconds":	0.99555200338363647,
					"bytes":	8393981952,
					"bits_per_second":	67451881356.039017,
					"omitted":	false,
					"sender":	true
				}],
			"sum":	{
				"start":	5.010028,
				"end":	6.00558,
				"seconds":	0.99555200338363647,
				"bytes":	8393981952,
				"bits_per_second":	67451881356.039017,
				"omitted":	false,
				"sender":	true
			}
		}, {
			"streams":	[{
					"socket":	5,
					"start":	6.00558,
					"end":	7.010022,
					"seconds":	1.0044419765472412,
					"bytes":	8430944256,
					"bits_per_second":	67149278527.616158,
					"omitted":	false,
					"sender":	true
				}],
			"sum":	{
				"start":	6.00558,
				"end":	7.010022,
				"seconds":	1.0044419765472412,
				"bytes":	8430944256,
				"bits_per_second":	67149278527.616158,
				"omitted":	false,
				"sender":	true
			}
		}, {
			"streams":	[{
					"socket":	5,
					"start":	7.010022,
					"end":	8.010095,
					"seconds":	1.0000729560852051,
					"bytes":	8358985728,
					"bits_per_second":	66867007468.9057,
					"omitted":	false,
					"sender":	true
				}],
			"sum":	{
				"start":	7.010022,
				"end":	8.010095,
				"seconds":	1.0000729560852051,
				"bytes":	8358985728,
				"bits_per_second":	66867007468.9057,
				"omitted":	false,
				"sender":	true
			}
		}, {
			"streams":	[{
					"socket":	5,
					"start":	8.010095,
					"end":	9.001549,
					"seconds":	0.991454005241394,
					"bytes":	8310882304,
					"bits_per_second":	67060154157.9451,
					"omitted":	false,
					"sender":	true
				}],
			"sum":	{
				"start":	8.010095,
				"end":	9.001549,
				"seconds":	0.991454005241394,
				"bytes":	8310882304,
				"bits_per_second":	67060154157.9451,
				"omitted":	false,
				"sender":	true
			}
		}, {
			"streams":	[{
					"socket":	5,
					"start":	9.001549,
					"end":	10.001602,
					"seconds":	1.00005304813385,
					"bytes":	8404598784,
					"bits_per_second":	67233223674.951317,
					"omitted":	false,
					"sender":	true
				}],
			"sum":	{
				"start":	9.001549,
				"end":	10.001602,
				"seconds":	1.00005304813385,
				"bytes":	8404598784,
				"bits_per_second":	67233223674.951317,
				"omitted":	false,
				"sender":	true
			}
		}, {
			"streams":	[{
					"socket":	5,
					"start":	10.001602,
					"end":	11.009433,
					"seconds":	1.0078309774398804,
					"bytes":	8442609664,
					"bits_per_second":	67016075933.257355,
					"omitted":	false,
					"sender":	true
				}],
			"sum":	{
				"start":	10.001602,
				"end":	11.009433,
				"seconds":	1.0078309774398804,
				"bytes":	8442609664,
				"bits_per_second":	67016075933.257355,
				"omitted":	false,
				"sender":	true
			}
		}, {
			"streams":	[{
					"socket":	5,
					"start":	11.009433,
					"end":	12.000039,
					"seconds":	0.99060600996017456,
					"bytes":	8317304832,
					"bits_per_second":	67169427589.758972,
					"omitted":	false,
					"sender":	true
				}],
			"sum":	{
				"start":	11.009433,
				"end":	12.000039,
				"seconds":	0.99060600996017456,
				"bytes":	8317304832,
				"bits_per_second":	67169427589.758972,
				"omitted":	false,
				"sender":	true
			}
		}, {
			"streams":	[{
					"socket":	5,
					"start":	12.000039,
					"end":	13.004856,
					"seconds":	1.004817008972168,
					"bytes":	8467513344,
					"bits_per_second":	67415366327.538261,
					"omitted":	false,
					"sender":	true
				}],
			"sum":	{
				"start":	12.000039,
				"end":	13.004856,
				"seconds":	1.004817008972168,
				"bytes":	8467513344,
				"bits_per_second":	67415366327.538261,
				"omitted":	false,
				"sender":	true
			}
		}, {
			"streams":	[{
					"socket":	5,
					"start":	13.004856,
					"end":	14.010073,
					"seconds":	1.0052169561386108,
					"bytes":	8369340416,
					"bits_per_second":	66607236297.7207,
					"omitted":	false,
					"sender":	true
				}],
			"sum":	{
				"start":	13.004856,
				"end":	14.010073,
				"seconds":	1.0052169561386108,
				"bytes":	8369340416,
				"bits_per_second":	66607236297.7207,
				"omitted":	false,
				"sender":	true
			}
		}, {
			"streams":	[{
					"socket":	5,
					"start":	14.010073,
					"end":	15.0019,
					"seconds":	0.99182701110839844,
					"bytes":	8351383552,
					"bits_per_second":	67361614140.087288,
					"omitted":	false,
					"sender":	true
				}],
			"sum":	{
				"start":	14.010073,
				"end":	15.0019,
				"seconds":	0.99182701110839844,
				"bytes":	8351383552,
				"bits_per_second":	67361614140.087288,
				"omitted":	false,
				"sender":	true
			}
		}, {
			"streams":	[{
					"socket":	5,
					"start":	15.0019,
					"end":	16.003582,
					"seconds":	1.0016820430755615,
					"bytes":	8292794368,
					"bits_per_second":	66230951630.4222,
					"omitted":	false,