{
	"start":	{
		"connected":	[{
				"socket":	5,
				"local_host":	"192.168.64.5",
				"local_port":	49184,
				"remote_host":	"192.168.64.1",
				"remote_port":	5201
			}],
		"version":	"iperf 3.20",
		"system_info":	"Darwin PrateekVMs-Virtual-Machine.local 24.3.0 Darwin Kernel Version 24.3.0: Thu Jan  2 20:16:37 PST 2025; root:xnu-11215.81.4~3/RELEASE_ARM64_VMAPPLE arm64",
		"timestamp":	{
			"time":	"Sun, 22 Mar 2026 11:24:07 UTC",
			"timesecs":	1774178647,
			"timemillisecs":	1774178647150
		},
		"connecting_to":	{
			"host":	"192.168.64.1",
			"port":	5201
		},
		"cookie":	"wgspctb5wsgszi7ewmqdgbvw47clfgjl63j7",
		"tcp_mss_default":	1448,
		"target_bitrate":	0,
		"fq_rate":	0,
		"sock_bufsize":	0,
		"sndbuf_actual":	131072,
		"rcvbuf_actual":	131072,
		"test_start":	{
			"protocol":	"TCP",
			"num_streams":	1,
			"blksize":	131072,
			"omit":	0,
			"duration":	30,
			"bytes":	0,
			"blocks":	0,
			"reverse":	1,
			"tos":	0,
			"target_bitrate":	0,
			"bidir":	0,
			"fqrate":	0,
			"interval":	1
		}
	},
	"intervals":	[{
			"streams":	[{
					"socket":	5,
					"start":	0,
					"end":	1.005118,
					"seconds":	1.0051180124282837,
					"bytes":	7143686144,
					"bits_per_second":	56858486710.362961,
					"omitted":	false,
					"sender":	false
				}],
			"sum":	{
				"start":	0,
				"end":	1.005118,
				"seconds":	1.0051180124282837,
				"bytes":	7143686144,
				"bits_per_second":	56858486710.362961,
				"omitted":	false,
				"sender":	false
			}
		}, {
			"streams":	[{
					"socket":	5,
					"start":	1.005118,
					"end":	2.005089,
					"seconds":	0.99997097253799438,
					"bytes":	7421034496,
					"bits_per_second":	59369999328.39978,
					"omitted":	false,
					"sender":	false
				}],
			"sum":	{
				"start":	1.005118,
				"end":	2.005089,
				"seconds":	0.99997097253799438,
				"bytes":	7421034496,
				"bits_per_second":	59369999328.39978,
				"omitted":	false,
				"sender":	false
			}
		}, {
			"streams":	[{
					"socket":	5,
					"start":	2.005089,
					"end":	3.005197,
					"seconds":	1.000108003616333,
					"bytes":	7888830464,
					"bits_per_second":	63103828270.342346,
					"omitted":	false,
					"sender":	false
				}],
			"sum":	{
				"start":	2.005089,
				"end":	3.005197,
				"seconds":	1.000108003616333,
				"bytes":	7888830464,
				"bits_per_second":	63103828270.342346,
				"omitted":	false,
				"sender":	false
			}
		}, {
			"streams":	[{
					"socket":	5,
					"start":	3.005197,
					"end":	4.005045,
					"seconds":	0.99984800815582275,
					"bytes":	7870087168,
					"bits_per_second":	62970268311.208954,
					"omitted":	false,
					"sender":	false
				}],
			"sum":	{
				"start":	3.005197,
				"end":	4.005045,
				"seconds":	0.99984800815582275,
				"bytes":	7870087168,
				"bits_per_second":	62970268311.208954,
				"omitted":	false,
				"sender":	false
			}
		}, {
			"streams":	[{
					"socket":	5,
					"start":	4.005045,
					"end":	5.005064,
					"seconds":	1.0000189542770386,
					"bytes":	8107065344,
					"bits_per_second":	64855293466.8002,
					"omitted":	false,
					"sender":	false
				}],
			"sum":	{
				"start":	4.005045,
				"end":	5.005064,
				"seconds":	1.0000189542770386,
				"bytes":	8107065344,
				"bits_per_second":	64855293466.8002,
				"omitted":	false,
				"sender":	false
			}
		}, {
			"streams":	[{
					"socket":	5,
					"start":	5.005064,
					"end":	6.005071,
					"seconds":	1.0000070333480835,
					"bytes":	7857111040,
					"bits_per_second":	62856446228.734383,
					"omitted":	false,
					"sender":	false
				}],
			"sum":	{
				"start":	5.005064,
				"end":	6.005071,
				"seconds":	1.0000070333480835,
				"bytes":	7857111040,
				"bits_per_second":	62856446228.734383,
				"omitted":	false,
				"sender":	false
			}
		}, {
			"streams":	[{
					"socket":	5,
					"start":	6.005071,
					"end":	7.005065,
					"seconds":	0.99999397993087769,
					"bytes":	8054767616,
					"bits_per_second":	64438528852.397835,
					"omitted":	false,
					"sender":	false
				}],
			"sum":	{
				"start":	6.005071,
				"end":	7.005065,
				"seconds":	0.99999397993087769,
				"bytes":	8054767616,
				"bits_per_second":	64438528852.397835,
				"omitted":	false,
				"sender":	false
			}
		}, {
			"streams":	[{
					"socket":	5,
					"start":	7.005065,
					"end":	8.005088,
					"seconds":	1.0000230073928833,
					"bytes":	7946240000,
					"bits_per_second":	63568457455.524338,
					"omitted":	false,
					"sender":	false
				}],
			"sum":	{
				"start":	7.005065,
				"end":	8.005088,
				"seconds":	1.0000230073928833,
				"bytes":	7946240000,
				"bits_per_second":	63568457455.524338,
				"omitted":	false,
				"sender":	false
			}
		}, {
			"streams":	[{
					"socket":	5,
					"start":	8.005088,
					"end":	9.005058,
					"seconds":	0.999970018863678,
					"bytes":	7682129920,
					"bits_per_second":	61458881967.118454,
					"omitted":	false,
					"sender":	false
				}],
			"sum":	{
				"start":	8.005088,
				"end":	9.005058,
				"seconds":	0.999970018863678,
				"bytes":	7682129920,
				"bits_per_second":	61458881967.118454,
				"omitted":	false,
				"sender":	false
			}
		}, {
			"streams":	[{
					"socket":	5,
					"start":	9.005058,
					"end":	10.005052,
					"seconds":	0.99999397993087769,
					"bytes":	8106278912,
					"bits_per_second":	64850621701.225266,
					"omitted":	false,
					"sender":	false
				}],
			"sum":	{
				"start":	9.005058,
				"end":	10.005052,
				"seconds":	0.99999397993087769,
				"bytes":	8106278912,
				"bits_per_second":	64850621701.225266,
				"omitted":	false,
				"sender":	false
			}
		}, {
			"streams":	[{
					"socket":	5,
					"start":	10.005052,
					"end":	11.00507,
					"seconds":	1.0000180006027222,
					"bytes":	8079278080,
					"bits_per_second":	64633061205.942513,
					"omitted":	false,
					"sender":	false
				}],
			"sum":	{
				"start":	10.005052,
				"end":	11.00507,
				"seconds":	1.0000180006027222,
				"bytes":	8079278080,
				"bits_per_second":	64633061205.942513,
				"omitted":	false,
				"sender":	false
			}
		}, {
			"streams":	[{
					"socket":	5,
					"start":	11.00507,
					"end":	12.005165,
					"seconds":	1.000095009803772,
					"bytes":	8035368960,
					"bits_per_second":	64276844749.593262,
					"omitted":	false,
					"sender":	false
				}],
			"sum":	{
				"start":	11.00507,
				"end":	12.005165,
				"seconds":	1.000095009803772,
				"bytes":	8035368960,
				"bits_per_second":	64276844749.593262,
				"omitted":	false,
				"sender":	false
			}
		}, {
			"streams":	[{
					"socket":	5,
					"start":	12.005165,
					"end":	13.005041,
					"seconds":	0.99987602233886719,
					"bytes":	7915569152,
					"bits_per_second":	63332405019.448227,
					"omitted":	false,
					"sender":	false
				}],
			"sum":	{
				"start":	12.005165,
				"end":	13.005041,
				"seconds":	0.99987602233886719,
				"bytes":	7915569152,
				"bits_per_second":	63332405019.448227,
				"omitted":	false,
				"sender":	false
			}
		}, {
			"streams":	[{
					"socket":	5,
					"start":	13.005041,
					"end":	14.005053,
					"seconds":	1.0000120401382446,
					"bytes":	7787118592,
					"bits_per_second":	62296198681.155762,
					"omitted":	false,
					"sender":	false
				}],
			"sum":	{
				"start":	13.005041,
				"end":	14.005053,
				"seconds":	1.0000120401382446,
				"bytes":	7787118592,
				"bits_per_second":	62296198681.155762,
				"omitted":	false,
				"sender":	false
			}
		}, {
			"streams":	[{
					"socket":	5,
					"start":	14.005053,
					"end":	15.005052,
					"seconds":	0.99999898672103882,
					"bytes":	7846232064,
					"bits_per_second":	62769920115.439445,
					"omitted":	false,
					"sender":	false
				}],
			"sum":	{
				"start":	14.005053,
				"end":	15.005052,
				"seconds":	0.99999898672103882,
				"bytes":	7846232064,
				"bits_per_second":	62769920115.439445,
				"omitted":	false,
				"sender":	false
			}
		}, {
			"streams":	[{
					"socket":	5,
					"start":	15.005052,
					"end":	16.005079,
					"seconds":	1.0000269412994385,
					"bytes":	7435845632,