{
	"start":	{
		"connected":	[{
				"socket":	5,
				"local_host":	"192.168.64.5",
				"local_port":	49207,
				"remote_host":	"192.168.64.1",
				"remote_port":	5201
			}],
		"version":	"iperf 3.20",
		"system_info":	"Darwin PrateekVMs-Virtual-Machine.local 24.3.0 Darwin Kernel Version 24.3.0: Thu Jan  2 20:16:37 PST 2025; root:xnu-11215.81.4~3/RELEASE_ARM64_VMAPPLE arm64",
		"timestamp":	{
			"time":	"Sun, 22 Mar 2026 11:32:09 UTC",
			"timesecs":	1774179129,
			"timemillisecs":	1774179129452
		},
		"connecting_to":	{
			"host":	"192.168.64.1",
			"port":	5201
		},
		"cookie":	"oip37ha4qmqa6oralmje4d2ldhnvdksdblbl",
		"tcp_mss_default":	1448,
		"target_bitrate":	0,
		"fq_rate":	0,
		"sock_bufsize":	0,
		"sndbuf_actual":	131072,
		"rcvbuf_actual":	131072,
		"test_start":	{
			"protocol":	"TCP",
			"num_streams":	1,
			"blksize":	131072,
			"omit":	0,
			"duration":	30,
			"bytes":	0,
			"blocks":	0,
			"reverse":	0,
			"tos":	0,
			"target_bitrate":	0,
			"bidir":	0,
			"fqrate":	0,
			"interval":	1
		}
	},
	"intervals":	[{
			"streams":	[{
					"socket":	5,
					"start":	0,
					"end":	1.006142,
					"seconds":	1.0061420202255249,
					"bytes":	7353663488,
					"bits_per_second":	58470182858.29422,
					"omitted":	false,
					"sender":	true
				}],
			"sum":	{
				"start":	0,
				"end":	1.006142,
				"seconds":	1.0061420202255249,
				"bytes":	7353663488,
				"bits_per_second":	58470182858.29422,
				"omitted":	false,
				"sender":	true
			}
		}, {
			"streams":	[{
					"socket":	5,
					"start":	1.006142,
					"end":	2.007873,
					"seconds":	1.0017310380935669,
					"bytes":	7352483840,
					"bits_per_second":	58718227231.8749,
					"omitted":	false,
					"sender":	true
				}],
			"sum":	{
				"start":	1.006142,
				"end":	2.007873,
				"seconds":	1.0017310380935669,
				"bytes":	7352483840,
				"bits_per_second":	58718227231.8749,
				"omitted":	false,
				"sender":	true
			}
		}, {
			"streams":	[{
					"socket":	5,
					"start":	2.007873,
					"end":	3.004449,
					"seconds":	0.99657601118087769,
					"bytes":	8320319488,
					"bits_per_second":	66791248391.708427,
					"omitted":	false,
					"sender":	true
				}],
			"sum":	{
				"start":	2.007873,
				"end":	3.004449,
				"seconds":	0.99657601118087769,
				"bytes":	8320319488,
				"bits_per_second":	66791248391.708427,
				"omitted":	false,
				"sender":	true
			}
		}, {
			"streams":	[{
					"socket":	5,
					"start":	3.004449,
					"end":	4.005075,
					"seconds":	1.0006259679794312,
					"bytes":	8412725248,
					"bits_per_second":	67259699565.765671,
					"omitted":	false,
					"sender":	true
				}],
			"sum":	{
				"start":	3.004449,
				"end":	4.005075,
				"seconds":	1.0006259679794312,
				"bytes":	8412725248,
				"bits_per_second":	67259699565.765671,
				"omitted":	false,
				"sender":	true
			}
		}, {
			"streams":	[{
					"socket":	5,
					"start":	4.005075,
					"end":	5.004716,
					"seconds":	0.99964100122451782,
					"bytes":	8444575744,
					"bits_per_second":	67580867400.642853,
					"omitted":	false,
					"sender":	true
				}],
			"sum":	{
				"start":	4.005075,
				"end":	5.004716,
				"seconds":	0.99964100122451782,
				"bytes":	8444575744,
				"bits_per_second":	67580867400.642853,
				"omitted":	false,
				"sender":	true
			}
		}, {
			"streams":	[{
					"socket":	5,
					"start":	5.004716,
					"end":	6.004599,
					"seconds":	0.999882996082306,
					"bytes":	8358068224,
					"bits_per_second":	66872370121.28968,
					"omitted":	false,
					"sender":	true
				}],
			"sum":	{
				"start":	5.004716,
				"end":	6.004599,
				"seconds":	0.999882996082306,
				"bytes":	8358068224,
				"bits_per_second":	66872370121.28968,
				"omitted":	false,
				"sender":	true
			}
		}, {
			"streams":	[{
					"socket":	5,
					"start":	6.004599,
					"end":	7.004582,
					"seconds":	0.999983012676239,
					"bytes":	8568045568,
					"bits_per_second":	68545528949.092628,
					"omitted":	false,
					"sender":	true
				}],
			"sum":	{
				"start":	6.004599,
				"end":	7.004582,
				"seconds":	0.999983012676239,
				"bytes":	8568045568,
				"bits_per_second":	68545528949.092628,
				"omitted":	false,
				"sender":	true
			}
		}, {
			"streams":	[{
					"socket":	5,
					"start":	7.004582,
					"end":	8.004608,
					"seconds":	1.0000259876251221,
					"bytes":	8493334528,
					"bits_per_second":	67944910497.137047,
					"omitted":	false,
					"sender":	true
				}],
			"sum":	{
				"start":	7.004582,
				"end":	8.004608,
				"seconds":	1.0000259876251221,
				"bytes":	8493334528,
				"bits_per_second":	67944910497.137047,
				"omitted":	false,
				"sender":	true
			}
		}, {
			"streams":	[{
					"socket":	5,
					"start":	8.004608,
					"end":	9.004634,
					"seconds":	1.0000259876251221,
					"bytes":	8504737792,
					"bits_per_second":	68036134238.448654,
					"omitted":	false,
					"sender":	true
				}],
			"sum":	{
				"start":	8.004608,
				"end":	9.004634,
				"seconds":	1.0000259876251221,
				"bytes":	8504737792,
				"bits_per_second":	68036134238.448654,
				"omitted":	false,
				"sender":	true
			}
		}, {
			"streams":	[{
					"socket":	5,
					"start":	9.004634,
					"end":	10.001147,
					"seconds":	0.99651300907135,
					"bytes":	8320319488,
					"bits_per_second":	66795471105.8209,
					"omitted":	false,
					"sender":	true
				}],
			"sum":	{
				"start":	9.004634,
				"end":	10.001147,
				"seconds":	0.99651300907135,
				"bytes":	8320319488,
				"bits_per_second":	66795471105.8209,
				"omitted":	false,
				"sender":	true
			}
		}, {
			"streams":	[{
					"socket":	5,
					"start":	10.001147,
					"end":	11.004723,
					"seconds":	1.0035760402679443,
					"bytes":	8442085376,
					"bits_per_second":	67296029695.934563,
					"omitted":	false,
					"sender":	true
				}],
			"sum":	{
				"start":	10.001147,
				"end":	11.004723,
				"seconds":	1.0035760402679443,
				"bytes":	8442085376,
				"bits_per_second":	67296029695.934563,
				"omitted":	false,
				"sender":	true
			}
		}, {
			"streams":	[{
					"socket":	5,
					"start":	11.004723,
					"end":	12.003305,
					"seconds":	0.99858200550079346,
					"bytes":	8487567360,
					"bits_per_second":	67996958192.68,
					"omitted":	false,
					"sender":	true
				}],
			"sum":	{
				"start":	11.004723,
				"end":	12.003305,
				"seconds":	0.99858200550079346,
				"bytes":	8487567360,
				"bits_per_second":	67996958192.68,
				"omitted":	false,
				"sender":	true
			}
		}, {
			"streams":	[{
					"socket":	5,
					"start":	12.003305,
					"end":	13.000749,
					"seconds":	0.997443974018097,
					"bytes":	8299610112,
					"bits_per_second":	66567027948.975647,
					"omitted":	false,
					"sender":	true
				}],
			"sum":	{
				"start":	12.003305,
				"end":	13.000749,
				"seconds":	0.997443974018097,
				"bytes":	8299610112,
				"bits_per_second":	66567027948.975647,
				"omitted":	false,
				"sender":	true
			}
		}, {
			"streams":	[{
					"socket":	5,
					"start":	13.000749,
					"end":	14.00478,
					"seconds":	1.00403094291687,
					"bytes":	8482848768,
					"bits_per_second":	67590337352.400482,
					"omitted":	false,
					"sender":	true
				}],
			"sum":	{
				"start":	13.000749,
				"end":	14.00478,
				"seconds":	1.00403094291687,
				"bytes":	8482848768,
				"bits_per_second":	67590337352.400482,
				"omitted":	false,
				"sender":	true
			}
		}, {
			"streams":	[{
					"socket":	5,
					"start":	14.00478,
					"end":	15.003685,
					"seconds":	0.9989050030708313,
					"bytes":	8337752064,
					"bits_per_second":	66775135079.857269,
					"omitted":	false,
					"sender":	true
				}],
			"sum":	{
				"start":	14.00478,
				"end":	15.003685,
				"seconds":	0.9989050030708313,
				"bytes":	8337752064,
				"bits_per_second":	66775135079.857269,
				"omitted":	false,
				"sender":	true
			}
		}, {
			"streams":	[{
					"socket":	5,
					"start":	15.003685,
					"end":	16.004912,
					"seconds":	1.0012270212173462,
					"bytes":	8314159104,
					"bits_per_second":	66431759653.399635,
					"omitted":	false,