{
	"start":	{
		"connected":	[{
				"socket":	5,
				"local_host":	"192.168.64.5",
				"local_port":	49173,
				"remote_host":	"192.168.64.1",
				"remote_port":	5201
			}],
		"version":	"iperf 3.20",
		"system_info":	"Darwin PrateekVMs-Virtual-Machine.local 24.3.0 Darwin Kernel Version 24.3.0: Thu Jan  2 20:16:37 PST 2025; root:xnu-11215.81.4~3/RELEASE_ARM64_VMAPPLE arm64",
		"timestamp":	{
			"time":	"Sun, 22 Mar 2026 11:21:37 UTC",
			"timesecs":	1774178497,
			"timemillisecs":	1774178497032
		},
		"connecting_to":	{
			"host":	"192.168.64.1",
			"port":	5201
		},
		"cookie":	"sempwao2kfwxvq3nrpqtwkvralpeb5yf3okx",
		"tcp_mss_default":	1448,
		"target_bitrate":	0,
		"fq_rate":	0,
		"sock_bufsize":	0,
		"sndbuf_actual":	131072,
		"rcvbuf_actual":	131072,
		"test_start":	{
			"protocol":	"TCP",
			"num_streams":	1,
			"blksize":	131072,
			"omit":	0,
			"duration":	30,
			"bytes":	0,
			"blocks":	0,
			"reverse":	0,
			"tos":	0,
			"target_bitrate":	0,
			"bidir":	0,
			"fqrate":	0,
			"interval":	1
		}
	},
	"intervals":	[{
			"streams":	[{
					"socket":	5,
					"start":	0,
					"end":	1.002931,
					"seconds":	1.0029309988021851,
					"bytes":	8101691392,
					"bits_per_second":	64624117923.773155,
					"omitted":	false,
					"sender":	true
				}],
			"sum":	{
				"start":	0,
				"end":	1.002931,
				"seconds":	1.0029309988021851,
				"bytes":	8101691392,
				"bits_per_second":	64624117923.773155,
				"omitted":	false,
				"sender":	true
			}
		}, {
			"streams":	[{
					"socket":	5,
					"start":	1.002931,
					"end":	2.00503,
					"seconds":	1.00209903717041,
					"bytes":	8363966464,
					"bits_per_second":	66771575692.694183,
					"omitted":	false,
					"sender":	true
				}],
			"sum":	{
				"start":	1.002931,
				"end":	2.00503,
				"seconds":	1.00209903717041,
				"bytes":	8363966464,
				"bits_per_second":	66771575692.694183,
				"omitted":	false,
				"sender":	true
			}
		}, {
			"streams":	[{
					"socket":	5,
					"start":	2.00503,
					"end":	3.002151,
					"seconds":	0.997120976448059,
					"bytes":	8544452608,
					"bits_per_second":	68552986526.766449,
					"omitted":	false,
					"sender":	true
				}],
			"sum":	{
				"start":	2.00503,
				"end":	3.002151,
				"seconds":	0.997120976448059,
				"bytes":	8544452608,
				"bits_per_second":	68552986526.766449,
				"omitted":	false,
				"sender":	true
			}
		}, {
			"streams":	[{
					"socket":	5,
					"start":	3.002151,
					"end":	4.005025,
					"seconds":	1.00287401676178,
					"bytes":	8564244480,
					"bits_per_second":	68317609884.068459,
					"omitted":	false,
					"sender":	true
				}],
			"sum":	{
				"start":	3.002151,
				"end":	4.005025,
				"seconds":	1.00287401676178,
				"bytes":	8564244480,
				"bits_per_second":	68317609884.068459,
				"omitted":	false,
				"sender":	true
			}
		}, {
			"streams":	[{
					"socket":	5,
					"start":	4.005025,
					"end":	5.002172,
					"seconds":	0.997147023677826,
					"bytes":	8621391872,
					"bits_per_second":	69168470985.963943,
					"omitted":	false,
					"sender":	true
				}],
			"sum":	{
				"start":	4.005025,
				"end":	5.002172,
				"seconds":	0.997147023677826,
				"bytes":	8621391872,
				"bits_per_second":	69168470985.963943,
				"omitted":	false,
				"sender":	true
			}
		}, {
			"streams":	[{
					"socket":	5,
					"start":	5.002172,
					"end":	6.004246,
					"seconds":	1.0020740032196045,
					"bytes":	8685879296,
					"bits_per_second":	69343216314.1068,
					"omitted":	false,
					"sender":	true
				}],
			"sum":	{
				"start":	5.002172,
				"end":	6.004246,
				"seconds":	1.0020740032196045,
				"bytes":	8685879296,
				"bits_per_second":	69343216314.1068,
				"omitted":	false,
				"sender":	true
			}
		}, {
			"streams":	[{
					"socket":	5,
					"start":	6.004246,
					"end":	7.005035,
					"seconds":	1.0007890462875366,
					"bytes":	8727691264,
					"bits_per_second":	69766481129.0706,
					"omitted":	false,
					"sender":	true
				}],
			"sum":	{
				"start":	6.004246,
				"end":	7.005035,
				"seconds":	1.0007890462875366,
				"bytes":	8727691264,
				"bits_per_second":	69766481129.0706,
				"omitted":	false,
				"sender":	true
			}
		}, {
			"streams":	[{
					"socket":	5,
					"start":	7.005035,
					"end":	8.005194,
					"seconds":	1.0001590251922607,
					"bytes":	8377860096,
					"bits_per_second":	67012224136.172928,
					"omitted":	false,
					"sender":	true
				}],
			"sum":	{
				"start":	7.005035,
				"end":	8.005194,
				"seconds":	1.0001590251922607,
				"bytes":	8377860096,
				"bits_per_second":	67012224136.172928,
				"omitted":	false,
				"sender":	true
			}
		}, {
			"streams":	[{
					"socket":	5,
					"start":	8.005194,
					"end":	9.004387,
					"seconds":	0.999193012714386,
					"bytes":	8675655680,
					"bits_per_second":	69461299825.801651,
					"omitted":	false,
					"sender":	true
				}],
			"sum":	{
				"start":	8.005194,
				"end":	9.004387,
				"seconds":	0.999193012714386,
				"bytes":	8675655680,
				"bits_per_second":	69461299825.801651,
				"omitted":	false,
				"sender":	true
			}
		}, {
			"streams":	[{
					"socket":	5,
					"start":	9.004387,
					"end":	10.005089,
					"seconds":	1.0007020235061646,
					"bytes":	8693088256,
					"bits_per_second":	69495918279.7851,
					"omitted":	false,
					"sender":	true
				}],
			"sum":	{
				"start":	9.004387,
				"end":	10.005089,
				"seconds":	1.0007020235061646,
				"bytes":	8693088256,
				"bits_per_second":	69495918279.7851,
				"omitted":	false,
				"sender":	true
			}
		}, {
			"streams":	[{
					"socket":	5,
					"start":	10.005089,
					"end":	11.002005,
					"seconds":	0.99691599607467651,
					"bytes":	8574992384,
					"bits_per_second":	68812156031.310532,
					"omitted":	false,
					"sender":	true
				}],
			"sum":	{
				"start":	10.005089,
				"end":	11.002005,
				"seconds":	0.99691599607467651,
				"bytes":	8574992384,
				"bits_per_second":	68812156031.310532,
				"omitted":	false,
				"sender":	true
			}
		}, {
			"streams":	[{
					"socket":	5,
					"start":	11.002005,
					"end":	12.005059,
					"seconds":	1.0030540227890015,
					"bytes":	8788115456,
					"bits_per_second":	70090864550.3624,
					"omitted":	false,
					"sender":	true
				}],
			"sum":	{
				"start":	11.002005,
				"end":	12.005059,
				"seconds":	1.0030540227890015,
				"bytes":	8788115456,
				"bits_per_second":	70090864550.3624,
				"omitted":	false,
				"sender":	true
			}
		}, {
			"streams":	[{
					"socket":	5,
					"start":	12.005059,
					"end":	13.000111,
					"seconds":	0.99505198001861572,
					"bytes":	8722055168,
					"bits_per_second":	70123413394.639542,
					"omitted":	false,
					"sender":	true
				}],
			"sum":	{
				"start":	12.005059,
				"end":	13.000111,
				"seconds":	0.99505198001861572,
				"bytes":	8722055168,
				"bits_per_second":	70123413394.639542,
				"omitted":	false,
				"sender":	true
			}
		}, {
			"streams":	[{
					"socket":	5,
					"start":	13.000111,
					"end":	14.005067,
					"seconds":	1.0049560070037842,
					"bytes":	8811184128,
					"bits_per_second":	70141849526.488342,
					"omitted":	false,
					"sender":	true
				}],
			"sum":	{
				"start":	13.000111,
				"end":	14.005067,
				"seconds":	1.0049560070037842,
				"bytes":	8811184128,
				"bits_per_second":	70141849526.488342,
				"omitted":	false,
				"sender":	true
			}
		}, {
			"streams":	[{
					"socket":	5,
					"start":	14.005067,
					"end":	15.005054,
					"seconds":	0.999987006187439,
					"bytes":	8737128448,
					"bits_per_second":	69897935824.6765,
					"omitted":	false,
					"sender":	true
				}],
			"sum":	{
				"start":	14.005067,
				"end":	15.005054,
				"seconds":	0.999987006187439,
				"bytes":	8737128448,
				"bits_per_second":	69897935824.6765,
				"omitted":	false,
				"sender":	true
			}
		}, {
			"streams":	[{
					"socket":	5,
					"start":	15.005054,
					"end":	16.005065,
					"seconds":	1.0000109672546387,
					"bytes":	8589148160,
					"bits_per_second":	68712431693.264778,
					"omitted":	false,