{
	"start":	{
		"connected":	[{
				"socket":	5,
				"local_host":	"192.168.64.5",
				"local_port":	49186,
				"remote_host":	"192.168.64.1",
				"remote_port":	5201
			}],
		"version":	"iperf 3.20",
		"system_info":	"Darwin PrateekVMs-Virtual-Machine.local 24.3.0 Darwin Kernel Version 24.3.0: Thu Jan  2 20:16:37 PST 2025; root:xnu-11215.81.4~3/RELEASE_ARM64_VMAPPLE arm64",
		"timestamp":	{
			"time":	"Sun, 22 Mar 2026 11:24:37 UTC",
			"timesecs":	1774178677,
			"timemillisecs":	1774178677168
		},
		"connecting_to":	{
			"host":	"192.168.64.1",
			"port":	5201
		},
		"cookie":	"4kvmpjwqfpwf5bveij5jjp4aqbnoetm4n553",
		"tcp_mss_default":	1448,
		"target_bitrate":	0,
		"fq_rate":	0,
		"sock_bufsize":	0,
		"sndbuf_actual":	131072,
		"rcvbuf_actual":	131072,
		"test_start":	{
			"protocol":	"TCP",
			"num_streams":	1,
			"blksize":	131072,
			"omit":	0,
			"duration":	30,
			"bytes":	0,
			"blocks":	0,
			"reverse":	1,
			"tos":	0,
			"target_bitrate":	0,
			"bidir":	0,
			"fqrate":	0,
			"interval":	1
		}
	},
	"intervals":	[{
			"streams":	[{
					"socket":	5,
					"start":	0,
					"end":	1.005059,
					"seconds":	1.0050590038299561,
					"bytes":	7397965824,
					"bits_per_second":	58885822987.973724,
					"omitted":	false,
					"sender":	false
				}],
			"sum":	{
				"start":	0,
				"end":	1.005059,
				"seconds":	1.0050590038299561,
				"bytes":	7397965824,
				"bits_per_second":	58885822987.973724,
				"omitted":	false,
				"sender":	false
			}
		}, {
			"streams":	[{
					"socket":	5,
					"start":	1.005059,
					"end":	2.005128,
					"seconds":	1.00006902217865,
					"bytes":	7650410496,
					"bits_per_second":	61199059875.556061,
					"omitted":	false,
					"sender":	false
				}],
			"sum":	{
				"start":	1.005059,
				"end":	2.005128,
				"seconds":	1.00006902217865,
				"bytes":	7650410496,
				"bits_per_second":	61199059875.556061,
				"omitted":	false,
				"sender":	false
			}
		}, {
			"streams":	[{
					"socket":	5,
					"start":	2.005128,
					"end":	3.003076,
					"seconds":	0.99794799089431763,
					"bytes":	7159808000,
					"bits_per_second":	57396241610.416519,
					"omitted":	false,
					"sender":	false
				}],
			"sum":	{
				"start":	2.005128,
				"end":	3.003076,
				"seconds":	0.99794799089431763,
				"bytes":	7159808000,
				"bits_per_second":	57396241610.416519,
				"omitted":	false,
				"sender":	false
			}
		}, {
			"streams":	[{
					"socket":	5,
					"start":	3.003076,
					"end":	4.004656,
					"seconds":	1.0015799999237061,
					"bytes":	8017018880,
					"bits_per_second":	64034975783.1481,
					"omitted":	false,
					"sender":	false
				}],
			"sum":	{
				"start":	3.003076,
				"end":	4.004656,
				"seconds":	1.0015799999237061,
				"bytes":	8017018880,
				"bits_per_second":	64034975783.1481,
				"omitted":	false,
				"sender":	false
			}
		}, {
			"streams":	[{
					"socket":	5,
					"start":	4.004656,
					"end":	5.005036,
					"seconds":	1.0003800392150879,
					"bytes":	7530217472,
					"bits_per_second":	60218854249.897377,
					"omitted":	false,
					"sender":	false
				}],
			"sum":	{
				"start":	4.004656,
				"end":	5.005036,
				"seconds":	1.0003800392150879,
				"bytes":	7530217472,
				"bits_per_second":	60218854249.897377,
				"omitted":	false,
				"sender":	false
			}
		}, {
			"streams":	[{
					"socket":	5,
					"start":	5.005036,
					"end":	6.005142,
					"seconds":	1.0001059770584106,
					"bytes":	6721110016,
					"bits_per_second":	53763182464.071663,
					"omitted":	false,
					"sender":	false
				}],
			"sum":	{
				"start":	5.005036,
				"end":	6.005142,
				"seconds":	1.0001059770584106,
				"bytes":	6721110016,
				"bits_per_second":	53763182464.071663,
				"omitted":	false,
				"sender":	false
			}
		}, {
			"streams":	[{
					"socket":	5,
					"start":	6.005142,
					"end":	7.00504,
					"seconds":	0.99989801645278931,
					"bytes":	7644119040,
					"bits_per_second":	61159189551.094955,
					"omitted":	false,
					"sender":	false
				}],
			"sum":	{
				"start":	6.005142,
				"end":	7.00504,
				"seconds":	0.99989801645278931,
				"bytes":	7644119040,
				"bits_per_second":	61159189551.094955,
				"omitted":	false,
				"sender":	false
			}
		}, {
			"streams":	[{
					"socket":	5,
					"start":	7.00504,
					"end":	8.00405,
					"seconds":	0.99901002645492554,
					"bytes":	7670726656,
					"bits_per_second":	61426623980.704132,
					"omitted":	false,
					"sender":	false
				}],
			"sum":	{
				"start":	7.00504,
				"end":	8.00405,
				"seconds":	0.99901002645492554,
				"bytes":	7670726656,
				"bits_per_second":	61426623980.704132,
				"omitted":	false,
				"sender":	false
			}
		}, {
			"streams":	[{
					"socket":	5,
					"start":	8.00405,
					"end":	9.005041,
					"seconds":	1.0009909868240356,
					"bytes":	8057651200,
					"bits_per_second":	64397392632.39904,
					"omitted":	false,
					"sender":	false
				}],
			"sum":	{
				"start":	8.00405,
				"end":	9.005041,
				"seconds":	1.0009909868240356,
				"bytes":	8057651200,
				"bits_per_second":	64397392632.39904,
				"omitted":	false,
				"sender":	false
			}
		}, {
			"streams":	[{
					"socket":	5,
					"start":	9.005041,
					"end":	10.005076,
					"seconds":	1.0000350475311279,
					"bytes":	8072069120,
					"bits_per_second":	64574289790.5685,
					"omitted":	false,
					"sender":	false
				}],
			"sum":	{
				"start":	9.005041,
				"end":	10.005076,
				"seconds":	1.0000350475311279,
				"bytes":	8072069120,
				"bits_per_second":	64574289790.5685,
				"omitted":	false,
				"sender":	false
			}
		}, {
			"streams":	[{
					"socket":	5,
					"start":	10.005076,
					"end":	11.005047,
					"seconds":	0.99997097253799438,
					"bytes":	7952662528,
					"bits_per_second":	63623147042.483452,
					"omitted":	false,
					"sender":	false
				}],
			"sum":	{
				"start":	10.005076,
				"end":	11.005047,
				"seconds":	0.99997097253799438,
				"bytes":	7952662528,
				"bits_per_second":	63623147042.483452,
				"omitted":	false,
				"sender":	false
			}
		}, {
			"streams":	[{
					"socket":	5,
					"start":	11.005047,
					"end":	12.005106,
					"seconds":	1.0000590085983276,
					"bytes":	8052670464,
					"bits_per_second":	64417562521.9279,
					"omitted":	false,
					"sender":	false
				}],
			"sum":	{
				"start":	11.005047,
				"end":	12.005106,
				"seconds":	1.0000590085983276,
				"bytes":	8052670464,
				"bits_per_second":	64417562521.9279,
				"omitted":	false,
				"sender":	false
			}
		}, {
			"streams":	[{
					"socket":	5,
					"start":	12.005106,
					"end":	13.005038,
					"seconds":	0.99993199110031128,
					"bytes":	8022523904,
					"bits_per_second":	64184556353.054581,
					"omitted":	false,
					"sender":	false
				}],
			"sum":	{
				"start":	12.005106,
				"end":	13.005038,
				"seconds":	0.99993199110031128,
				"bytes":	8022523904,
				"bits_per_second":	64184556353.054581,
				"omitted":	false,
				"sender":	false
			}
		}, {
			"streams":	[{
					"socket":	5,
					"start":	13.005038,
					"end":	14.005049,
					"seconds":	1.0000109672546387,
					"bytes":	7885291520,
					"bits_per_second":	63081640327.5875,
					"omitted":	false,
					"sender":	false
				}],
			"sum":	{
				"start":	13.005038,
				"end":	14.005049,
				"seconds":	1.0000109672546387,
				"bytes":	7885291520,
				"bits_per_second":	63081640327.5875,
				"omitted":	false,
				"sender":	false
			}
		}, {
			"streams":	[{
					"socket":	5,
					"start":	14.005049,
					"end":	15.004707,
					"seconds":	0.99965798854827881,
					"bytes":	7955283968,
					"bits_per_second":	63664045576.650116,
					"omitted":	false,
					"sender":	false
				}],
			"sum":	{
				"start":	14.005049,
				"end":	15.004707,
				"seconds":	0.99965798854827881,
				"bytes":	7955283968,
				"bits_per_second":	63664045576.650116,
				"omitted":	false,
				"sender":	false
			}
		}, {
			"streams":	[{
					"socket":	5,
					"start":	15.004707,
					"end":	16.005042,
					"seconds":	1.0003349781036377,
					"bytes":	6651772928,
					"bits_per_second":	53196363806.931534,