{
	"start":	{
		"connected":	[{
				"socket":	5,
				"local_host":	"192.168.64.5",
				"local_port":	49203,
				"remote_host":	"192.168.64.1",
				"remote_port":	5201
			}],
		"version":	"iperf 3.20",
		"system_info":	"Darwin PrateekVMs-Virtual-Machine.local 24.3.0 Darwin Kernel Version 24.3.0: Thu Jan  2 20:16:37 PST 2025; root:xnu-11215.81.4~3/RELEASE_ARM64_VMAPPLE arm64",
		"timestamp":	{
			"time":	"Sun, 22 Mar 2026 11:31:09 UTC",
			"timesecs":	1774179069,
			"timemillisecs":	1774179069408
		},
		"connecting_to":	{
			"host":	"192.168.64.1",
			"port":	5201
		},
		"cookie":	"ajzosuivo47zjxuyw5qtv2pgzm3cc23iolpq",
		"tcp_mss_default":	1448,
		"target_bitrate":	0,
		"fq_rate":	0,
		"sock_bufsize":	0,
		"sndbuf_actual":	131072,
		"rcvbuf_actual":	131072,
		"test_start":	{
			"protocol":	"TCP",
			"num_streams":	1,
			"blksize":	131072,
			"omit":	0,
			"duration":	30,
			"bytes":	0,
			"blocks":	0,
			"reverse":	0,
			"tos":	0,
			"target_bitrate":	0,
			"bidir":	0,
			"fqrate":	0,
			"interval":	1
		}
	},
	"intervals":	[{
			"streams":	[{
					"socket":	5,
					"start":	0,
					"end":	1.010029,
					"seconds":	1.0100289583206177,
					"bytes":	7925530624,
					"bits_per_second":	62774680339.2872,
					"omitted":	false,
					"sender":	true
				}],
			"sum":	{
				"start":	0,
				"end":	1.010029,
				"seconds":	1.0100289583206177,
				"bytes":	7925530624,
				"bits_per_second":	62774680339.2872,
				"omitted":	false,
				"sender":	true
			}
		}, {
			"streams":	[{
					"socket":	5,
					"start":	1.010029,
					"end":	2.010123,
					"seconds":	1.0000940561294556,
					"bytes":	8123711488,
					"bits_per_second":	64983579800.005844,
					"omitted":	false,
					"sender":	true
				}],
			"sum":	{
				"start":	1.010029,
				"end":	2.010123,
				"seconds":	1.0000940561294556,
				"bytes":	8123711488,
				"bits_per_second":	64983579800.005844,
				"omitted":	false,
				"sender":	true
			}
		}, {
			"streams":	[{
					"socket":	5,
					"start":	2.010123,
					"end":	3.010088,
					"seconds":	0.999965012073517,
					"bytes":	8406433792,
					"bits_per_second":	67253823407.8291,
					"omitted":	false,
					"sender":	true
				}],
			"sum":	{
				"start":	2.010123,
				"end":	3.010088,
				"seconds":	0.999965012073517,
				"bytes":	8406433792,
				"bits_per_second":	67253823407.8291,
				"omitted":	false,
				"sender":	true
			}
		}, {
			"streams":	[{
					"socket":	5,
					"start":	3.010088,
					"end":	4.01003,
					"seconds":	0.99994200468063354,
					"bytes":	8402501632,
					"bits_per_second":	67223911728.229744,
					"omitted":	false,
					"sender":	true
				}],
			"sum":	{
				"start":	3.010088,
				"end":	4.01003,
				"seconds":	0.99994200468063354,
				"bytes":	8402501632,
				"bits_per_second":	67223911728.229744,
				"omitted":	false,
				"sender":	true
			}
		}, {
			"streams":	[{
					"socket":	5,
					"start":	4.01003,
					"end":	5.005386,
					"seconds":	0.995356023311615,
					"bytes":	8367243264,
					"bits_per_second":	67250254727.241264,
					"omitted":	false,
					"sender":	true
				}],
			"sum":	{
				"start":	4.01003,
				"end":	5.005386,
				"seconds":	0.995356023311615,
				"bytes":	8367243264,
				"bits_per_second":	67250254727.241264,
				"omitted":	false,
				"sender":	true
			}
		}, {
			"streams":	[{
					"socket":	5,
					"start":	5.005386,
					"end":	6.004284,
					"seconds":	0.99889802932739258,
					"bytes":	8310095872,
					"bits_per_second":	66554107650.7727,
					"omitted":	false,
					"sender":	true
				}],
			"sum":	{
				"start":	5.005386,
				"end":	6.004284,
				"seconds":	0.99889802932739258,
				"bytes":	8310095872,
				"bits_per_second":	66554107650.7727,
				"omitted":	false,
				"sender":	true
			}
		}, {
			"streams":	[{
					"socket":	5,
					"start":	6.004284,
					"end":	7.010036,
					"seconds":	1.0057519674301147,
					"bytes":	8354922496,
					"bits_per_second":	66457120773.809845,
					"omitted":	false,
					"sender":	true
				}],
			"sum":	{
				"start":	6.004284,
				"end":	7.010036,
				"seconds":	1.0057519674301147,
				"bytes":	8354922496,
				"bits_per_second":	66457120773.809845,
				"omitted":	false,
				"sender":	true
			}
		}, {
			"streams":	[{
					"socket":	5,
					"start":	7.010036,
					"end":	8.010063,
					"seconds":	1.0000269412994385,
					"bytes":	8416526336,
					"bits_per_second":	67330396719.620667,
					"omitted":	false,
					"sender":	true
				}],
			"sum":	{
				"start":	7.010036,
				"end":	8.010063,
				"seconds":	1.0000269412994385,
				"bytes":	8416526336,
				"bits_per_second":	67330396719.620667,
				"omitted":	false,
				"sender":	true
			}
		}, {
			"streams":	[{
					"socket":	5,
					"start":	8.010063,
					"end":	9.010035,
					"seconds":	0.99997198581695557,
					"bytes":	8439595008,
					"bits_per_second":	67518651543.863266,
					"omitted":	false,
					"sender":	true
				}],
			"sum":	{
				"start":	8.010063,
				"end":	9.010035,
				"seconds":	0.99997198581695557,
				"bytes":	8439595008,
				"bits_per_second":	67518651543.863266,
				"omitted":	false,
				"sender":	true
			}
		}, {
			"streams":	[{
					"socket":	5,
					"start":	9.010035,
					"end":	10.006298,
					"seconds":	0.996263027191162,
					"bytes":	8376549376,
					"bits_per_second":	67263757842.0761,
					"omitted":	false,
					"sender":	true
				}],
			"sum":	{
				"start":	9.010035,
				"end":	10.006298,
				"seconds":	0.996263027191162,
				"bytes":	8376549376,
				"bits_per_second":	67263757842.0761,
				"omitted":	false,
				"sender":	true
			}
		}, {
			"streams":	[{
					"socket":	5,
					"start":	10.006298,
					"end":	11.010055,
					"seconds":	1.0037569999694824,
					"bytes":	8392671232,
					"bits_per_second":	66890063888.014053,
					"omitted":	false,
					"sender":	true
				}],
			"sum":	{
				"start":	10.006298,
				"end":	11.010055,
				"seconds":	1.0037569999694824,
				"bytes":	8392671232,
				"bits_per_second":	66890063888.014053,
				"omitted":	false,
				"sender":	true
			}
		}, {
			"streams":	[{
					"socket":	5,
					"start":	11.010055,
					"end":	12.007101,
					"seconds":	0.99704599380493164,
					"bytes":	8346664960,
					"bits_per_second":	66971152880.49987,
					"omitted":	false,
					"sender":	true
				}],
			"sum":	{
				"start":	11.010055,
				"end":	12.007101,
				"seconds":	0.99704599380493164,
				"bytes":	8346664960,
				"bits_per_second":	66971152880.49987,
				"omitted":	false,
				"sender":	true
			}
		}, {
			"streams":	[{
					"socket":	5,
					"start":	12.007101,
					"end":	13.010048,
					"seconds":	1.0029469728469849,
					"bytes":	8442609664,
					"bits_per_second":	67342421025.786781,
					"omitted":	false,
					"sender":	true
				}],
			"sum":	{
				"start":	12.007101,
				"end":	13.010048,
				"seconds":	1.0029469728469849,
				"bytes":	8442609664,
				"bits_per_second":	67342421025.786781,
				"omitted":	false,
				"sender":	true
			}
		}, {
			"streams":	[{
					"socket":	5,
					"start":	13.010048,
					"end":	14.002915,
					"seconds":	0.99286699295043945,
					"bytes":	8355840000,
					"bits_per_second":	67326963706.745728,
					"omitted":	false,
					"sender":	true
				}],
			"sum":	{
				"start":	13.010048,
				"end":	14.002915,
				"seconds":	0.99286699295043945,
				"bytes":	8355840000,
				"bits_per_second":	67326963706.745728,
				"omitted":	false,
				"sender":	true
			}
		}, {
			"streams":	[{
					"socket":	5,
					"start":	14.002915,
					"end":	15.010049,
					"seconds":	1.007133960723877,
					"bytes":	8474722304,
					"bits_per_second":	67317537761.58078,
					"omitted":	false,
					"sender":	true
				}],
			"sum":	{
				"start":	14.002915,
				"end":	15.010049,
				"seconds":	1.007133960723877,
				"bytes":	8474722304,
				"bits_per_second":	67317537761.58078,
				"omitted":	false,
				"sender":	true
			}
		}, {
			"streams":	[{
					"socket":	5,
					"start":	15.010049,
					"end":	16.008468,
					"seconds":	0.99841898679733276,
					"bytes":	8425832448,
					"bits_per_second":	67513399159.428,
					"omitted":	false,