{
	"start":	{
		"connected":	[{
				"socket":	5,
				"local_host":	"192.168.64.5",
				"local_port":	52822,
				"remote_host":	"192.168.64.1",
				"remote_port":	5201
			}],
		"version":	"iperf 3.20",
		"system_info":	"Darwin PrateekVMs-Virtual-Machine.local 24.3.0 Darwin Kernel Version 24.3.0: Thu Jan  2 20:16:37 PST 2025; root:xnu-11215.81.4~3/RELEASE_ARM64_VMAPPLE arm64",
		"timestamp":	{
			"time":	"Sun, 22 Mar 2026 11:26:07 UTC",
			"timesecs":	1774178767,
			"timemillisecs":	1774178767229
		},
		"connecting_to":	{
			"host":	"192.168.64.1",
			"port":	5201
		},
		"cookie":	"kuxusjex4gw3hmesbvm6rqxuby2a27c4u3wc",
		"target_bitrate":	0,
		"fq_rate":	0,
		"sock_bufsize":	0,
		"sndbuf_actual":	9216,
		"rcvbuf_actual":	786896,
		"test_start":	{
			"protocol":	"UDP",
			"num_streams":	1,
			"blksize":	1448,
			"omit":	0,
			"duration":	30,
			"bytes":	0,
			"blocks":	0,
			"reverse":	0,
			"tos":	0,
			"target_bitrate":	0,
			"bidir":	0,
			"fqrate":	0,
			"interval":	1
		}
	},
	"intervals":	[{
			"streams":	[{
					"socket":	5,
					"start":	0,
					"end":	1.004024,
					"seconds":	1.0040240287780762,
					"bytes":	888892448,
					"bits_per_second":	7082638841.4771757,
					"packets":	613878,
					"omitted":	false,
					"sender":	true
				}],
			"sum":	{
				"start":	0,
				"end":	1.004024,
				"seconds":	1.0040240287780762,
				"bytes":	888892448,
				"bits_per_second":	7082638841.4771757,
				"packets":	613878,
				"omitted":	false,
				"sender":	true
			}
		}, {
			"streams":	[{
					"socket":	5,
					"start":	1.004024,
					"end":	2.002016,
					"seconds":	0.997991979122162,
					"bytes":	905363448,
					"bits_per_second":	7257480756.8803244,
					"packets":	625274,
					"omitted":	false,
					"sender":	true
				}],
			"sum":	{
				"start":	1.004024,
				"end":	2.002016,
				"seconds":	0.997991979122162,
				"bytes":	905363448,
				"bits_per_second":	7257480756.8803244,
				"packets":	625274,
				"omitted":	false,
				"sender":	true
			}
		}, {
			"streams":	[{
					"socket":	5,
					"start":	2.002016,
					"end":	3.005082,
					"seconds":	1.0030659437179565,
					"bytes":	871345584,
					"bits_per_second":	6949458024.8255835,
					"packets":	601758,
					"omitted":	false,
					"sender":	true
				}],
			"sum":	{
				"start":	2.002016,
				"end":	3.005082,
				"seconds":	1.0030659437179565,
				"bytes":	871345584,
				"bits_per_second":	6949458024.8255835,
				"packets":	601758,
				"omitted":	false,
				"sender":	true
			}
		}, {
			"streams":	[{
					"socket":	5,
					"start":	3.005082,
					"end":	4.005135,
					"seconds":	1.00005304813385,
					"bytes":	856848208,
					"bits_per_second":	6854422049.701642,
					"packets":	591748,
					"omitted":	false,
					"sender":	true
				}],
			"sum":	{
				"start":	3.005082,
				"end":	4.005135,
				"seconds":	1.00005304813385,
				"bytes":	856848208,
				"bits_per_second":	6854422049.701642,
				"packets":	591748,
				"omitted":	false,
				"sender":	true
			}
		}, {
			"streams":	[{
					"socket":	5,
					"start":	4.005135,
					"end":	5.005102,
					"seconds":	0.99996697902679443,
					"bytes":	663014584,
					"bits_per_second":	5304291824.8782234,
					"packets":	457889,
					"omitted":	false,
					"sender":	true
				}],
			"sum":	{
				"start":	4.005135,
				"end":	5.005102,
				"seconds":	0.99996697902679443,
				"bytes":	663014584,
				"bits_per_second":	5304291824.8782234,
				"packets":	457889,
				"omitted":	false,
				"sender":	true
			}
		}, {
			"streams":	[{
					"socket":	5,
					"start":	5.005102,
					"end":	6.005041,
					"seconds":	0.99993902444839478,
					"bytes":	849105752,
					"bits_per_second":	6793260238.7902584,
					"packets":	586401,
					"omitted":	false,
					"sender":	true
				}],
			"sum":	{
				"start":	5.005102,
				"end":	6.005041,
				"seconds":	0.99993902444839478,
				"bytes":	849105752,
				"bits_per_second":	6793260238.7902584,
				"packets":	586401,
				"omitted":	false,
				"sender":	true
			}
		}, {
			"streams":	[{
					"socket":	5,
					"start":	6.005041,
					"end":	7.005067,
					"seconds":	1.0000259876251221,
					"bytes":	889504952,
					"bits_per_second":	7115854691.835845,
					"packets":	614300,
					"omitted":	false,
					"sender":	true
				}],
			"sum":	{
				"start":	6.005041,
				"end":	7.005067,
				"seconds":	1.0000259876251221,
				"bytes":	889504952,
				"bits_per_second":	7115854691.835845,
				"packets":	614300,
				"omitted":	false,
				"sender":	true
			}
		}, {
			"streams":	[{
					"socket":	5,
					"start":	7.005067,
					"end":	8.005042,
					"seconds":	0.999975025653839,
					"bytes":	845200496,
					"bits_per_second":	6761772838.85554,
					"packets":	583704,
					"omitted":	false,
					"sender":	true
				}],
			"sum":	{
				"start":	7.005067,
				"end":	8.005042,
				"seconds":	0.999975025653839,
				"bytes":	845200496,
				"bits_per_second":	6761772838.85554,
				"packets":	583704,
				"omitted":	false,
				"sender":	true
			}
		}, {
			"streams":	[{
					"socket":	5,
					"start":	8.005042,
					"end":	9.005051,
					"seconds":	1.0000089406967163,
					"bytes":	883329232,
					"bits_per_second":	7066570675.934762,
					"packets":	610035,
					"omitted":	false,
					"sender":	true
				}],
			"sum":	{
				"start":	8.005042,
				"end":	9.005051,
				"seconds":	1.0000089406967163,
				"bytes":	883329232,
				"bits_per_second":	7066570675.934762,
				"packets":	610035,
				"omitted":	false,
				"sender":	true
			}
		}, {
			"streams":	[{
					"socket":	5,
					"start":	9.005051,
					"end":	10.005033,
					"seconds":	0.99998199939727783,
					"bytes":	885915360,
					"bits_per_second":	7087450458.3800144,
					"packets":	611823,
					"omitted":	false,
					"sender":	true
				}],
			"sum":	{
				"start":	9.005051,
				"end":	10.005033,
				"seconds":	0.99998199939727783,
				"bytes":	885915360,
				"bits_per_second":	7087450458.3800144,
				"packets":	611823,
				"omitted":	false,
				"sender":	true
			}
		}, {
			"streams":	[{
					"socket":	5,
					"start":	10.005033,
					"end":	11.001293,
					"seconds":	0.99625998735427856,
					"bytes":	886834840,
					"bits_per_second":	7121312518.8747263,
					"packets":	612457,
					"omitted":	false,
					"sender":	true
				}],
			"sum":	{
				"start":	10.005033,
				"end":	11.001293,
				"seconds":	0.99625998735427856,
				"bytes":	886834840,
				"bits_per_second":	7121312518.8747263,
				"packets":	612457,
				"omitted":	false,
				"sender":	true
			}
		}, {
			"streams":	[{
					"socket":	5,
					"start":	11.001293,
					"end":	12.005048,
					"seconds":	1.00375497341156,
					"bytes":	879172024,
					"bits_per_second":	7007064849.79594,
					"packets":	607166,
					"omitted":	false,
					"sender":	true
				}],
			"sum":	{
				"start":	11.001293,
				"end":	12.005048,
				"seconds":	1.00375497341156,
				"bytes":	879172024,
				"bits_per_second":	7007064849.79594,
				"packets":	607166,
				"omitted":	false,
				"sender":	true
			}
		}, {
			"streams":	[{
					"socket":	5,
					"start":	12.005048,
					"end":	13.003041,
					"seconds":	0.997992992401123,
					"bytes":	907121320,
					"bits_per_second":	7271564645.4992418,
					"packets":	626466,
					"omitted":	false,
					"sender":	true
				}],
			"sum":	{
				"start":	12.005048,
				"end":	13.003041,
				"seconds":	0.997992992401123,
				"bytes":	907121320,
				"bits_per_second":	7271564645.4992418,
				"packets":	626466,
				"omitted":	false,
				"sender":	true
			}
		}, {
			"streams":	[{
					"socket":	5,
					"start":	13.003041,
					"end":	14.005026,
					"seconds":	1.00198495388031,
					"bytes":	843067592,
					"bits_per_second":	6731179654.82509,
					"packets":	582232,
					"omitted":	false,
					"sender":	true
				}],
			"sum":	{
				"start":	13.003041,
				"end":	14.005026,
				"seconds":	1.00198495388031,
				"bytes":	843067592,
				"bits_per_second":	6731179654.82509,
				"packets":	582232,
				"omitted":	false,
				"sender":	true
			}
		}, {
			"streams":	[{
					"socket":	5,
					"start":	14.005026,
					"end":	15.005031,