{
	"start":	{
		"connected":	[{
				"socket":	5,
				"local_host":	"192.168.64.5",
				"local_port":	54655,
				"remote_host":	"192.168.64.1",
				"remote_port":	5201
			}],
		"version":	"iperf 3.20",
		"system_info":	"Darwin PrateekVMs-Virtual-Machine.local 24.3.0 Darwin Kernel Version 24.3.0: Thu Jan  2 20:16:37 PST 2025; root:xnu-11215.81.4~3/RELEASE_ARM64_VMAPPLE arm64",
		"timestamp":	{
			"time":	"Sun, 22 Mar 2026 11:26:37 UTC",
			"timesecs":	1774178797,
			"timemillisecs":	1774178797246
		},
		"connecting_to":	{
			"host":	"192.168.64.1",
			"port":	5201
		},
		"cookie":	"lpwt3lkkpbdkgja7cgdh7yo5uwisvg6hsdha",
		"target_bitrate":	0,
		"fq_rate":	0,
		"sock_bufsize":	0,
		"sndbuf_actual":	9216,
		"rcvbuf_actual":	786896,
		"test_start":	{
			"protocol":	"UDP",
			"num_streams":	1,
			"blksize":	1448,
			"omit":	0,
			"duration":	30,
			"bytes":	0,
			"blocks":	0,
			"reverse":	0,
			"tos":	0,
			"target_bitrate":	0,
			"bidir":	0,
			"fqrate":	0,
			"interval":	1
		}
	},
	"intervals":	[{
			"streams":	[{
					"socket":	5,
					"start":	0,
					"end":	1.005061,
					"seconds":	1.0050610303878784,
					"bytes":	686870384,
					"bits_per_second":	5467292936.3099022,
					"packets":	474359,
					"omitted":	false,
					"sender":	true
				}],
			"sum":	{
				"start":	0,
				"end":	1.005061,
				"seconds":	1.0050610303878784,
				"bytes":	686870384,
				"bits_per_second":	5467292936.3099022,
				"packets":	474359,
				"omitted":	false,
				"sender":	true
			}
		}, {
			"streams":	[{
					"socket":	5,
					"start":	1.005061,
					"end":	2.005071,
					"seconds":	1.0000100135803223,
					"bytes":	653395520,
					"bits_per_second":	5227111817.8959579,
					"packets":	451242,
					"omitted":	false,
					"sender":	true
				}],
			"sum":	{
				"start":	1.005061,
				"end":	2.005071,
				"seconds":	1.0000100135803223,
				"bytes":	653395520,
				"bits_per_second":	5227111817.8959579,
				"packets":	451242,
				"omitted":	false,
				"sender":	true
			}
		}, {
			"streams":	[{
					"socket":	5,
					"start":	2.005071,
					"end":	3.001133,
					"seconds":	0.99606198072433472,
					"bytes":	883446520,
					"bits_per_second":	7095514432.6063652,
					"packets":	610120,
					"omitted":	false,
					"sender":	true
				}],
			"sum":	{
				"start":	2.005071,
				"end":	3.001133,
				"seconds":	0.99606198072433472,
				"bytes":	883446520,
				"bits_per_second":	7095514432.6063652,
				"packets":	610120,
				"omitted":	false,
				"sender":	true
			}
		}, {
			"streams":	[{
					"socket":	5,
					"start":	3.001133,
					"end":	4.005086,
					"seconds":	1.0039529800415039,
					"bytes":	886255640,
					"bits_per_second":	7062128666.33146,
					"packets":	612074,
					"omitted":	false,
					"sender":	true
				}],
			"sum":	{
				"start":	3.001133,
				"end":	4.005086,
				"seconds":	1.0039529800415039,
				"bytes":	886255640,
				"bits_per_second":	7062128666.33146,
				"packets":	612074,
				"omitted":	false,
				"sender":	true
			}
		}, {
			"streams":	[{
					"socket":	5,
					"start":	4.005086,
					"end":	5.005048,
					"seconds":	0.9999619722366333,
					"bytes":	891200560,
					"bits_per_second":	7129875613.2226534,
					"packets":	615472,
					"omitted":	false,
					"sender":	true
				}],
			"sum":	{
				"start":	4.005086,
				"end":	5.005048,
				"seconds":	0.9999619722366333,
				"bytes":	891200560,
				"bits_per_second":	7129875613.2226534,
				"packets":	615472,
				"omitted":	false,
				"sender":	true
			}
		}, {
			"streams":	[{
					"socket":	5,
					"start":	5.005048,
					"end":	6.005116,
					"seconds":	1.0000679492950439,
					"bytes":	893760624,
					"bits_per_second":	7149599181.77575,
					"packets":	617248,
					"omitted":	false,
					"sender":	true
				}],
			"sum":	{
				"start":	5.005048,
				"end":	6.005116,
				"seconds":	1.0000679492950439,
				"bytes":	893760624,
				"bits_per_second":	7149599181.77575,
				"packets":	617248,
				"omitted":	false,
				"sender":	true
			}
		}, {
			"streams":	[{
					"socket":	5,
					"start":	6.005116,
					"end":	7.005032,
					"seconds":	0.99991601705551147,
					"bytes":	872592312,
					"bits_per_second":	6981324808.2138243,
					"packets":	602621,
					"omitted":	false,
					"sender":	true
				}],
			"sum":	{
				"start":	6.005116,
				"end":	7.005032,
				"seconds":	0.99991601705551147,
				"bytes":	872592312,
				"bits_per_second":	6981324808.2138243,
				"packets":	602621,
				"omitted":	false,
				"sender":	true
			}
		}, {
			"streams":	[{
					"socket":	5,
					"start":	7.005032,
					"end":	8.005041,
					"seconds":	1.0000089406967163,
					"bytes":	881627832,
					"bits_per_second":	7052959597.627285,
					"packets":	608902,
					"omitted":	false,
					"sender":	true
				}],
			"sum":	{
				"start":	7.005032,
				"end":	8.005041,
				"seconds":	1.0000089406967163,
				"bytes":	881627832,
				"bits_per_second":	7052959597.627285,
				"packets":	608902,
				"omitted":	false,
				"sender":	true
			}
		}, {
			"streams":	[{
					"socket":	5,
					"start":	8.005041,
					"end":	9.000632,
					"seconds":	0.99559098482131958,
					"bytes":	888139488,
					"bits_per_second":	7136581198.829525,
					"packets":	613358,
					"omitted":	false,
					"sender":	true
				}],
			"sum":	{
				"start":	8.005041,
				"end":	9.000632,
				"seconds":	0.99559098482131958,
				"bytes":	888139488,
				"bits_per_second":	7136581198.829525,
				"packets":	613358,
				"omitted":	false,
				"sender":	true
			}
		}, {
			"streams":	[{
					"socket":	5,
					"start":	9.000632,
					"end":	10.003572,
					"seconds":	1.0029400587081909,
					"bytes":	903704040,
					"bits_per_second":	7208439085.8930559,
					"packets":	624107,
					"omitted":	false,
					"sender":	true
				}],
			"sum":	{
				"start":	9.000632,
				"end":	10.003572,
				"seconds":	1.0029400587081909,
				"bytes":	903704040,
				"bits_per_second":	7208439085.8930559,
				"packets":	624107,
				"omitted":	false,
				"sender":	true
			}
		}, {
			"streams":	[{
					"socket":	5,
					"start":	10.003572,
					"end":	11.005023,
					"seconds":	1.0014510154724121,
					"bytes":	880441920,
					"bits_per_second":	7033329889.5077457,
					"packets":	608042,
					"omitted":	false,
					"sender":	true
				}],
			"sum":	{
				"start":	10.003572,
				"end":	11.005023,
				"seconds":	1.0014510154724121,
				"bytes":	880441920,
				"bits_per_second":	7033329889.5077457,
				"packets":	608042,
				"omitted":	false,
				"sender":	true
			}
		}, {
			"streams":	[{
					"socket":	5,
					"start":	11.005023,
					"end":	12.005031,
					"seconds":	1.0000079870224,
					"bytes":	863081848,
					"bits_per_second":	6904599636.80804,
					"packets":	596054,
					"omitted":	false,
					"sender":	true
				}],
			"sum":	{
				"start":	11.005023,
				"end":	12.005031,
				"seconds":	1.0000079870224,
				"bytes":	863081848,
				"bits_per_second":	6904599636.80804,
				"packets":	596054,
				"omitted":	false,
				"sender":	true
			}
		}, {
			"streams":	[{
					"socket":	5,
					"start":	12.005031,
					"end":	13.005046,
					"seconds":	1.0000150203704834,
					"bytes":	873306176,
					"bits_per_second":	6986344470.5177279,
					"packets":	603120,
					"omitted":	false,
					"sender":	true
				}],
			"sum":	{
				"start":	12.005031,
				"end":	13.005046,
				"seconds":	1.0000150203704834,
				"bytes":	873306176,
				"bits_per_second":	6986344470.5177279,
				"packets":	603120,
				"omitted":	false,
				"sender":	true
			}
		}, {
			"streams":	[{
					"socket":	5,
					"start":	13.005046,
					"end":	14.004467,
					"seconds":	0.999421000480652,
					"bytes":	879292208,
					"bits_per_second":	7038412901.68705,
					"packets":	607258,
					"omitted":	false,
					"sender":	true
				}],
			"sum":	{
				"start":	13.005046,
				"end":	14.004467,
				"seconds":	0.999421000480652,
				"bytes":	879292208,
				"bits_per_second":	7038412901.68705,
				"packets":	607258,
				"omitted":	false,
				"sender":	true
			}
		}, {
			"streams":	[{
					"socket":	5,
					"start":	14.004467,