{
	"start":	{
		"connected":	[{
				"socket":	5,
				"local_host":	"192.168.64.5",
				"local_port":	57197,
				"remote_host":	"192.168.64.1",
				"remote_port":	5201
			}],
		"version":	"iperf 3.20",
		"system_info":	"Darwin PrateekVMs-Virtual-Machine.local 24.3.0 Darwin Kernel Version 24.3.0: Thu Jan  2 20:16:37 PST 2025; root:xnu-11215.81.4~3/RELEASE_ARM64_VMAPPLE arm64",
		"timestamp":	{
			"time":	"Sun, 22 Mar 2026 11:27:07 UTC",
			"timesecs":	1774178827,
			"timemillisecs":	1774178827263
		},
		"connecting_to":	{
			"host":	"192.168.64.1",
			"port":	5201
		},
		"cookie":	"kpi5nmkvimrhbnjw5zssmizytya6jwdnna35",
		"target_bitrate":	0,
		"fq_rate":	0,
		"sock_bufsize":	0,
		"sndbuf_actual":	9216,
		"rcvbuf_actual":	786896,
		"test_start":	{
			"protocol":	"UDP",
			"num_streams":	1,
			"blksize":	1448,
			"omit":	0,
			"duration":	30,
			"bytes":	0,
			"blocks":	0,
			"reverse":	0,
			"tos":	0,
			"target_bitrate":	0,
			"bidir":	0,
			"fqrate":	0,
			"interval":	1
		}
	},
	"intervals":	[{
			"streams":	[{
					"socket":	5,
					"start":	0,
					"end":	1.00505,
					"seconds":	1.00504994392395,
					"bytes":	863910104,
					"bits_per_second":	6876554616.7952032,
					"packets":	596624,
					"omitted":	false,
					"sender":	true
				}],
			"sum":	{
				"start":	0,
				"end":	1.00505,
				"seconds":	1.00504994392395,
				"bytes":	863910104,
				"bits_per_second":	6876554616.7952032,
				"packets":	596624,
				"omitted":	false,
				"sender":	true
			}
		}, {
			"streams":	[{
					"socket":	5,
					"start":	1.00505,
					"end":	2.005037,
					"seconds":	0.999987006187439,
					"bytes":	866949456,
					"bits_per_second":	6935685769.000865,
					"packets":	598723,
					"omitted":	false,
					"sender":	true
				}],
			"sum":	{
				"start":	1.00505,
				"end":	2.005037,
				"seconds":	0.999987006187439,
				"bytes":	866949456,
				"bits_per_second":	6935685769.000865,
				"packets":	598723,
				"omitted":	false,
				"sender":	true
			}
		}, {
			"streams":	[{
					"socket":	5,
					"start":	2.005037,
					"end":	3.005109,
					"seconds":	1.0000720024108887,
					"bytes":	863145560,
					"bits_per_second":	6904667327.30605,
					"packets":	596098,
					"omitted":	false,
					"sender":	true
				}],
			"sum":	{
				"start":	2.005037,
				"end":	3.005109,
				"seconds":	1.0000720024108887,
				"bytes":	863145560,
				"bits_per_second":	6904667327.30605,
				"packets":	596098,
				"omitted":	false,
				"sender":	true
			}
		}, {
			"streams":	[{
					"socket":	5,
					"start":	3.005109,
					"end":	4.005037,
					"seconds":	0.99992799758911133,
					"bytes":	870502848,
					"bits_per_second":	6964524246.5364437,
					"packets":	601185,
					"omitted":	false,
					"sender":	true
				}],
			"sum":	{
				"start":	3.005109,
				"end":	4.005037,
				"seconds":	0.99992799758911133,
				"bytes":	870502848,
				"bits_per_second":	6964524246.5364437,
				"packets":	601185,
				"omitted":	false,
				"sender":	true
			}
		}, {
			"streams":	[{
					"socket":	5,
					"start":	4.005037,
					"end":	5.005028,
					"seconds":	0.999990999698639,
					"bytes":	887831064,
					"bits_per_second":	7102712438.5524282,
					"packets":	613144,
					"omitted":	false,
					"sender":	true
				}],
			"sum":	{
				"start":	4.005037,
				"end":	5.005028,
				"seconds":	0.999990999698639,
				"bytes":	887831064,
				"bits_per_second":	7102712438.5524282,
				"packets":	613144,
				"omitted":	false,
				"sender":	true
			}
		}, {
			"streams":	[{
					"socket":	5,
					"start":	5.005028,
					"end":	6.005033,
					"seconds":	1.0000050067901611,
					"bytes":	880253680,
					"bits_per_second":	7041994182.2128134,
					"packets":	607911,
					"omitted":	false,
					"sender":	true
				}],
			"sum":	{
				"start":	5.005028,
				"end":	6.005033,
				"seconds":	1.0000050067901611,
				"bytes":	880253680,
				"bits_per_second":	7041994182.2128134,
				"packets":	607911,
				"omitted":	false,
				"sender":	true
			}
		}, {
			"streams":	[{
					"socket":	5,
					"start":	6.005033,
					"end":	7.005048,
					"seconds":	1.0000150203704834,
					"bytes":	891847816,
					"bits_per_second":	7134675362.5327759,
					"packets":	615925,
					"omitted":	false,
					"sender":	true
				}],
			"sum":	{
				"start":	6.005033,
				"end":	7.005048,
				"seconds":	1.0000150203704834,
				"bytes":	891847816,
				"bits_per_second":	7134675362.5327759,
				"packets":	615925,
				"omitted":	false,
				"sender":	true
			}
		}, {
			"streams":	[{
					"socket":	5,
					"start":	7.005048,
					"end":	8.005027,
					"seconds":	0.999979019165039,
					"bytes":	894041536,
					"bits_per_second":	7152482353.05181,
					"packets":	617434,
					"omitted":	false,
					"sender":	true
				}],
			"sum":	{
				"start":	7.005048,
				"end":	8.005027,
				"seconds":	0.999979019165039,
				"bytes":	894041536,
				"bits_per_second":	7152482353.05181,
				"packets":	617434,
				"omitted":	false,
				"sender":	true
			}
		}, {
			"streams":	[{
					"socket":	5,
					"start":	8.005027,
					"end":	9.005029,
					"seconds":	1.0000020265579224,
					"bytes":	890783536,
					"bits_per_second":	7126253846.23381,
					"packets":	615184,
					"omitted":	false,
					"sender":	true
				}],
			"sum":	{
				"start":	8.005027,
				"end":	9.005029,
				"seconds":	1.0000020265579224,
				"bytes":	890783536,
				"bits_per_second":	7126253846.23381,
				"packets":	615184,
				"omitted":	false,
				"sender":	true
			}
		}, {
			"streams":	[{
					"socket":	5,
					"start":	9.005029,
					"end":	10.005119,
					"seconds":	1.0000900030136108,
					"bytes":	854587880,
					"bits_per_second":	6836087771.4992571,
					"packets":	590186,
					"omitted":	false,
					"sender":	true
				}],
			"sum":	{
				"start":	9.005029,
				"end":	10.005119,
				"seconds":	1.0000900030136108,
				"bytes":	854587880,
				"bits_per_second":	6836087771.4992571,
				"packets":	590186,
				"omitted":	false,
				"sender":	true
			}
		}, {
			"streams":	[{
					"socket":	5,
					"start":	10.005119,
					"end":	11.005051,
					"seconds":	0.99993199110031128,
					"bytes":	897885976,
					"bits_per_second":	7183576355.1237421,
					"packets":	620087,
					"omitted":	false,
					"sender":	true
				}],
			"sum":	{
				"start":	10.005119,
				"end":	11.005051,
				"seconds":	0.99993199110031128,
				"bytes":	897885976,
				"bits_per_second":	7183576355.1237421,
				"packets":	620087,
				"omitted":	false,
				"sender":	true
			}
		}, {
			"streams":	[{
					"socket":	5,
					"start":	11.005051,
					"end":	12.001641,
					"seconds":	0.9965900182724,
					"bytes":	879253112,
					"bits_per_second":	7058092863.69691,
					"packets":	607221,
					"omitted":	false,
					"sender":	true
				}],
			"sum":	{
				"start":	11.005051,
				"end":	12.001641,
				"seconds":	0.9965900182724,
				"bytes":	879253112,
				"bits_per_second":	7058092863.69691,
				"packets":	607221,
				"omitted":	false,
				"sender":	true
			}
		}, {
			"streams":	[{
					"socket":	5,
					"start":	12.001641,
					"end":	13.005042,
					"seconds":	1.0034010410308838,
					"bytes":	902089520,
					"bits_per_second":	7192255005.6213026,
					"packets":	622993,
					"omitted":	false,
					"sender":	true
				}],
			"sum":	{
				"start":	12.001641,
				"end":	13.005042,
				"seconds":	1.0034010410308838,
				"bytes":	902089520,
				"bits_per_second":	7192255005.6213026,
				"packets":	622993,
				"omitted":	false,
				"sender":	true
			}
		}, {
			"streams":	[{
					"socket":	5,
					"start":	13.005042,
					"end":	14.005048,
					"seconds":	1.0000059604644775,
					"bytes":	860579704,
					"bits_per_second":	6884596596.6065435,
					"packets":	594326,
					"omitted":	false,
					"sender":	true
				}],
			"sum":	{
				"start":	13.005042,
				"end":	14.005048,
				"seconds":	1.0000059604644775,
				"bytes":	860579704,
				"bits_per_second":	6884596596.6065435,
				"packets":	594326,
				"omitted":	false,
				"sender":	true
			}
		}, {
			"streams":	[{
					"socket":	5,
					"start":	14.005048,
					"end":	15.005022,