{
	"start":	{
		"connected":	[{
				"socket":	5,
				"local_host":	"192.168.64.5",
				"local_port":	59019,
				"remote_host":	"192.168.64.1",
				"remote_port":	5201
			}],
		"version":	"iperf 3.20",
		"system_info":	"Darwin PrateekVMs-Virtual-Machine.local 24.3.0 Darwin Kernel Version 24.3.0: Thu Jan  2 20:16:37 PST 2025; root:xnu-11215.81.4~3/RELEASE_ARM64_VMAPPLE arm64",
		"timestamp":	{
			"time":	"Sun, 22 Mar 2026 11:28:07 UTC",
			"timesecs":	1774178887,
			"timemillisecs":	1774178887296
		},
		"connecting_to":	{
			"host":	"192.168.64.1",
			"port":	5201
		},
		"cookie":	"fjayw37ggd2lzbpa2a4ssisfo36h7yrz5r4l",
		"target_bitrate":	0,
		"fq_rate":	0,
		"sock_bufsize":	0,
		"sndbuf_actual":	9216,
		"rcvbuf_actual":	786896,
		"test_start":	{
			"protocol":	"UDP",
			"num_streams":	1,
			"blksize":	1448,
			"omit":	0,
			"duration":	30,
			"bytes":	0,
			"blocks":	0,
			"reverse":	0,
			"tos":	0,
			"target_bitrate":	0,
			"bidir":	0,
			"fqrate":	0,
			"interval":	1
		}
	},
	"intervals":	[{
			"streams":	[{
					"socket":	5,
					"start":	0,
					"end":	1.000284,
					"seconds":	1.00028395652771,
					"bytes":	881545296,
					"bits_per_second":	7050360372.14962,
					"packets":	608803,
					"omitted":	false,
					"sender":	true
				}],
			"sum":	{
				"start":	0,
				"end":	1.000284,
				"seconds":	1.00028395652771,
				"bytes":	881545296,
				"bits_per_second":	7050360372.14962,
				"packets":	608803,
				"omitted":	false,
				"sender":	true
			}
		}, {
			"streams":	[{
					"socket":	5,
					"start":	1.000284,
					"end":	2.005025,
					"seconds":	1.0047409534454346,
					"bytes":	899305016,
					"bits_per_second":	7160492566.09775,
					"packets":	621078,
					"omitted":	false,
					"sender":	true
				}],
			"sum":	{
				"start":	1.000284,
				"end":	2.005025,
				"seconds":	1.0047409534454346,
				"bytes":	899305016,
				"bits_per_second":	7160492566.09775,
				"packets":	621078,
				"omitted":	false,
				"sender":	true
			}
		}, {
			"streams":	[{
					"socket":	5,
					"start":	2.005025,
					"end":	3.00413,
					"seconds":	0.99910497665405273,
					"bytes":	897419720,
					"bits_per_second":	7185789209.1012,
					"packets":	619767,
					"omitted":	false,
					"sender":	true
				}],
			"sum":	{
				"start":	2.005025,
				"end":	3.00413,
				"seconds":	0.99910497665405273,
				"bytes":	897419720,
				"bits_per_second":	7185789209.1012,
				"packets":	619767,
				"omitted":	false,
				"sender":	true
			}
		}, {
			"streams":	[{
					"socket":	5,
					"start":	3.00413,
					"end":	4.002033,
					"seconds":	0.99790298938751221,
					"bytes":	874670192,
					"bits_per_second":	7012065912.6342583,
					"packets":	604055,
					"omitted":	false,
					"sender":	true
				}],
			"sum":	{
				"start":	3.00413,
				"end":	4.002033,
				"seconds":	0.99790298938751221,
				"bytes":	874670192,
				"bits_per_second":	7012065912.6342583,
				"packets":	604055,
				"omitted":	false,
				"sender":	true
			}
		}, {
			"streams":	[{
					"socket":	5,
					"start":	4.002033,
					"end":	5.005036,
					"seconds":	1.0030030012130737,
					"bytes":	872923904,
					"bits_per_second":	6962482887.4430037,
					"packets":	602850,
					"omitted":	false,
					"sender":	true
				}],
			"sum":	{
				"start":	4.002033,
				"end":	5.005036,
				"seconds":	1.0030030012130737,
				"bytes":	872923904,
				"bits_per_second":	6962482887.4430037,
				"packets":	602850,
				"omitted":	false,
				"sender":	true
			}
		}, {
			"streams":	[{
					"socket":	5,
					"start":	5.005036,
					"end":	6.002003,
					"seconds":	0.99696701765060425,
					"bytes":	899501944,
					"bits_per_second":	7217907337.5543766,
					"packets":	621203,
					"omitted":	false,
					"sender":	true
				}],
			"sum":	{
				"start":	5.005036,
				"end":	6.002003,
				"seconds":	0.99696701765060425,
				"bytes":	899501944,
				"bits_per_second":	7217907337.5543766,
				"packets":	621203,
				"omitted":	false,
				"sender":	true
			}
		}, {
			"streams":	[{
					"socket":	5,
					"start":	6.002003,
					"end":	7.005027,
					"seconds":	1.0030239820480347,
					"bytes":	880544728,
					"bits_per_second":	7023120035.0926867,
					"packets":	608128,
					"omitted":	false,
					"sender":	true
				}],
			"sum":	{
				"start":	6.002003,
				"end":	7.005027,
				"seconds":	1.0030239820480347,
				"bytes":	880544728,
				"bits_per_second":	7023120035.0926867,
				"packets":	608128,
				"omitted":	false,
				"sender":	true
			}
		}, {
			"streams":	[{
					"socket":	5,
					"start":	7.005027,
					"end":	8.005034,
					"seconds":	1.0000070333480835,
					"bytes":	892086736,
					"bits_per_second":	7136643693.5007553,
					"packets":	616084,
					"omitted":	false,
					"sender":	true
				}],
			"sum":	{
				"start":	7.005027,
				"end":	8.005034,
				"seconds":	1.0000070333480835,
				"bytes":	892086736,
				"bits_per_second":	7136643693.5007553,
				"packets":	616084,
				"omitted":	false,
				"sender":	true
			}
		}, {
			"streams":	[{
					"socket":	5,
					"start":	8.005034,
					"end":	9.005058,
					"seconds":	1.0000239610672,
					"bytes":	886417816,
					"bits_per_second":	7091172615.9364252,
					"packets":	612170,
					"omitted":	false,
					"sender":	true
				}],
			"sum":	{
				"start":	8.005034,
				"end":	9.005058,
				"seconds":	1.0000239610672,
				"bytes":	886417816,
				"bits_per_second":	7091172615.9364252,
				"packets":	612170,
				"omitted":	false,
				"sender":	true
			}
		}, {
			"streams":	[{
					"socket":	5,
					"start":	9.005058,
					"end":	10.005039,
					"seconds":	0.99998098611831665,
					"bytes":	906807104,
					"bits_per_second":	7254594770.0066175,
					"packets":	626250,
					"omitted":	false,
					"sender":	true
				}],
			"sum":	{
				"start":	9.005058,
				"end":	10.005039,
				"seconds":	0.99998098611831665,
				"bytes":	906807104,
				"bits_per_second":	7254594770.0066175,
				"packets":	626250,
				"omitted":	false,
				"sender":	true
			}
		}, {
			"streams":	[{
					"socket":	5,
					"start":	10.005039,
					"end":	11.005074,
					"seconds":	1.0000350475311279,
					"bytes":	866525192,
					"bits_per_second":	6931958587.96561,
					"packets":	598431,
					"omitted":	false,
					"sender":	true
				}],
			"sum":	{
				"start":	10.005039,
				"end":	11.005074,
				"seconds":	1.0000350475311279,
				"bytes":	866525192,
				"bits_per_second":	6931958587.96561,
				"packets":	598431,
				"omitted":	false,
				"sender":	true
			}
		}, {
			"streams":	[{
					"socket":	5,
					"start":	11.005074,
					"end":	12.005048,
					"seconds":	0.999974012374878,
					"bytes":	885766216,
					"bits_per_second":	7086313884.4687271,
					"packets":	611720,
					"omitted":	false,
					"sender":	true
				}],
			"sum":	{
				"start":	11.005074,
				"end":	12.005048,
				"seconds":	0.999974012374878,
				"bytes":	885766216,
				"bits_per_second":	7086313884.4687271,
				"packets":	611720,
				"omitted":	false,
				"sender":	true
			}
		}, {
			"streams":	[{
					"socket":	5,
					"start":	12.005048,
					"end":	13.005041,
					"seconds":	0.99999302625656128,
					"bytes":	857363696,
					"bits_per_second":	6858957400.60917,
					"packets":	592104,
					"omitted":	false,
					"sender":	true
				}],
			"sum":	{
				"start":	12.005048,
				"end":	13.005041,
				"seconds":	0.99999302625656128,
				"bytes":	857363696,
				"bits_per_second":	6858957400.60917,
				"packets":	592104,
				"omitted":	false,
				"sender":	true
			}
		}, {
			"streams":	[{
					"socket":	5,
					"start":	13.005041,
					"end":	14.005039,
					"seconds":	0.99999797344207764,
					"bytes":	906236592,
					"bits_per_second":	7249907428.3573351,
					"packets":	625854,
					"omitted":	false,
					"sender":	true
				}],
			"sum":	{
				"start":	13.005041,
				"end":	14.005039,
				"seconds":	0.99999797344207764,
				"bytes":	906236592,
				"bits_per_second":	7249907428.3573351,
				"packets":	625854,
				"omitted":	false,
				"sender":	true
			}
		}, {
			"streams":	[{
					"socket":	5,
					"start":	14.005039,
					"end":	15.005038,