{
  "fio version" : "fio-3.41",
  "timestamp" : 1774164898,
  "timestamp_ms" : 1774164898259,
  "time" : "Sun Mar 22 13:04:58 2026",
  "jobs" : [
    {
      "jobname" : "bsscale_write_4k",
      "groupid" : 0,
      "job_start" : 1774164868109,
      "error" : 0,
      "eta" : 0,
      "elapsed" : 31,
      "job options" : {
        "name" : "bsscale_write_4k",
        "filename" : "/Users/prateek/fio_test/fio_testfile",
        "rw" : "write",
        "bs" : "4k",
        "size" : "2g",
        "numjobs" : "1",
        "iodepth" : "32",
        "ioengine" : "posixaio",
        "direct" : "1",
        "runtime" : "30",
        "time_based" : "",
        "group_reporting" : ""
      },
      "read" : {
        "io_bytes" : 0,
        "io_kbytes" : 0,
        "bw_bytes" : 0,
        "bw" : 0,
        "iops" : 0.000000,
        "runtime" : 0,
        "total_ios" : 0,
        "short_ios" : 0,
        "drop_ios" : 0,
        "slat_ns" : {
          "min" : 0,
          "max" : 0,
          "mean" : 0.000000,
          "stddev" : 0.000000,
          "N" : 0
        },
        "clat_ns" : {
          "min" : 0,
          "max" : 0,
          "mean" : 0.000000,
          "stddev" : 0.000000,
          "N" : 0
        },
        "lat_ns" : {
          "min" : 0,
          "max" : 0,
          "mean" : 0.000000,
          "stddev" : 0.000000,
          "N" : 0
        },
        "bw_min" : 0,
        "bw_max" : 0,
        "bw_agg" : 0.000000,
        "bw_mean" : 0.000000,
        "bw_dev" : 0.000000,
        "bw_samples" : 0,
        "iops_min" : 0,
        "iops_max" : 0,
        "iops_mean" : 0.000000,
        "iops_stddev" : 0.000000,
        "iops_samples" : 0
      },
      "write" : {
        "io_bytes" : 6445711360,
        "io_kbytes" : 6294640,
        "bw_bytes" : 214842722,
        "bw" : 209807,
        "iops" : 52451.836544,
        "runtime" : 30002,
        "total_ios" : 1573660,
        "short_ios" : 0,
        "drop_ios" : 0,
        "slat_ns" : {
          "min" : 0,
          "max" : 175000,
          "mean" : 1125.923643,
          "stddev" : 1315.880499,
          "N" : 1573660
        },
        "clat_ns" : {
          "min" : 8000,
          "max" : 17852000,
          "mean" : 300601.887955,
          "stddev" : 501369.218211,
          "N" : 1573660,
          "percentile" : {
            "1.000000" : 86528,
            "5.000000" : 97792,
            "10.000000" : 103936,
            "20.000000" : 112128,
            "30.000000" : 118272,
            "40.000000" : 124416,
            "50.000000" : 132096,
            "60.000000" : 158720,
            "70.000000" : 177152,
            "80.000000" : 325632,
            "90.000000" : 585728,
            "95.000000" : 1187840,
            "99.000000" : 2768896,
            "99.500000" : 3129344,
            "99.900000" : 4423680,
            "99.950000" : 5931008,
            "99.990000" : 7700480
          }
        },
        "lat_ns" : {
          "min" : 10000,
          "max" : 17854000,
          "mean" : 301727.811598,
          "stddev" : 501343.079213,
          "N" : 1573660
        },
        "bw_min" : 142891,
        "bw_max" : 284546,
        "bw_agg" : 99.760568,
        "bw_mean" : 209305.694915,
        "bw_dev" : 36159.582173,
        "bw_samples" : 59,
        "iops_min" : 35722,
        "iops_max" : 71136,
        "iops_mean" : 52326.067797,
        "iops_stddev" : 9039.921708,
        "iops_samples" : 59
      },
      "trim" : {
        "io_bytes" : 0,
        "io_kbytes" : 0,
        "bw_bytes" : 0,
        "bw" : 0,
        "iops" : 0.000000,
        "runtime" : 0,
        "total_ios" : 0,
        "short_ios" : 0,
        "drop_ios" : 0,
        "slat_ns" : {
          "min" : 0,
          "max" : 0,
          "mean" : 0.000000,
          "stddev" : 0.000000,
          "N" : 0
        },
        "clat_ns" : {
          "min" : 0,
          "max" : 0,
          "mean" : 0.000000,
          "stddev" : 0.000000,
          "N" : 0
        },
        "lat_ns" : {
          "min" : 0,
          "max" : 0,
          "mean" : 0.000000,
          "stddev" : 0.000000,
          "N" : 0
        },
        "bw_min" : 0,
        "bw_max" : 0,
        "bw_agg" : 0.000000,
        "bw_mean" : 0.000000,
        "bw_dev" : 0.000000,
        "bw_samples" : 0,
        "iops_min" : 0,
        "iops_max" : 0,
        "iops_mean" : 0.000000,
        "iops_stddev" : 0.000000,
        "iops_samples" : 0
      },
      "sync" : {
        "total_ios" : 0,
        "lat_ns" : {
          "min" : 0,
          "max" : 0,
          "mean" : 0.000000,
          "stddev" : 0.000000,
          "N" : 0
        }
      },
      "job_runtime" : 30001,
      "usr_cpu" : 15.829472,
      "sys_cpu" : 18.932702,
      "ctx" : 236522,
      "majf" : 0,
      "minf" : 9,
      "iodepth_level" : {
        "1" : 0.100000,
        "2" : 0.100000,
        "4" : 0.100000,
        "8" : 69.679982,
        "16" : 30.248084,
        "32" : 0.000000,
        ">=64" : 0.000000
      },
      "iodepth_submit" : {
        "0" : 0.000000,
        "4" : 100.000000,
        "8" : 0.000000,
        "16" : 0.000000,
        "32" : 0.000000,
        "64" : 0.000000,
        ">=64" : 0.000000
      },
      "iodepth_complete" : {
        "0" : 0.000000,
        "4" : 99.875558,
        "8" : 0.114267,
        "16" : 0.100000,
        "32" : 0.000000,
        "64" : 0.000000,
        ">=64" : 0.000000
      },
      "latency_ns" : {
        "2" : 0.000000,
        "4" : 0.000000,
        "10" : 0.000000,
        "20" : 0.000000,
        "50" : 0.000000,
        "100" : 0.000000,
        "250" : 0.000000,
        "500" : 0.000000,
        "750" : 0.000000,
        "1000" : 0.000000
      },
      "latency_us" : {
        "2" : 0.000000,
        "4" : 0.000000,
        "10" : 0.010000,
        "20" : 0.024275,
        "50" : 0.086359,
        "100" : 5.786256,
        "250" : 71.480625,
        "500" : 10.262954,
        "750" : 4.903664,
        "1000" : 1.740020
      },
      "latency_ms" : {
        "2" : 3.504760,
        "4" : 2.059975,
        "10" : 0.148634,
        "20" : 0.010000,
        "50" : 0.000000,
        "100" : 0.000000,
        "250" : 0.000000,
        "500" : 0.000000,
        "750" : 0.000000,
        "1000" : 0.000000,
        "2000" : 0.000000,
        ">=2000" : 0.000000
      },
      "latency_depth" : 32,
      "latency_target" : 0,
      "latency_percentile" : 100.000000,
      "latency_window" : 0
    }
  ]
}
