{
  "fio version" : "fio-3.41",
  "timestamp" : 1774165032,
  "timestamp_ms" : 1774165032522,
  "time" : "Sun Mar 22 13:07:12 2026",
  "jobs" : [
    {
      "jobname" : "bsscale_write_512k",
      "groupid" : 0,
      "job_start" : 1774165002377,
      "error" : 0,
      "eta" : 0,
      "elapsed" : 31,
      "job options" : {
        "name" : "bsscale_write_512k",
        "filename" : "/Users/prateek/fio_test/fio_testfile",
        "rw" : "write",
        "bs" : "512k",
        "size" : "2g",
        "numjobs" : "1",
        "iodepth" : "32",
        "ioengine" : "posixaio",
        "direct" : "1",
        "runtime" : "30",
        "time_based" : "",
        "group_reporting" : ""
      },
      "read" : {
        "io_bytes" : 0,
        "io_kbytes" : 0,
        "bw_bytes" : 0,
        "bw" : 0,
        "iops" : 0.000000,
        "runtime" : 0,
        "total_ios" : 0,
        "short_ios" : 0,
        "drop_ios" : 0,
        "slat_ns" : {
          "min" : 0,
          "max" : 0,
          "mean" : 0.000000,
          "stddev" : 0.000000,
          "N" : 0
        },
        "clat_ns" : {
          "min" : 0,
          "max" : 0,
          "mean" : 0.000000,
          "stddev" : 0.000000,
          "N" : 0
        },
        "lat_ns" : {
          "min" : 0,
          "max" : 0,
          "mean" : 0.000000,
          "stddev" : 0.000000,
          "N" : 0
        },
        "bw_min" : 0,
        "bw_max" : 0,
        "bw_agg" : 0.000000,
        "bw_mean" : 0.000000,
        "bw_dev" : 0.000000,
        "bw_samples" : 0,
        "iops_min" : 0,
        "iops_max" : 0,
        "iops_mean" : 0.000000,
        "iops_stddev" : 0.000000,
        "iops_samples" : 0
      },
      "write" : {
        "io_bytes" : 75838259200,
        "io_kbytes" : 74060800,
        "bw_bytes" : 2527689204,
        "bw" : 2468446,
        "iops" : 4821.184548,
        "runtime" : 30003,
        "total_ios" : 144650,
        "short_ios" : 0,
        "drop_ios" : 0,
        "slat_ns" : {
          "min" : 0,
          "max" : 181000,
          "mean" : 3485.551331,
          "stddev" : 6331.140091,
          "N" : 144650
        },
        "clat_ns" : {
          "min" : 154000,
          "max" : 32548000,
          "mean" : 3303403.366747,
          "stddev" : 2855129.752675,
          "N" : 144650,
          "percentile" : {
            "1.000000" : 1155072,
            "5.000000" : 1449984,
            "10.000000" : 2277376,
            "20.000000" : 2375680,
            "30.000000" : 2408448,
            "40.000000" : 2473984,
            "50.000000" : 2539520,
            "60.000000" : 2637824,
            "70.000000" : 2768896,
            "80.000000" : 2899968,
            "90.000000" : 3686400,
            "95.000000" : 10420224,
            "99.000000" : 16056320,
            "99.500000" : 16908288,
            "99.900000" : 21364736,
            "99.950000" : 25821184,
            "99.990000" : 30277632
          }
        },
        "lat_ns" : {
          "min" : 159000,
          "max" : 32549000,
          "mean" : 3306888.918078,
          "stddev" : 2855571.046973,
          "N" : 144650
        },
        "bw_min" : 542658,
        "bw_max" : 2758716,
        "bw_agg" : 100.000000,
        "bw_mean" : 2468559.745763,
        "bw_dev" : 456258.616087,
        "bw_samples" : 59,
        "iops_min" : 1059,
        "iops_max" : 5388,
        "iops_mean" : 4820.966102,
        "iops_stddev" : 891.212076,
        "iops_samples" : 59
      },
      "trim" : {
        "io_bytes" : 0,
        "io_kbytes" : 0,
        "bw_bytes" : 0,
        "bw" : 0,
        "iops" : 0.000000,
        "runtime" : 0,
        "total_ios" : 0,
        "short_ios" : 0,
        "drop_ios" : 0,
        "slat_ns" : {
          "min" : 0,
          "max" : 0,
          "mean" : 0.000000,
          "stddev" : 0.000000,
          "N" : 0
        },
        "clat_ns" : {
          "min" : 0,
          "max" : 0,
          "mean" : 0.000000,
          "stddev" : 0.000000,
          "N" : 0
        },
        "lat_ns" : {
          "min" : 0,
          "max" : 0,
          "mean" : 0.000000,
          "stddev" : 0.000000,
          "N" : 0
        },
        "bw_min" : 0,
        "bw_max" : 0,
        "bw_agg" : 0.000000,
        "bw_mean" : 0.000000,
        "bw_dev" : 0.000000,
        "bw_samples" : 0,
        "iops_min" : 0,
        "iops_max" : 0,
        "iops_mean" : 0.000000,
        "iops_stddev" : 0.000000,
        "iops_samples" : 0
      },
      "sync" : {
        "total_ios" : 0,
        "lat_ns" : {
          "min" : 0,
          "max" : 0,
          "mean" : 0.000000,
          "stddev" : 0.000000,
          "N" : 0
        }
      },
      "job_runtime" : 30002,
      "usr_cpu" : 3.473102,
      "sys_cpu" : 2.206520,
      "ctx" : 143354,
      "majf" : 0,
      "minf" : 9,
      "iodepth_level" : {
        "1" : 0.100000,
        "2" : 0.100000,
        "4" : 0.100000,
        "8" : 47.216039,
        "16" : 52.768061,
        "32" : 0.000000,
        ">=64" : 0.000000
      },
      "iodepth_submit" : {
        "0" : 0.000000,
        "4" : 100.000000,
        "8" : 0.000000,
        "16" : 0.000000,
        "32" : 0.000000,
        "64" : 0.000000,
        ">=64" : 0.000000
      },
      "iodepth_complete" : {
        "0" : 0.000000,
        "4" : 97.137322,
        "8" : 0.100000,
        "16" : 2.861333,
        "32" : 0.000000,
        "64" : 0.000000,
        ">=64" : 0.000000
      },
      "latency_ns" : {
        "2" : 0.000000,
        "4" : 0.000000,
        "10" : 0.000000,
        "20" : 0.000000,
        "50" : 0.000000,
        "100" : 0.000000,
        "250" : 0.000000,
        "500" : 0.000000,
        "750" : 0.000000,
        "1000" : 0.000000
      },
      "latency_us" : {
        "2" : 0.000000,
        "4" : 0.000000,
        "10" : 0.000000,
        "20" : 0.000000,
        "50" : 0.000000,
        "100" : 0.000000,
        "250" : 0.010000,
        "500" : 0.000000,
        "750" : 0.050467,
        "1000" : 0.186657
      },
      "latency_ms" : {
        "2" : 7.057726,
        "4" : 82.920152,
        "10" : 4.354649,
        "20" : 5.285862,
        "50" : 0.143795,
        "100" : 0.000000,
        "250" : 0.000000,
        "500" : 0.000000,
        "750" : 0.000000,
        "1000" : 0.000000,
        "2000" : 0.000000,
        ">=2000" : 0.000000
      },
      "latency_depth" : 32,
      "latency_target" : 0,
      "latency_percentile" : 100.000000,
      "latency_window" : 0
    }
  ]
}
