{
  "fio version" : "fio-3.41",
  "timestamp" : 1774164931,
  "timestamp_ms" : 1774164931818,
  "time" : "Sun Mar 22 13:05:31 2026",
  "jobs" : [
    {
      "jobname" : "bsscale_read_64k",
      "groupid" : 0,
      "job_start" : 1774164901672,
      "error" : 0,
      "eta" : 0,
      "elapsed" : 31,
      "job options" : {
        "name" : "bsscale_read_64k",
        "filename" : "/Users/prateek/fio_test/fio_testfile",
        "rw" : "read",
        "bs" : "64k",
        "size" : "2g",
        "numjobs" : "1",
        "iodepth" : "32",
        "ioengine" : "posixaio",
        "direct" : "1",
        "runtime" : "30",
        "time_based" : "",
        "group_reporting" : ""
      },
      "read" : {
        "io_bytes" : 54849241088,
        "io_kbytes" : 53563712,
        "bw_bytes" : 1828247094,
        "bw" : 1785397,
        "iops" : 27896.836772,
        "runtime" : 30001,
        "total_ios" : 836933,
        "short_ios" : 0,
        "drop_ios" : 0,
        "slat_ns" : {
          "min" : 0,
          "max" : 62000,
          "mean" : 245.949198,
          "stddev" : 464.586707,
          "N" : 836933
        },
        "clat_ns" : {
          "min" : 7000,
          "max" : 33051000,
          "mean" : 572832.987826,
          "stddev" : 421222.049687,
          "N" : 836933,
          "percentile" : {
            "1.000000" : 399360,
            "5.000000" : 452608,
            "10.000000" : 481280,
            "20.000000" : 514048,
            "30.000000" : 536576,
            "40.000000" : 552960,
            "50.000000" : 561152,
            "60.000000" : 577536,
            "70.000000" : 585728,
            "80.000000" : 602112,
            "90.000000" : 634880,
            "95.000000" : 659456,
            "99.000000" : 765952,
            "99.500000" : 905216,
            "99.900000" : 2670592,
            "99.950000" : 4046848,
            "99.990000" : 25559040
          }
        },
        "lat_ns" : {
          "min" : 11000,
          "max" : 33051000,
          "mean" : 573078.937024,
          "stddev" : 421228.674091,
          "N" : 836933
        },
        "bw_min" : 564015,
        "bw_max" : 1920381,
        "bw_agg" : 100.000000,
        "bw_mean" : 1786862.152542,
        "bw_dev" : 183498.724593,
        "bw_samples" : 59,
        "iops_min" : 8812,
        "iops_max" : 30005,
        "iops_mean" : 27919.271186,
        "iops_stddev" : 2867.207255,
        "iops_samples" : 59
      },
      "write" : {
        "io_bytes" : 0,
        "io_kbytes" : 0,
        "bw_bytes" : 0,
        "bw" : 0,
        "iops" : 0.000000,
        "runtime" : 0,
        "total_ios" : 0,
        "short_ios" : 0,
        "drop_ios" : 0,
        "slat_ns" : {
          "min" : 0,
          "max" : 0,
          "mean" : 0.000000,
          "stddev" : 0.000000,
          "N" : 0
        },
        "clat_ns" : {
          "min" : 0,
          "max" : 0,
          "mean" : 0.000000,
          "stddev" : 0.000000,
          "N" : 0
        },
        "lat_ns" : {
          "min" : 0,
          "max" : 0,
          "mean" : 0.000000,
          "stddev" : 0.000000,
          "N" : 0
        },
        "bw_min" : 0,
        "bw_max" : 0,
        "bw_agg" : 0.000000,
        "bw_mean" : 0.000000,
        "bw_dev" : 0.000000,
        "bw_samples" : 0,
        "iops_min" : 0,
        "iops_max" : 0,
        "iops_mean" : 0.000000,
        "iops_stddev" : 0.000000,
        "iops_samples" : 0
      },
      "trim" : {
        "io_bytes" : 0,
        "io_kbytes" : 0,
        "bw_bytes" : 0,
        "bw" : 0,
        "iops" : 0.000000,
        "runtime" : 0,
        "total_ios" : 0,
        "short_ios" : 0,
        "drop_ios" : 0,
        "slat_ns" : {
          "min" : 0,
          "max" : 0,
          "mean" : 0.000000,
          "stddev" : 0.000000,
          "N" : 0
        },
        "clat_ns" : {
          "min" : 0,
          "max" : 0,
          "mean" : 0.000000,
          "stddev" : 0.000000,
          "N" : 0
        },
        "lat_ns" : {
          "min" : 0,
          "max" : 0,
          "mean" : 0.000000,
          "stddev" : 0.000000,
          "N" : 0
        },
        "bw_min" : 0,
        "bw_max" : 0,
        "bw_agg" : 0.000000,
        "bw_mean" : 0.000000,
        "bw_dev" : 0.000000,
        "bw_samples" : 0,
        "iops_min" : 0,
        "iops_max" : 0,
        "iops_mean" : 0.000000,
        "iops_stddev" : 0.000000,
        "iops_samples" : 0
      },
      "sync" : {
        "total_ios" : 0,
        "lat_ns" : {
          "min" : 0,
          "max" : 0,
          "mean" : 0.000000,
          "stddev" : 0.000000,
          "N" : 0
        }
      },
      "job_runtime" : 30000,
      "usr_cpu" : 4.920000,
      "sys_cpu" : 4.700000,
      "ctx" : 753941,
      "majf" : 0,
      "minf" : 12,
      "iodepth_level" : {
        "1" : 0.100000,
        "2" : 0.100000,
        "4" : 0.100000,
        "8" : 49.740182,
        "16" : 50.247869,
        "32" : 0.000000,
        ">=64" : 0.000000
      },
      "iodepth_submit" : {
        "0" : 0.000000,
        "4" : 100.000000,
        "8" : 0.000000,
        "16" : 0.000000,
        "32" : 0.000000,
        "64" : 0.000000,
        ">=64" : 0.000000
      },
      "iodepth_complete" : {
        "0" : 0.000000,
        "4" : 98.981476,
        "8" : 1.011850,
        "16" : 0.100000,
        "32" : 0.000000,
        "64" : 0.000000,
        ">=64" : 0.000000
      },
      "latency_ns" : {
        "2" : 0.000000,
        "4" : 0.000000,
        "10" : 0.000000,
        "20" : 0.000000,
        "50" : 0.000000,
        "100" : 0.000000,
        "250" : 0.000000,
        "500" : 0.000000,
        "750" : 0.000000,
        "1000" : 0.000000
      },
      "latency_us" : {
        "2" : 0.000000,
        "4" : 0.000000,
        "10" : 0.010000,
        "20" : 0.010000,
        "50" : 0.013024,
        "100" : 0.016847,
        "250" : 0.047794,
        "500" : 14.296365,
        "750" : 84.525165,
        "1000" : 0.702565
      },
      "latency_ms" : {
        "2" : 0.152461,
        "4" : 0.191533,
        "10" : 0.021866,
        "20" : 0.010000,
        "50" : 0.020671,
        "100" : 0.000000,
        "250" : 0.000000,
        "500" : 0.000000,
        "750" : 0.000000,
        "1000" : 0.000000,
        "2000" : 0.000000,
        ">=2000" : 0.000000
      },
      "latency_depth" : 32,
      "latency_target" : 0,
      "latency_percentile" : 100.000000,
      "latency_window" : 0
    }
  ]
}
