{
  "fio version" : "fio-3.41",
  "timestamp" : 1774164864,
  "timestamp_ms" : 1774164864708,
  "time" : "Sun Mar 22 13:04:24 2026",
  "jobs" : [
    {
      "jobname" : "bsscale_read_4k",
      "groupid" : 0,
      "job_start" : 1774164834624,
      "error" : 0,
      "eta" : 0,
      "elapsed" : 31,
      "job options" : {
        "name" : "bsscale_read_4k",
        "filename" : "/Users/prateek/fio_test/fio_testfile",
        "rw" : "read",
        "bs" : "4k",
        "size" : "2g",
        "numjobs" : "1",
        "iodepth" : "32",
        "ioengine" : "posixaio",
        "direct" : "1",
        "runtime" : "30",
        "time_based" : "",
        "group_reporting" : ""
      },
      "read" : {
        "io_bytes" : 17162645504,
        "io_kbytes" : 16760396,
        "bw_bytes" : 572069114,
        "bw" : 558661,
        "iops" : 139665.311156,
        "runtime" : 30001,
        "total_ios" : 4190099,
        "short_ios" : 0,
        "drop_ios" : 0,
        "slat_ns" : {
          "min" : 0,
          "max" : 119000,
          "mean" : 287.409677,
          "stddev" : 709.852808,
          "N" : 4190099
        },
        "clat_ns" : {
          "min" : 4000,
          "max" : 10668000,
          "mean" : 113582.585519,
          "stddev" : 106683.765574,
          "N" : 4190099,
          "percentile" : {
            "1.000000" : 52992,
            "5.000000" : 63232,
            "10.000000" : 67072,
            "20.000000" : 72192,
            "30.000000" : 76288,
            "40.000000" : 80384,
            "50.000000" : 86528,
            "60.000000" : 103936,
            "70.000000" : 114176,
            "80.000000" : 123392,
            "90.000000" : 164864,
            "95.000000" : 254976,
            "99.000000" : 432128,
            "99.500000" : 552960,
            "99.900000" : 1499136,
            "99.950000" : 1613824,
            "99.990000" : 2408448
          }
        },
        "lat_ns" : {
          "min" : 5000,
          "max" : 10668000,
          "mean" : 113869.995196,
          "stddev" : 106675.784553,
          "N" : 4190099
        },
        "bw_min" : 438669,
        "bw_max" : 610144,
        "bw_agg" : 99.992259,
        "bw_mean" : 558618.711864,
        "bw_dev" : 51881.142147,
        "bw_samples" : 59,
        "iops_min" : 109667,
        "iops_max" : 152536,
        "iops_mean" : 139654.491525,
        "iops_stddev" : 12970.227344,
        "iops_samples" : 59
      },
      "write" : {
        "io_bytes" : 0,
        "io_kbytes" : 0,
        "bw_bytes" : 0,
        "bw" : 0,
        "iops" : 0.000000,
        "runtime" : 0,
        "total_ios" : 0,
        "short_ios" : 0,
        "drop_ios" : 0,
        "slat_ns" : {
          "min" : 0,
          "max" : 0,
          "mean" : 0.000000,
          "stddev" : 0.000000,
          "N" : 0
        },
        "clat_ns" : {
          "min" : 0,
          "max" : 0,
          "mean" : 0.000000,
          "stddev" : 0.000000,
          "N" : 0
        },
        "lat_ns" : {
          "min" : 0,
          "max" : 0,
          "mean" : 0.000000,
          "stddev" : 0.000000,
          "N" : 0
        },
        "bw_min" : 0,
        "bw_max" : 0,
        "bw_agg" : 0.000000,
        "bw_mean" : 0.000000,
        "bw_dev" : 0.000000,
        "bw_samples" : 0,
        "iops_min" : 0,
        "iops_max" : 0,
        "iops_mean" : 0.000000,
        "iops_stddev" : 0.000000,
        "iops_samples" : 0
      },
      "trim" : {
        "io_bytes" : 0,
        "io_kbytes" : 0,
        "bw_bytes" : 0,
        "bw" : 0,
        "iops" : 0.000000,
        "runtime" : 0,
        "total_ios" : 0,
        "short_ios" : 0,
        "drop_ios" : 0,
        "slat_ns" : {
          "min" : 0,
          "max" : 0,
          "mean" : 0.000000,
          "stddev" : 0.000000,
          "N" : 0
        },
        "clat_ns" : {
          "min" : 0,
          "max" : 0,
          "mean" : 0.000000,
          "stddev" : 0.000000,
          "N" : 0
        },
        "lat_ns" : {
          "min" : 0,
          "max" : 0,
          "mean" : 0.000000,
          "stddev" : 0.000000,
          "N" : 0
        },
        "bw_min" : 0,
        "bw_max" : 0,
        "bw_agg" : 0.000000,
        "bw_mean" : 0.000000,
        "bw_dev" : 0.000000,
        "bw_samples" : 0,
        "iops_min" : 0,
        "iops_max" : 0,
        "iops_mean" : 0.000000,
        "iops_stddev" : 0.000000,
        "iops_samples" : 0
      },
      "sync" : {
        "total_ios" : 0,
        "lat_ns" : {
          "min" : 0,
          "max" : 0,
          "mean" : 0.000000,
          "stddev" : 0.000000,
          "N" : 0
        }
      },
      "job_runtime" : 30000,
      "usr_cpu" : 20.656667,
      "sys_cpu" : 19.493333,
      "ctx" : 1880043,
      "majf" : 0,
      "minf" : 10,
      "iodepth_level" : {
        "1" : 0.100000,
        "2" : 0.100000,
        "4" : 0.100000,
        "8" : 57.522006,
        "16" : 42.375848,
        "32" : 0.000000,
        ">=64" : 0.000000
      },
      "iodepth_submit" : {
        "0" : 0.000000,
        "4" : 100.000000,
        "8" : 0.000000,
        "16" : 0.000000,
        "32" : 0.000000,
        "64" : 0.000000,
        ">=64" : 0.000000
      },
      "iodepth_complete" : {
        "0" : 0.000000,
        "4" : 99.185225,
        "8" : 0.788875,
        "16" : 0.100000,
        "32" : 0.000000,
        "64" : 0.000000,
        ">=64" : 0.000000
      },
      "latency_ns" : {
        "2" : 0.000000,
        "4" : 0.000000,
        "10" : 0.000000,
        "20" : 0.000000,
        "50" : 0.000000,
        "100" : 0.000000,
        "250" : 0.000000,
        "500" : 0.000000,
        "750" : 0.000000,
        "1000" : 0.000000
      },
      "latency_us" : {
        "2" : 0.000000,
        "4" : 0.000000,
        "10" : 0.016539,
        "20" : 0.043221,
        "50" : 0.512804,
        "100" : 57.836223,
        "250" : 36.370692,
        "500" : 4.541754,
        "750" : 0.376340,
        "1000" : 0.047779
      },
      "latency_ms" : {
        "2" : 0.241044,
        "4" : 0.010000,
        "10" : 0.010000,
        "20" : 0.010000,
        "50" : 0.000000,
        "100" : 0.000000,
        "250" : 0.000000,
        "500" : 0.000000,
        "750" : 0.000000,
        "1000" : 0.000000,
        "2000" : 0.000000,
        ">=2000" : 0.000000
      },
      "latency_depth" : 32,
      "latency_target" : 0,
      "latency_percentile" : 100.000000,
      "latency_window" : 0
    }
  ]
}
