{
  "fio version" : "fio-3.41",
  "timestamp" : 1774165099,
  "timestamp_ms" : 1774165099644,
  "time" : "Sun Mar 22 13:08:19 2026",
  "jobs" : [
    {
      "jobname" : "bsscale_write_1m",
      "groupid" : 0,
      "job_start" : 1774165069506,
      "error" : 0,
      "eta" : 0,
      "elapsed" : 31,
      "job options" : {
        "name" : "bsscale_write_1m",
        "filename" : "/Users/prateek/fio_test/fio_testfile",
        "rw" : "write",
        "bs" : "1m",
        "size" : "2g",
        "numjobs" : "1",
        "iodepth" : "32",
        "ioengine" : "posixaio",
        "direct" : "1",
        "runtime" : "30",
        "time_based" : "",
        "group_reporting" : ""
      },
      "read" : {
        "io_bytes" : 0,
        "io_kbytes" : 0,
        "bw_bytes" : 0,
        "bw" : 0,
        "iops" : 0.000000,
        "runtime" : 0,
        "total_ios" : 0,
        "short_ios" : 0,
        "drop_ios" : 0,
        "slat_ns" : {
          "min" : 0,
          "max" : 0,
          "mean" : 0.000000,
          "stddev" : 0.000000,
          "N" : 0
        },
        "clat_ns" : {
          "min" : 0,
          "max" : 0,
          "mean" : 0.000000,
          "stddev" : 0.000000,
          "N" : 0
        },
        "lat_ns" : {
          "min" : 0,
          "max" : 0,
          "mean" : 0.000000,
          "stddev" : 0.000000,
          "N" : 0
        },
        "bw_min" : 0,
        "bw_max" : 0,
        "bw_agg" : 0.000000,
        "bw_mean" : 0.000000,
        "bw_dev" : 0.000000,
        "bw_samples" : 0,
        "iops_min" : 0,
        "iops_max" : 0,
        "iops_mean" : 0.000000,
        "iops_stddev" : 0.000000,
        "iops_samples" : 0
      },
      "write" : {
        "io_bytes" : 75584503808,
        "io_kbytes" : 73812992,
        "bw_bytes" : 2519147573,
        "bw" : 2460105,
        "iops" : 2402.446340,
        "runtime" : 30004,
        "total_ios" : 72083,
        "short_ios" : 0,
        "drop_ios" : 0,
        "slat_ns" : {
          "min" : 0,
          "max" : 988000,
          "mean" : 17009.475188,
          "stddev" : 19421.049577,
          "N" : 72083
        },
        "clat_ns" : {
          "min" : 713000,
          "max" : 50467000,
          "mean" : 6610313.846538,
          "stddev" : 4579101.491229,
          "N" : 72083,
          "percentile" : {
            "1.000000" : 2932736,
            "5.000000" : 3555328,
            "10.000000" : 4358144,
            "20.000000" : 4816896,
            "30.000000" : 5013504,
            "40.000000" : 5144576,
            "50.000000" : 5210112,
            "60.000000" : 5341184,
            "70.000000" : 5472256,
            "80.000000" : 5734400,
            "90.000000" : 11862016,
            "95.000000" : 18481152,
            "99.000000" : 26869760,
            "99.500000" : 31064064,
            "99.900000" : 35913728,
            "99.950000" : 43253760,
            "99.990000" : 49545216
          }
        },
        "lat_ns" : {
          "min" : 730000,
          "max" : 50478000,
          "mean" : 6627323.321726,
          "stddev" : 4579468.274882,
          "N" : 72083
        },
        "bw_min" : 578427,
        "bw_max" : 2723231,
        "bw_agg" : 100.000000,
        "bw_mean" : 2460382.661017,
        "bw_dev" : 413387.175315,
        "bw_samples" : 59,
        "iops_min" : 564,
        "iops_max" : 2659,
        "iops_mean" : 2402.237288,
        "iops_stddev" : 403.728030,
        "iops_samples" : 59
      },
      "trim" : {
        "io_bytes" : 0,
        "io_kbytes" : 0,
        "bw_bytes" : 0,
        "bw" : 0,
        "iops" : 0.000000,
        "runtime" : 0,
        "total_ios" : 0,
        "short_ios" : 0,
        "drop_ios" : 0,
        "slat_ns" : {
          "min" : 0,
          "max" : 0,
          "mean" : 0.000000,
          "stddev" : 0.000000,
          "N" : 0
        },
        "clat_ns" : {
          "min" : 0,
          "max" : 0,
          "mean" : 0.000000,
          "stddev" : 0.000000,
          "N" : 0
        },
        "lat_ns" : {
          "min" : 0,
          "max" : 0,
          "mean" : 0.000000,
          "stddev" : 0.000000,
          "N" : 0
        },
        "bw_min" : 0,
        "bw_max" : 0,
        "bw_agg" : 0.000000,
        "bw_mean" : 0.000000,
        "bw_dev" : 0.000000,
        "bw_samples" : 0,
        "iops_min" : 0,
        "iops_max" : 0,
        "iops_mean" : 0.000000,
        "iops_stddev" : 0.000000,
        "iops_samples" : 0
      },
      "sync" : {
        "total_ios" : 0,
        "lat_ns" : {
          "min" : 0,
          "max" : 0,
          "mean" : 0.000000,
          "stddev" : 0.000000,
          "N" : 0
        }
      },
      "job_runtime" : 30003,
      "usr_cpu" : 9.362397,
      "sys_cpu" : 3.306336,
      "ctx" : 70542,
      "majf" : 0,
      "minf" : 9,
      "iodepth_level" : {
        "1" : 0.100000,
        "2" : 0.100000,
        "4" : 0.100000,
        "8" : 47.080449,
        "16" : 52.909840,
        "32" : 0.000000,
        ">=64" : 0.000000
      },
      "iodepth_submit" : {
        "0" : 0.000000,
        "4" : 100.000000,
        "8" : 0.000000,
        "16" : 0.000000,
        "32" : 0.000000,
        "64" : 0.000000,
        ">=64" : 0.000000
      },
      "iodepth_complete" : {
        "0" : 0.000000,
        "4" : 97.150214,
        "8" : 2.848438,
        "16" : 0.100000,
        "32" : 0.000000,
        "64" : 0.000000,
        ">=64" : 0.000000
      },
      "latency_ns" : {
        "2" : 0.000000,
        "4" : 0.000000,
        "10" : 0.000000,
        "20" : 0.000000,
        "50" : 0.000000,
        "100" : 0.000000,
        "250" : 0.000000,
        "500" : 0.000000,
        "750" : 0.000000,
        "1000" : 0.000000
      },
      "latency_us" : {
        "2" : 0.000000,
        "4" : 0.000000,
        "10" : 0.000000,
        "20" : 0.000000,
        "50" : 0.000000,
        "100" : 0.000000,
        "250" : 0.000000,
        "500" : 0.000000,
        "750" : 0.010000,
        "1000" : 0.000000
      },
      "latency_ms" : {
        "2" : 0.010000,
        "4" : 6.564655,
        "10" : 81.633672,
        "20" : 9.400275,
        "50" : 2.383364,
        "100" : 0.010000,
        "250" : 0.000000,
        "500" : 0.000000,
        "750" : 0.000000,
        "1000" : 0.000000,
        "2000" : 0.000000,
        ">=2000" : 0.000000
      },
      "latency_depth" : 32,
      "latency_target" : 0,
      "latency_percentile" : 100.000000,
      "latency_window" : 0
    }
  ]
}
