{
  "fio version" : "fio-3.41",
  "timestamp" : 1774165066,
  "timestamp_ms" : 1774165066067,
  "time" : "Sun Mar 22 13:07:46 2026",
  "jobs" : [
    {
      "jobname" : "bsscale_read_1m",
      "groupid" : 0,
      "job_start" : 1774165035918,
      "error" : 0,
      "eta" : 0,
      "elapsed" : 31,
      "job options" : {
        "name" : "bsscale_read_1m",
        "filename" : "/Users/prateek/fio_test/fio_testfile",
        "rw" : "read",
        "bs" : "1m",
        "size" : "2g",
        "numjobs" : "1",
        "iodepth" : "32",
        "ioengine" : "posixaio",
        "direct" : "1",
        "runtime" : "30",
        "time_based" : "",
        "group_reporting" : ""
      },
      "read" : {
        "io_bytes" : 101136203776,
        "io_kbytes" : 98765824,
        "bw_bytes" : 3370645018,
        "bw" : 3291645,
        "iops" : 3214.497584,
        "runtime" : 30005,
        "total_ios" : 96451,
        "short_ios" : 0,
        "drop_ios" : 0,
        "slat_ns" : {
          "min" : 0,
          "max" : 59000,
          "mean" : 1547.013509,
          "stddev" : 1155.793517,
          "N" : 96451
        },
        "clat_ns" : {
          "min" : 1051000,
          "max" : 17188000,
          "mean" : 4972390.084084,
          "stddev" : 804610.308850,
          "N" : 96451,
          "percentile" : {
            "1.000000" : 2736128,
            "5.000000" : 3915776,
            "10.000000" : 4423680,
            "20.000000" : 4685824,
            "30.000000" : 4816896,
            "40.000000" : 4882432,
            "50.000000" : 5013504,
            "60.000000" : 5079040,
            "70.000000" : 5144576,
            "80.000000" : 5210112,
            "90.000000" : 5275648,
            "95.000000" : 5537792,
            "99.000000" : 8290304,
            "99.500000" : 8716288,
            "99.900000" : 12386304,
            "99.950000" : 12517376,
            "99.990000" : 14483456
          }
        },
        "lat_ns" : {
          "min" : 1107000,
          "max" : 17189000,
          "mean" : 4973937.097594,
          "stddev" : 804314.542135,
          "N" : 96451
        },
        "bw_min" : 2463683,
        "bw_max" : 3361964,
        "bw_agg" : 100.000000,
        "bw_mean" : 3295750.423729,
        "bw_dev" : 115155.427616,
        "bw_samples" : 59,
        "iops_min" : 2405,
        "iops_max" : 3283,
        "iops_mean" : 3218.016949,
        "iops_stddev" : 112.519652,
        "iops_samples" : 59
      },
      "write" : {
        "io_bytes" : 0,
        "io_kbytes" : 0,
        "bw_bytes" : 0,
        "bw" : 0,
        "iops" : 0.000000,
        "runtime" : 0,
        "total_ios" : 0,
        "short_ios" : 0,
        "drop_ios" : 0,
        "slat_ns" : {
          "min" : 0,
          "max" : 0,
          "mean" : 0.000000,
          "stddev" : 0.000000,
          "N" : 0
        },
        "clat_ns" : {
          "min" : 0,
          "max" : 0,
          "mean" : 0.000000,
          "stddev" : 0.000000,
          "N" : 0
        },
        "lat_ns" : {
          "min" : 0,
          "max" : 0,
          "mean" : 0.000000,
          "stddev" : 0.000000,
          "N" : 0
        },
        "bw_min" : 0,
        "bw_max" : 0,
        "bw_agg" : 0.000000,
        "bw_mean" : 0.000000,
        "bw_dev" : 0.000000,
        "bw_samples" : 0,
        "iops_min" : 0,
        "iops_max" : 0,
        "iops_mean" : 0.000000,
        "iops_stddev" : 0.000000,
        "iops_samples" : 0
      },
      "trim" : {
        "io_bytes" : 0,
        "io_kbytes" : 0,
        "bw_bytes" : 0,
        "bw" : 0,
        "iops" : 0.000000,
        "runtime" : 0,
        "total_ios" : 0,
        "short_ios" : 0,
        "drop_ios" : 0,
        "slat_ns" : {
          "min" : 0,
          "max" : 0,
          "mean" : 0.000000,
          "stddev" : 0.000000,
          "N" : 0
        },
        "clat_ns" : {
          "min" : 0,
          "max" : 0,
          "mean" : 0.000000,
          "stddev" : 0.000000,
          "N" : 0
        },
        "lat_ns" : {
          "min" : 0,
          "max" : 0,
          "mean" : 0.000000,
          "stddev" : 0.000000,
          "N" : 0
        },
        "bw_min" : 0,
        "bw_max" : 0,
        "bw_agg" : 0.000000,
        "bw_mean" : 0.000000,
        "bw_dev" : 0.000000,
        "bw_samples" : 0,
        "iops_min" : 0,
        "iops_max" : 0,
        "iops_mean" : 0.000000,
        "iops_stddev" : 0.000000,
        "iops_samples" : 0
      },
      "sync" : {
        "total_ios" : 0,
        "lat_ns" : {
          "min" : 0,
          "max" : 0,
          "mean" : 0.000000,
          "stddev" : 0.000000,
          "N" : 0
        }
      },
      "job_runtime" : 30004,
      "usr_cpu" : 2.269697,
      "sys_cpu" : 3.766165,
      "ctx" : 96576,
      "majf" : 0,
      "minf" : 10,
      "iodepth_level" : {
        "1" : 0.100000,
        "2" : 0.100000,
        "4" : 0.100000,
        "8" : 47.077791,
        "16" : 52.905620,
        "32" : 0.000000,
        ">=64" : 0.000000
      },
      "iodepth_submit" : {
        "0" : 0.000000,
        "4" : 100.000000,
        "8" : 0.000000,
        "16" : 0.000000,
        "32" : 0.000000,
        "64" : 0.000000,
        ">=64" : 0.000000
      },
      "iodepth_complete" : {
        "0" : 0.000000,
        "4" : 98.108389,
        "8" : 1.829649,
        "16" : 0.100000,
        "32" : 0.000000,
        "64" : 0.000000,
        ">=64" : 0.000000
      },
      "latency_ns" : {
        "2" : 0.000000,
        "4" : 0.000000,
        "10" : 0.000000,
        "20" : 0.000000,
        "50" : 0.000000,
        "100" : 0.000000,
        "250" : 0.000000,
        "500" : 0.000000,
        "750" : 0.000000,
        "1000" : 0.000000
      },
      "latency_us" : {
        "2" : 0.000000,
        "4" : 0.000000,
        "10" : 0.000000,
        "20" : 0.000000,
        "50" : 0.000000,
        "100" : 0.000000,
        "250" : 0.000000,
        "500" : 0.000000,
        "750" : 0.000000,
        "1000" : 0.000000
      },
      "latency_ms" : {
        "2" : 0.010000,
        "4" : 5.622544,
        "10" : 94.096484,
        "20" : 0.275788,
        "50" : 0.000000,
        "100" : 0.000000,
        "250" : 0.000000,
        "500" : 0.000000,
        "750" : 0.000000,
        "1000" : 0.000000,
        "2000" : 0.000000,
        ">=2000" : 0.000000
      },
      "latency_depth" : 32,
      "latency_target" : 0,
      "latency_percentile" : 100.000000,
      "latency_window" : 0
    }
  ]
}
