{
  "fio version" : "fio-3.41",
  "timestamp" : 1774164998,
  "timestamp_ms" : 1774164998959,
  "time" : "Sun Mar 22 13:06:38 2026",
  "jobs" : [
    {
      "jobname" : "bsscale_read_512k",
      "groupid" : 0,
      "job_start" : 1774164968812,
      "error" : 0,
      "eta" : 0,
      "elapsed" : 31,
      "job options" : {
        "name" : "bsscale_read_512k",
        "filename" : "/Users/prateek/fio_test/fio_testfile",
        "rw" : "read",
        "bs" : "512k",
        "size" : "2g",
        "numjobs" : "1",
        "iodepth" : "32",
        "ioengine" : "posixaio",
        "direct" : "1",
        "runtime" : "30",
        "time_based" : "",
        "group_reporting" : ""
      },
      "read" : {
        "io_bytes" : 102169575424,
        "io_kbytes" : 99774976,
        "bw_bytes" : 3405311982,
        "bw" : 3325499,
        "iops" : 6495.117155,
        "runtime" : 30003,
        "total_ios" : 194873,
        "short_ios" : 0,
        "drop_ios" : 0,
        "slat_ns" : {
          "min" : 0,
          "max" : 60000,
          "mean" : 315.810810,
          "stddev" : 508.371638,
          "N" : 194873
        },
        "clat_ns" : {
          "min" : 527000,
          "max" : 19357000,
          "mean" : 2462251.763969,
          "stddev" : 471027.749370,
          "N" : 194873,
          "percentile" : {
            "1.000000" : 1368064,
            "5.000000" : 1794048,
            "10.000000" : 2211840,
            "20.000000" : 2375680,
            "30.000000" : 2375680,
            "40.000000" : 2408448,
            "50.000000" : 2473984,
            "60.000000" : 2539520,
            "70.000000" : 2539520,
            "80.000000" : 2539520,
            "90.000000" : 2605056,
            "95.000000" : 2670592,
            "99.000000" : 4358144,
            "99.500000" : 5537792,
            "99.900000" : 6127616,
            "99.950000" : 8847360,
            "99.990000" : 12255232
          }
        },
        "lat_ns" : {
          "min" : 528000,
          "max" : 19357000,
          "mean" : 2462567.574779,
          "stddev" : 471006.539085,
          "N" : 194873
        },
        "bw_min" : 2722217,
        "bw_max" : 3383919,
        "bw_agg" : 100.000000,
        "bw_mean" : 3327270.677966,
        "bw_dev" : 112463.358265,
        "bw_samples" : 59,
        "iops_min" : 5316,
        "iops_max" : 6609,
        "iops_mean" : 6498.101695,
        "iops_stddev" : 219.671047,
        "iops_samples" : 59
      },
      "write" : {
        "io_bytes" : 0,
        "io_kbytes" : 0,
        "bw_bytes" : 0,
        "bw" : 0,
        "iops" : 0.000000,
        "runtime" : 0,
        "total_ios" : 0,
        "short_ios" : 0,
        "drop_ios" : 0,
        "slat_ns" : {
          "min" : 0,
          "max" : 0,
          "mean" : 0.000000,
          "stddev" : 0.000000,
          "N" : 0
        },
        "clat_ns" : {
          "min" : 0,
          "max" : 0,
          "mean" : 0.000000,
          "stddev" : 0.000000,
          "N" : 0
        },
        "lat_ns" : {
          "min" : 0,
          "max" : 0,
          "mean" : 0.000000,
          "stddev" : 0.000000,
          "N" : 0
        },
        "bw_min" : 0,
        "bw_max" : 0,
        "bw_agg" : 0.000000,
        "bw_mean" : 0.000000,
        "bw_dev" : 0.000000,
        "bw_samples" : 0,
        "iops_min" : 0,
        "iops_max" : 0,
        "iops_mean" : 0.000000,
        "iops_stddev" : 0.000000,
        "iops_samples" : 0
      },
      "trim" : {
        "io_bytes" : 0,
        "io_kbytes" : 0,
        "bw_bytes" : 0,
        "bw" : 0,
        "iops" : 0.000000,
        "runtime" : 0,
        "total_ios" : 0,
        "short_ios" : 0,
        "drop_ios" : 0,
        "slat_ns" : {
          "min" : 0,
          "max" : 0,
          "mean" : 0.000000,
          "stddev" : 0.000000,
          "N" : 0
        },
        "clat_ns" : {
          "min" : 0,
          "max" : 0,
          "mean" : 0.000000,
          "stddev" : 0.000000,
          "N" : 0
        },
        "lat_ns" : {
          "min" : 0,
          "max" : 0,
          "mean" : 0.000000,
          "stddev" : 0.000000,
          "N" : 0
        },
        "bw_min" : 0,
        "bw_max" : 0,
        "bw_agg" : 0.000000,
        "bw_mean" : 0.000000,
        "bw_dev" : 0.000000,
        "bw_samples" : 0,
        "iops_min" : 0,
        "iops_max" : 0,
        "iops_mean" : 0.000000,
        "iops_stddev" : 0.000000,
        "iops_samples" : 0
      },
      "sync" : {
        "total_ios" : 0,
        "lat_ns" : {
          "min" : 0,
          "max" : 0,
          "mean" : 0.000000,
          "stddev" : 0.000000,
          "N" : 0
        }
      },
      "job_runtime" : 30002,
      "usr_cpu" : 1.409906,
      "sys_cpu" : 1.443237,
      "ctx" : 195029,
      "majf" : 0,
      "minf" : 11,
      "iodepth_level" : {
        "1" : 0.100000,
        "2" : 0.100000,
        "4" : 0.100000,
        "8" : 47.066038,
        "16" : 52.926778,
        "32" : 0.000000,
        ">=64" : 0.000000
      },
      "iodepth_submit" : {
        "0" : 0.000000,
        "4" : 100.000000,
        "8" : 0.000000,
        "16" : 0.000000,
        "32" : 0.000000,
        "64" : 0.000000,
        ">=64" : 0.000000
      },
      "iodepth_complete" : {
        "0" : 0.000000,
        "4" : 97.137259,
        "8" : 2.681763,
        "16" : 0.180978,
        "32" : 0.000000,
        "64" : 0.000000,
        ">=64" : 0.000000
      },
      "latency_ns" : {
        "2" : 0.000000,
        "4" : 0.000000,
        "10" : 0.000000,
        "20" : 0.000000,
        "50" : 0.000000,
        "100" : 0.000000,
        "250" : 0.000000,
        "500" : 0.000000,
        "750" : 0.000000,
        "1000" : 0.000000
      },
      "latency_us" : {
        "2" : 0.000000,
        "4" : 0.000000,
        "10" : 0.000000,
        "20" : 0.000000,
        "50" : 0.000000,
        "100" : 0.000000,
        "250" : 0.000000,
        "500" : 0.000000,
        "750" : 0.010000,
        "1000" : 0.010000
      },
      "latency_ms" : {
        "2" : 6.905523,
        "4" : 91.561684,
        "10" : 1.502517,
        "20" : 0.021039,
        "50" : 0.000000,
        "100" : 0.000000,
        "250" : 0.000000,
        "500" : 0.000000,
        "750" : 0.000000,
        "1000" : 0.000000,
        "2000" : 0.000000,
        ">=2000" : 0.000000
      },
      "latency_depth" : 32,
      "latency_target" : 0,
      "latency_percentile" : 100.000000,
      "latency_window" : 0
    }
  ]
}
