{
  "fio version" : "fio-3.41",
  "timestamp" : 1774164965,
  "timestamp_ms" : 1774164965366,
  "time" : "Sun Mar 22 13:06:05 2026",
  "jobs" : [
    {
      "jobname" : "bsscale_write_64k",
      "groupid" : 0,
      "job_start" : 1774164935218,
      "error" : 0,
      "eta" : 0,
      "elapsed" : 31,
      "job options" : {
        "name" : "bsscale_write_64k",
        "filename" : "/Users/prateek/fio_test/fio_testfile",
        "rw" : "write",
        "bs" : "64k",
        "size" : "2g",
        "numjobs" : "1",
        "iodepth" : "32",
        "ioengine" : "posixaio",
        "direct" : "1",
        "runtime" : "30",
        "time_based" : "",
        "group_reporting" : ""
      },
      "read" : {
        "io_bytes" : 0,
        "io_kbytes" : 0,
        "bw_bytes" : 0,
        "bw" : 0,
        "iops" : 0.000000,
        "runtime" : 0,
        "total_ios" : 0,
        "short_ios" : 0,
        "drop_ios" : 0,
        "slat_ns" : {
          "min" : 0,
          "max" : 0,
          "mean" : 0.000000,
          "stddev" : 0.000000,
          "N" : 0
        },
        "clat_ns" : {
          "min" : 0,
          "max" : 0,
          "mean" : 0.000000,
          "stddev" : 0.000000,
          "N" : 0
        },
        "lat_ns" : {
          "min" : 0,
          "max" : 0,
          "mean" : 0.000000,
          "stddev" : 0.000000,
          "N" : 0
        },
        "bw_min" : 0,
        "bw_max" : 0,
        "bw_agg" : 0.000000,
        "bw_mean" : 0.000000,
        "bw_dev" : 0.000000,
        "bw_samples" : 0,
        "iops_min" : 0,
        "iops_max" : 0,
        "iops_mean" : 0.000000,
        "iops_stddev" : 0.000000,
        "iops_samples" : 0
      },
      "write" : {
        "io_bytes" : 73833840640,
        "io_kbytes" : 72103360,
        "bw_bytes" : 2460963957,
        "bw" : 2403285,
        "iops" : 37551.329911,
        "runtime" : 30002,
        "total_ios" : 1126615,
        "short_ios" : 0,
        "drop_ios" : 0,
        "slat_ns" : {
          "min" : 0,
          "max" : 81000,
          "mean" : 1229.986286,
          "stddev" : 1451.243732,
          "N" : 1126615
        },
        "clat_ns" : {
          "min" : 58000,
          "max" : 15951000,
          "mean" : 423449.654940,
          "stddev" : 732191.034142,
          "N" : 1126615,
          "percentile" : {
            "1.000000" : 173056,
            "5.000000" : 211968,
            "10.000000" : 224256,
            "20.000000" : 252928,
            "30.000000" : 276480,
            "40.000000" : 288768,
            "50.000000" : 301056,
            "60.000000" : 313344,
            "70.000000" : 325632,
            "80.000000" : 342016,
            "90.000000" : 378880,
            "95.000000" : 946176,
            "99.000000" : 3620864,
            "99.500000" : 6389760,
            "99.900000" : 8454144,
            "99.950000" : 8716288,
            "99.990000" : 10682368
          }
        },
        "lat_ns" : {
          "min" : 67000,
          "max" : 15951000,
          "mean" : 424679.641226,
          "stddev" : 732239.860244,
          "N" : 1126615
        },
        "bw_min" : 493370,
        "bw_max" : 2734257,
        "bw_agg" : 100.000000,
        "bw_mean" : 2419478.949153,
        "bw_dev" : 543628.849085,
        "bw_samples" : 59,
        "iops_min" : 7708,
        "iops_max" : 42722,
        "iops_mean" : 37803.881356,
        "iops_stddev" : 8494.253041,
        "iops_samples" : 59
      },
      "trim" : {
        "io_bytes" : 0,
        "io_kbytes" : 0,
        "bw_bytes" : 0,
        "bw" : 0,
        "iops" : 0.000000,
        "runtime" : 0,
        "total_ios" : 0,
        "short_ios" : 0,
        "drop_ios" : 0,
        "slat_ns" : {
          "min" : 0,
          "max" : 0,
          "mean" : 0.000000,
          "stddev" : 0.000000,
          "N" : 0
        },
        "clat_ns" : {
          "min" : 0,
          "max" : 0,
          "mean" : 0.000000,
          "stddev" : 0.000000,
          "N" : 0
        },
        "lat_ns" : {
          "min" : 0,
          "max" : 0,
          "mean" : 0.000000,
          "stddev" : 0.000000,
          "N" : 0
        },
        "bw_min" : 0,
        "bw_max" : 0,
        "bw_agg" : 0.000000,
        "bw_mean" : 0.000000,
        "bw_dev" : 0.000000,
        "bw_samples" : 0,
        "iops_min" : 0,
        "iops_max" : 0,
        "iops_mean" : 0.000000,
        "iops_stddev" : 0.000000,
        "iops_samples" : 0
      },
      "sync" : {
        "total_ios" : 0,
        "lat_ns" : {
          "min" : 0,
          "max" : 0,
          "mean" : 0.000000,
          "stddev" : 0.000000,
          "N" : 0
        }
      },
      "job_runtime" : 30001,
      "usr_cpu" : 13.332889,
      "sys_cpu" : 8.576381,
      "ctx" : 993139,
      "majf" : 0,
      "minf" : 9,
      "iodepth_level" : {
        "1" : 0.100000,
        "2" : 0.100000,
        "4" : 0.100000,
        "8" : 45.227607,
        "16" : 54.769198,
        "32" : 0.000000,
        ">=64" : 0.000000
      },
      "iodepth_submit" : {
        "0" : 0.000000,
        "4" : 100.000000,
        "8" : 0.000000,
        "16" : 0.000000,
        "32" : 0.000000,
        "64" : 0.000000,
        ">=64" : 0.000000
      },
      "iodepth_complete" : {
        "0" : 0.000000,
        "4" : 98.602910,
        "8" : 1.391922,
        "16" : 0.100000,
        "32" : 0.000000,
        "64" : 0.000000,
        ">=64" : 0.000000
      },
      "latency_ns" : {
        "2" : 0.000000,
        "4" : 0.000000,
        "10" : 0.000000,
        "20" : 0.000000,
        "50" : 0.000000,
        "100" : 0.000000,
        "250" : 0.000000,
        "500" : 0.000000,
        "750" : 0.000000,
        "1000" : 0.000000
      },
      "latency_us" : {
        "2" : 0.000000,
        "4" : 0.000000,
        "10" : 0.000000,
        "20" : 0.000000,
        "50" : 0.000000,
        "100" : 0.010000,
        "250" : 18.929803,
        "500" : 72.800380,
        "750" : 2.116251,
        "1000" : 1.778070
      },
      "latency_ms" : {
        "2" : 2.663643,
        "4" : 0.725891,
        "10" : 0.961642,
        "20" : 0.022102,
        "50" : 0.000000,
        "100" : 0.000000,
        "250" : 0.000000,
        "500" : 0.000000,
        "750" : 0.000000,
        "1000" : 0.000000,
        "2000" : 0.000000,
        ">=2000" : 0.000000
      },
      "latency_depth" : 32,
      "latency_target" : 0,
      "latency_percentile" : 100.000000,
      "latency_window" : 0
    }
  ]
}
