{
  "fio version" : "fio-3.41",
  "timestamp" : 1774164767,
  "timestamp_ms" : 1774164767595,
  "time" : "Sun Mar 22 13:02:47 2026",
  "jobs" : [
    {
      "jobname" : "mixed_rw",
      "groupid" : 0,
      "job_start" : 1774164707446,
      "error" : 0,
      "eta" : 0,
      "elapsed" : 61,
      "job options" : {
        "name" : "mixed_rw",
        "filename" : "/Users/prateek/fio_test/fio_testfile",
        "rw" : "randrw",
        "rwmixread" : "70",
        "bs" : "4k",
        "size" : "2g",
        "numjobs" : "1",
        "iodepth" : "32",
        "ioengine" : "posixaio",
        "direct" : "1",
        "runtime" : "60",
        "time_based" : "",
        "group_reporting" : ""
      },
      "read" : {
        "io_bytes" : 4798382080,
        "io_kbytes" : 4685920,
        "bw_bytes" : 79971701,
        "bw" : 78097,
        "iops" : 19524.341261,
        "runtime" : 60001,
        "total_ios" : 1171480,
        "short_ios" : 0,
        "drop_ios" : 0,
        "slat_ns" : {
          "min" : 0,
          "max" : 300000,
          "mean" : 302.499402,
          "stddev" : 738.512038,
          "N" : 1171480
        },
        "clat_ns" : {
          "min" : 50000,
          "max" : 28403000,
          "mean" : 565500.709359,
          "stddev" : 672368.599483,
          "N" : 1171480,
          "percentile" : {
            "1.000000" : 259072,
            "5.000000" : 301056,
            "10.000000" : 321536,
            "20.000000" : 346112,
            "30.000000" : 362496,
            "40.000000" : 378880,
            "50.000000" : 391168,
            "60.000000" : 407552,
            "70.000000" : 423936,
            "80.000000" : 448512,
            "90.000000" : 602112,
            "95.000000" : 1875968,
            "99.000000" : 3424256,
            "99.500000" : 3620864,
            "99.900000" : 5931008,
            "99.950000" : 6717440,
            "99.990000" : 11206656
          }
        },
        "lat_ns" : {
          "min" : 50000,
          "max" : 28404000,
          "mean" : 565803.208762,
          "stddev" : 672368.925552,
          "N" : 1171480
        },
        "bw_min" : 53576,
        "bw_max" : 85992,
        "bw_agg" : 100.000000,
        "bw_mean" : 78169.201681,
        "bw_dev" : 5190.178518,
        "bw_samples" : 119,
        "iops_min" : 13394,
        "iops_max" : 21498,
        "iops_mean" : 19541.991597,
        "iops_stddev" : 1297.557461,
        "iops_samples" : 119
      },
      "write" : {
        "io_bytes" : 2057523200,
        "io_kbytes" : 2009300,
        "bw_bytes" : 34291481,
        "bw" : 33487,
        "iops" : 8371.943801,
        "runtime" : 60001,
        "total_ios" : 502325,
        "short_ios" : 0,
        "drop_ios" : 0,
        "slat_ns" : {
          "min" : 0,
          "max" : 78000,
          "mean" : 401.578659,
          "stddev" : 785.419265,
          "N" : 502325
        },
        "clat_ns" : {
          "min" : 92000,
          "max" : 35172000,
          "mean" : 588876.114070,
          "stddev" : 683222.938577,
          "N" : 502325,
          "percentile" : {
            "1.000000" : 276480,
            "5.000000" : 321536,
            "10.000000" : 342016,
            "20.000000" : 366592,
            "30.000000" : 382976,
            "40.000000" : 399360,
            "50.000000" : 411648,
            "60.000000" : 428032,
            "70.000000" : 444416,
            "80.000000" : 468992,
            "90.000000" : 634880,
            "95.000000" : 1908736,
            "99.000000" : 3457024,
            "99.500000" : 3653632,
            "99.900000" : 5996544,
            "99.950000" : 7045120,
            "99.990000" : 9895936
          }
        },
        "lat_ns" : {
          "min" : 93000,
          "max" : 35172000,
          "mean" : 589277.692729,
          "stddev" : 683228.885814,
          "N" : 502325
        },
        "bw_min" : 23616,
        "bw_max" : 36515,
        "bw_agg" : 100.000000,
        "bw_mean" : 33515.773109,
        "bw_dev" : 2170.017783,
        "bw_samples" : 119,
        "iops_min" : 5904,
        "iops_max" : 9128,
        "iops_mean" : 8378.605042,
        "iops_stddev" : 542.568549,
        "iops_samples" : 119
      },
      "trim" : {
        "io_bytes" : 0,
        "io_kbytes" : 0,
        "bw_bytes" : 0,
        "bw" : 0,
        "iops" : 0.000000,
        "runtime" : 0,
        "total_ios" : 0,
        "short_ios" : 0,
        "drop_ios" : 0,
        "slat_ns" : {
          "min" : 0,
          "max" : 0,
          "mean" : 0.000000,
          "stddev" : 0.000000,
          "N" : 0
        },
        "clat_ns" : {
          "min" : 0,
          "max" : 0,
          "mean" : 0.000000,
          "stddev" : 0.000000,
          "N" : 0
        },
        "lat_ns" : {
          "min" : 0,
          "max" : 0,
          "mean" : 0.000000,
          "stddev" : 0.000000,
          "N" : 0
        },
        "bw_min" : 0,
        "bw_max" : 0,
        "bw_agg" : 0.000000,
        "bw_mean" : 0.000000,
        "bw_dev" : 0.000000,
        "bw_samples" : 0,
        "iops_min" : 0,
        "iops_max" : 0,
        "iops_mean" : 0.000000,
        "iops_stddev" : 0.000000,
        "iops_samples" : 0
      },
      "sync" : {
        "total_ios" : 0,
        "lat_ns" : {
          "min" : 0,
          "max" : 0,
          "mean" : 0.000000,
          "stddev" : 0.000000,
          "N" : 0
        }
      },
      "job_runtime" : 60000,
      "usr_cpu" : 5.435000,
      "sys_cpu" : 5.923333,
      "ctx" : 1450090,
      "majf" : 0,
      "minf" : 9,
      "iodepth_level" : {
        "1" : 0.100000,
        "2" : 0.100000,
        "4" : 0.100000,
        "8" : 49.134816,
        "16" : 50.858852,
        "32" : 0.000000,
        ">=64" : 0.000000
      },
      "iodepth_submit" : {
        "0" : 0.000000,
        "4" : 100.000000,
        "8" : 0.000000,
        "16" : 0.000000,
        "32" : 0.000000,
        "64" : 0.000000,
        ">=64" : 0.000000
      },
      "iodepth_complete" : {
        "0" : 0.000000,
        "4" : 98.861526,
        "8" : 1.132225,
        "16" : 0.100000,
        "32" : 0.000000,
        "64" : 0.000000,
        ">=64" : 0.000000
      },
      "latency_ns" : {
        "2" : 0.000000,
        "4" : 0.000000,
        "10" : 0.000000,
        "20" : 0.000000,
        "50" : 0.000000,
        "100" : 0.000000,
        "250" : 0.000000,
        "500" : 0.000000,
        "750" : 0.000000,
        "1000" : 0.000000
      },
      "latency_us" : {
        "2" : 0.000000,
        "4" : 0.000000,
        "10" : 0.000000,
        "20" : 0.000000,
        "50" : 0.000000,
        "100" : 0.010000,
        "250" : 0.556457,
        "500" : 86.308321,
        "750" : 4.449861,
        "1000" : 0.788802
      },
      "latency_ms" : {
        "2" : 3.565947,
        "4" : 4.063974,
        "10" : 0.254092,
        "20" : 0.010000,
        "50" : 0.010000,
        "100" : 0.000000,
        "250" : 0.000000,
        "500" : 0.000000,
        "750" : 0.000000,
        "1000" : 0.000000,
        "2000" : 0.000000,
        ">=2000" : 0.000000
      },
      "latency_depth" : 32,
      "latency_target" : 0,
      "latency_percentile" : 100.000000,
      "latency_window" : 0
    }
  ]
}
