{
  "fio version" : "fio-3.41",
  "timestamp" : 1774164704,
  "timestamp_ms" : 1774164704036,
  "time" : "Sun Mar 22 13:01:44 2026",
  "jobs" : [
    {
      "jobname" : "rand_read",
      "groupid" : 0,
      "job_start" : 1774164643885,
      "error" : 0,
      "eta" : 0,
      "elapsed" : 61,
      "job options" : {
        "name" : "rand_read",
        "filename" : "/Users/prateek/fio_test/fio_testfile",
        "rw" : "randread",
        "bs" : "4k",
        "size" : "2g",
        "numjobs" : "1",
        "iodepth" : "32",
        "ioengine" : "posixaio",
        "direct" : "1",
        "runtime" : "60",
        "time_based" : "",
        "group_reporting" : ""
      },
      "read" : {
        "io_bytes" : 10065723392,
        "io_kbytes" : 9829808,
        "bw_bytes" : 167759260,
        "bw" : 163827,
        "iops" : 40956.850719,
        "runtime" : 60001,
        "total_ios" : 2457452,
        "short_ios" : 0,
        "drop_ios" : 0,
        "slat_ns" : {
          "min" : 0,
          "max" : 575000,
          "mean" : 295.314822,
          "stddev" : 911.045414,
          "N" : 2457452
        },
        "clat_ns" : {
          "min" : 16000,
          "max" : 17935000,
          "mean" : 389676.392865,
          "stddev" : 199865.726522,
          "N" : 2457452,
          "percentile" : {
            "1.000000" : 248832,
            "5.000000" : 288768,
            "10.000000" : 305152,
            "20.000000" : 329728,
            "30.000000" : 342016,
            "40.000000" : 358400,
            "50.000000" : 366592,
            "60.000000" : 382976,
            "70.000000" : 395264,
            "80.000000" : 411648,
            "90.000000" : 440320,
            "95.000000" : 485376,
            "99.000000" : 921600,
            "99.500000" : 1581056,
            "99.900000" : 3555328,
            "99.950000" : 3719168,
            "99.990000" : 5275648
          }
        },
        "lat_ns" : {
          "min" : 53000,
          "max" : 17935000,
          "mean" : 389971.707687,
          "stddev" : 199864.880044,
          "N" : 2457452
        },
        "bw_min" : 119308,
        "bw_max" : 179112,
        "bw_agg" : 100.000000,
        "bw_mean" : 163977.546218,
        "bw_dev" : 10149.422838,
        "bw_samples" : 119,
        "iops_min" : 29827,
        "iops_max" : 44778,
        "iops_mean" : 40994.067227,
        "iops_stddev" : 2537.340903,
        "iops_samples" : 119
      },
      "write" : {
        "io_bytes" : 0,
        "io_kbytes" : 0,
        "bw_bytes" : 0,
        "bw" : 0,
        "iops" : 0.000000,
        "runtime" : 0,
        "total_ios" : 0,
        "short_ios" : 0,
        "drop_ios" : 0,
        "slat_ns" : {
          "min" : 0,
          "max" : 0,
          "mean" : 0.000000,
          "stddev" : 0.000000,
          "N" : 0
        },
        "clat_ns" : {
          "min" : 0,
          "max" : 0,
          "mean" : 0.000000,
          "stddev" : 0.000000,
          "N" : 0
        },
        "lat_ns" : {
          "min" : 0,
          "max" : 0,
          "mean" : 0.000000,
          "stddev" : 0.000000,
          "N" : 0
        },
        "bw_min" : 0,
        "bw_max" : 0,
        "bw_agg" : 0.000000,
        "bw_mean" : 0.000000,
        "bw_dev" : 0.000000,
        "bw_samples" : 0,
        "iops_min" : 0,
        "iops_max" : 0,
        "iops_mean" : 0.000000,
        "iops_stddev" : 0.000000,
        "iops_samples" : 0
      },
      "trim" : {
        "io_bytes" : 0,
        "io_kbytes" : 0,
        "bw_bytes" : 0,
        "bw" : 0,
        "iops" : 0.000000,
        "runtime" : 0,
        "total_ios" : 0,
        "short_ios" : 0,
        "drop_ios" : 0,
        "slat_ns" : {
          "min" : 0,
          "max" : 0,
          "mean" : 0.000000,
          "stddev" : 0.000000,
          "N" : 0
        },
        "clat_ns" : {
          "min" : 0,
          "max" : 0,
          "mean" : 0.000000,
          "stddev" : 0.000000,
          "N" : 0
        },
        "lat_ns" : {
          "min" : 0,
          "max" : 0,
          "mean" : 0.000000,
          "stddev" : 0.000000,
          "N" : 0
        },
        "bw_min" : 0,
        "bw_max" : 0,
        "bw_agg" : 0.000000,
        "bw_mean" : 0.000000,
        "bw_dev" : 0.000000,
        "bw_samples" : 0,
        "iops_min" : 0,
        "iops_max" : 0,
        "iops_mean" : 0.000000,
        "iops_stddev" : 0.000000,
        "iops_samples" : 0
      },
      "sync" : {
        "total_ios" : 0,
        "lat_ns" : {
          "min" : 0,
          "max" : 0,
          "mean" : 0.000000,
          "stddev" : 0.000000,
          "N" : 0
        }
      },
      "job_runtime" : 60000,
      "usr_cpu" : 7.795000,
      "sys_cpu" : 8.133333,
      "ctx" : 2046496,
      "majf" : 0,
      "minf" : 9,
      "iodepth_level" : {
        "1" : 0.100000,
        "2" : 0.100000,
        "4" : 0.100000,
        "8" : 51.422571,
        "16" : 48.562861,
        "32" : 0.000000,
        ">=64" : 0.000000
      },
      "iodepth_submit" : {
        "0" : 0.000000,
        "4" : 100.000000,
        "8" : 0.000000,
        "16" : 0.000000,
        "32" : 0.000000,
        "64" : 0.000000,
        ">=64" : 0.000000
      },
      "iodepth_complete" : {
        "0" : 0.000000,
        "4" : 98.802957,
        "8" : 1.188290,
        "16" : 0.100000,
        "32" : 0.000000,
        "64" : 0.000000,
        ">=64" : 0.000000
      },
      "latency_ns" : {
        "2" : 0.000000,
        "4" : 0.000000,
        "10" : 0.000000,
        "20" : 0.000000,
        "50" : 0.000000,
        "100" : 0.000000,
        "250" : 0.000000,
        "500" : 0.000000,
        "750" : 0.000000,
        "1000" : 0.000000
      },
      "latency_us" : {
        "2" : 0.000000,
        "4" : 0.000000,
        "10" : 0.000000,
        "20" : 0.010000,
        "50" : 0.010000,
        "100" : 0.010000,
        "250" : 1.081974,
        "500" : 94.445914,
        "750" : 3.060080,
        "1000" : 0.508413
      },
      "latency_ms" : {
        "2" : 0.618974,
        "4" : 0.256648,
        "10" : 0.023887,
        "20" : 0.010000,
        "50" : 0.000000,
        "100" : 0.000000,
        "250" : 0.000000,
        "500" : 0.000000,
        "750" : 0.000000,
        "1000" : 0.000000,
        "2000" : 0.000000,
        ">=2000" : 0.000000
      },
      "latency_depth" : 32,
      "latency_target" : 0,
      "latency_percentile" : 100.000000,
      "latency_window" : 0
    }
  ]
}
