{
  "fio version" : "fio-3.41",
  "timestamp" : 1774164640,
  "timestamp_ms" : 1774164640194,
  "time" : "Sun Mar 22 13:00:40 2026",
  "jobs" : [
    {
      "jobname" : "rand_write",
      "groupid" : 0,
      "job_start" : 1774164580044,
      "error" : 0,
      "eta" : 0,
      "elapsed" : 61,
      "job options" : {
        "name" : "rand_write",
        "filename" : "/Users/prateek/fio_test/fio_testfile",
        "rw" : "randwrite",
        "bs" : "4k",
        "size" : "2g",
        "numjobs" : "1",
        "iodepth" : "32",
        "ioengine" : "posixaio",
        "direct" : "1",
        "runtime" : "60",
        "time_based" : "",
        "group_reporting" : ""
      },
      "read" : {
        "io_bytes" : 0,
        "io_kbytes" : 0,
        "bw_bytes" : 0,
        "bw" : 0,
        "iops" : 0.000000,
        "runtime" : 0,
        "total_ios" : 0,
        "short_ios" : 0,
        "drop_ios" : 0,
        "slat_ns" : {
          "min" : 0,
          "max" : 0,
          "mean" : 0.000000,
          "stddev" : 0.000000,
          "N" : 0
        },
        "clat_ns" : {
          "min" : 0,
          "max" : 0,
          "mean" : 0.000000,
          "stddev" : 0.000000,
          "N" : 0
        },
        "lat_ns" : {
          "min" : 0,
          "max" : 0,
          "mean" : 0.000000,
          "stddev" : 0.000000,
          "N" : 0
        },
        "bw_min" : 0,
        "bw_max" : 0,
        "bw_agg" : 0.000000,
        "bw_mean" : 0.000000,
        "bw_dev" : 0.000000,
        "bw_samples" : 0,
        "iops_min" : 0,
        "iops_max" : 0,
        "iops_mean" : 0.000000,
        "iops_stddev" : 0.000000,
        "iops_samples" : 0
      },
      "write" : {
        "io_bytes" : 4085186560,
        "io_kbytes" : 3989440,
        "bw_bytes" : 68085307,
        "bw" : 66489,
        "iops" : 16622.389627,
        "runtime" : 60001,
        "total_ios" : 997360,
        "short_ios" : 0,
        "drop_ios" : 0,
        "slat_ns" : {
          "min" : 0,
          "max" : 3650000,
          "mean" : 1023.414815,
          "stddev" : 5095.607946,
          "N" : 997360
        },
        "clat_ns" : {
          "min" : 19000,
          "max" : 16496000,
          "mean" : 958931.984439,
          "stddev" : 994717.489637,
          "N" : 997360,
          "percentile" : {
            "1.000000" : 305152,
            "5.000000" : 354304,
            "10.000000" : 378880,
            "20.000000" : 407552,
            "30.000000" : 432128,
            "40.000000" : 456704,
            "50.000000" : 481280,
            "60.000000" : 514048,
            "70.000000" : 667648,
            "80.000000" : 1630208,
            "90.000000" : 2179072,
            "95.000000" : 3358720,
            "99.000000" : 3784704,
            "99.500000" : 4816896,
            "99.900000" : 7241728,
            "99.950000" : 8585216,
            "99.990000" : 10551296
          }
        },
        "lat_ns" : {
          "min" : 75000,
          "max" : 16496000,
          "mean" : 959955.399254,
          "stddev" : 994694.804852,
          "N" : 997360
        },
        "bw_min" : 52207,
        "bw_max" : 83023,
        "bw_agg" : 100.000000,
        "bw_mean" : 66550.151261,
        "bw_dev" : 6870.065311,
        "bw_samples" : 119,
        "iops_min" : 13051,
        "iops_max" : 20755,
        "iops_mean" : 16637.218487,
        "iops_stddev" : 1717.488352,
        "iops_samples" : 119
      },
      "trim" : {
        "io_bytes" : 0,
        "io_kbytes" : 0,
        "bw_bytes" : 0,
        "bw" : 0,
        "iops" : 0.000000,
        "runtime" : 0,
        "total_ios" : 0,
        "short_ios" : 0,
        "drop_ios" : 0,
        "slat_ns" : {
          "min" : 0,
          "max" : 0,
          "mean" : 0.000000,
          "stddev" : 0.000000,
          "N" : 0
        },
        "clat_ns" : {
          "min" : 0,
          "max" : 0,
          "mean" : 0.000000,
          "stddev" : 0.000000,
          "N" : 0
        },
        "lat_ns" : {
          "min" : 0,
          "max" : 0,
          "mean" : 0.000000,
          "stddev" : 0.000000,
          "N" : 0
        },
        "bw_min" : 0,
        "bw_max" : 0,
        "bw_agg" : 0.000000,
        "bw_mean" : 0.000000,
        "bw_dev" : 0.000000,
        "bw_samples" : 0,
        "iops_min" : 0,
        "iops_max" : 0,
        "iops_mean" : 0.000000,
        "iops_stddev" : 0.000000,
        "iops_samples" : 0
      },
      "sync" : {
        "total_ios" : 0,
        "lat_ns" : {
          "min" : 0,
          "max" : 0,
          "mean" : 0.000000,
          "stddev" : 0.000000,
          "N" : 0
        }
      },
      "job_runtime" : 60000,
      "usr_cpu" : 7.048333,
      "sys_cpu" : 9.983333,
      "ctx" : 651435,
      "majf" : 0,
      "minf" : 9,
      "iodepth_level" : {
        "1" : 0.100000,
        "2" : 0.100000,
        "4" : 0.100000,
        "8" : 47.301476,
        "16" : 52.676366,
        "32" : 0.000000,
        ">=64" : 0.000000
      },
      "iodepth_submit" : {
        "0" : 0.000000,
        "4" : 100.000000,
        "8" : 0.000000,
        "16" : 0.000000,
        "32" : 0.000000,
        "64" : 0.000000,
        ">=64" : 0.000000
      },
      "iodepth_complete" : {
        "0" : 0.000000,
        "4" : 99.009622,
        "8" : 0.982419,
        "16" : 0.100000,
        "32" : 0.000000,
        "64" : 0.000000,
        ">=64" : 0.000000
      },
      "latency_ns" : {
        "2" : 0.000000,
        "4" : 0.000000,
        "10" : 0.000000,
        "20" : 0.000000,
        "50" : 0.000000,
        "100" : 0.000000,
        "250" : 0.000000,
        "500" : 0.000000,
        "750" : 0.000000,
        "1000" : 0.000000
      },
      "latency_us" : {
        "2" : 0.000000,
        "4" : 0.000000,
        "10" : 0.000000,
        "20" : 0.010000,
        "50" : 0.010000,
        "100" : 0.010000,
        "250" : 0.124529,
        "500" : 56.496050,
        "750" : 15.005314,
        "1000" : 2.145364
      },
      "latency_ms" : {
        "2" : 14.684868,
        "4" : 10.807432,
        "10" : 0.722207,
        "20" : 0.013034,
        "50" : 0.000000,
        "100" : 0.000000,
        "250" : 0.000000,
        "500" : 0.000000,
        "750" : 0.000000,
        "1000" : 0.000000,
        "2000" : 0.000000,
        ">=2000" : 0.000000
      },
      "latency_depth" : 32,
      "latency_target" : 0,
      "latency_percentile" : 100.000000,
      "latency_window" : 0
    }
  ]
}
