{
  "fio version" : "fio-3.41",
  "timestamp" : 1774164513,
  "timestamp_ms" : 1774164513071,
  "time" : "Sun Mar 22 12:58:33 2026",
  "jobs" : [
    {
      "jobname" : "seq_write",
      "groupid" : 0,
      "job_start" : 1774164452852,
      "error" : 0,
      "eta" : 0,
      "elapsed" : 61,
      "job options" : {
        "name" : "seq_write",
        "filename" : "/Users/prateek/fio_test/fio_testfile",
        "rw" : "write",
        "bs" : "1m",
        "size" : "2g",
        "numjobs" : "1",
        "iodepth" : "32",
        "ioengine" : "posixaio",
        "direct" : "1",
        "runtime" : "60",
        "time_based" : "",
        "group_reporting" : ""
      },
      "read" : {
        "io_bytes" : 0,
        "io_kbytes" : 0,
        "bw_bytes" : 0,
        "bw" : 0,
        "iops" : 0.000000,
        "runtime" : 0,
        "total_ios" : 0,
        "short_ios" : 0,
        "drop_ios" : 0,
        "slat_ns" : {
          "min" : 0,
          "max" : 0,
          "mean" : 0.000000,
          "stddev" : 0.000000,
          "N" : 0
        },
        "clat_ns" : {
          "min" : 0,
          "max" : 0,
          "mean" : 0.000000,
          "stddev" : 0.000000,
          "N" : 0
        },
        "lat_ns" : {
          "min" : 0,
          "max" : 0,
          "mean" : 0.000000,
          "stddev" : 0.000000,
          "N" : 0
        },
        "bw_min" : 0,
        "bw_max" : 0,
        "bw_agg" : 0.000000,
        "bw_mean" : 0.000000,
        "bw_dev" : 0.000000,
        "bw_samples" : 0,
        "iops_min" : 0,
        "iops_max" : 0,
        "iops_mean" : 0.000000,
        "iops_stddev" : 0.000000,
        "iops_samples" : 0
      },
      "write" : {
        "io_bytes" : 160697417728,
        "io_kbytes" : 156931072,
        "bw_bytes" : 2678067123,
        "bw" : 2615299,
        "iops" : 2554.003833,
        "runtime" : 60005,
        "total_ios" : 153253,
        "short_ios" : 0,
        "drop_ios" : 0,
        "slat_ns" : {
          "min" : 0,
          "max" : 15210000,
          "mean" : 45905.443939,
          "stddev" : 78968.518671,
          "N" : 153253
        },
        "clat_ns" : {
          "min" : 416000,
          "max" : 45174000,
          "mean" : 6143901.685448,
          "stddev" : 4053527.766820,
          "N" : 153253,
          "percentile" : {
            "1.000000" : 2703360,
            "5.000000" : 3719168,
            "10.000000" : 4227072,
            "20.000000" : 4685824,
            "30.000000" : 4816896,
            "40.000000" : 4947968,
            "50.000000" : 5079040,
            "60.000000" : 5144576,
            "70.000000" : 5341184,
            "80.000000" : 5472256,
            "90.000000" : 8454144,
            "95.000000" : 17956864,
            "99.000000" : 21889024,
            "99.500000" : 27656192,
            "99.900000" : 34340864,
            "99.950000" : 35389440,
            "99.990000" : 44826624
          }
        },
        "lat_ns" : {
          "min" : 524000,
          "max" : 45208000,
          "mean" : 6189807.129387,
          "stddev" : 4052640.981375,
          "N" : 153253
        },
        "bw_min" : 620483,
        "bw_max" : 3224988,
        "bw_agg" : 100.000000,
        "bw_mean" : 2617441.436975,
        "bw_dev" : 322549.518938,
        "bw_samples" : 119,
        "iops_min" : 605,
        "iops_max" : 3149,
        "iops_mean" : 2555.613445,
        "iops_stddev" : 315.027632,
        "iops_samples" : 119
      },
      "trim" : {
        "io_bytes" : 0,
        "io_kbytes" : 0,
        "bw_bytes" : 0,
        "bw" : 0,
        "iops" : 0.000000,
        "runtime" : 0,
        "total_ios" : 0,
        "short_ios" : 0,
        "drop_ios" : 0,
        "slat_ns" : {
          "min" : 0,
          "max" : 0,
          "mean" : 0.000000,
          "stddev" : 0.000000,
          "N" : 0
        },
        "clat_ns" : {
          "min" : 0,
          "max" : 0,
          "mean" : 0.000000,
          "stddev" : 0.000000,
          "N" : 0
        },
        "lat_ns" : {
          "min" : 0,
          "max" : 0,
          "mean" : 0.000000,
          "stddev" : 0.000000,
          "N" : 0
        },
        "bw_min" : 0,
        "bw_max" : 0,
        "bw_agg" : 0.000000,
        "bw_mean" : 0.000000,
        "bw_dev" : 0.000000,
        "bw_samples" : 0,
        "iops_min" : 0,
        "iops_max" : 0,
        "iops_mean" : 0.000000,
        "iops_stddev" : 0.000000,
        "iops_samples" : 0
      },
      "sync" : {
        "total_ios" : 0,
        "lat_ns" : {
          "min" : 0,
          "max" : 0,
          "mean" : 0.000000,
          "stddev" : 0.000000,
          "N" : 0
        }
      },
      "job_runtime" : 60004,
      "usr_cpu" : 12.622492,
      "sys_cpu" : 14.647357,
      "ctx" : 126288,
      "majf" : 0,
      "minf" : 9,
      "iodepth_level" : {
        "1" : 0.100000,
        "2" : 0.100000,
        "4" : 0.100000,
        "8" : 48.044084,
        "16" : 51.936993,
        "32" : 0.000000,
        ">=64" : 0.000000
      },
      "iodepth_submit" : {
        "0" : 0.000000,
        "4" : 100.000000,
        "8" : 0.000000,
        "16" : 0.000000,
        "32" : 0.000000,
        "64" : 0.000000,
        ">=64" : 0.000000
      },
      "iodepth_complete" : {
        "0" : 0.000000,
        "4" : 97.163332,
        "8" : 2.356582,
        "16" : 0.480086,
        "32" : 0.000000,
        "64" : 0.000000,
        ">=64" : 0.000000
      },
      "latency_ns" : {
        "2" : 0.000000,
        "4" : 0.000000,
        "10" : 0.000000,
        "20" : 0.000000,
        "50" : 0.000000,
        "100" : 0.000000,
        "250" : 0.000000,
        "500" : 0.000000,
        "750" : 0.000000,
        "1000" : 0.000000
      },
      "latency_us" : {
        "2" : 0.000000,
        "4" : 0.000000,
        "10" : 0.000000,
        "20" : 0.000000,
        "50" : 0.000000,
        "100" : 0.000000,
        "250" : 0.000000,
        "500" : 0.010000,
        "750" : 0.010000,
        "1000" : 0.010000
      },
      "latency_ms" : {
        "2" : 0.072429,
        "4" : 7.454993,
        "10" : 82.914527,
        "20" : 8.363295,
        "50" : 1.190841,
        "100" : 0.000000,
        "250" : 0.000000,
        "500" : 0.000000,
        "750" : 0.000000,
        "1000" : 0.000000,
        "2000" : 0.000000,
        ">=2000" : 0.000000
      },
      "latency_depth" : 32,
      "latency_target" : 0,
      "latency_percentile" : 100.000000,
      "latency_window" : 0
    }
  ]
}
