{
  "fio version" : "fio-3.41",
  "timestamp" : 1774165869,
  "timestamp_ms" : 1774165869837,
  "time" : "Sun Mar 22 13:21:09 2026",
  "jobs" : [
    {
      "jobname" : "bsscale_read_64k",
      "groupid" : 0,
      "job_start" : 1774165839690,
      "error" : 0,
      "eta" : 0,
      "elapsed" : 31,
      "job options" : {
        "name" : "bsscale_read_64k",
        "filename" : "/Users/prateekvm/fio_test/fio_testfile",
        "rw" : "read",
        "bs" : "64k",
        "size" : "2g",
        "numjobs" : "1",
        "iodepth" : "32",
        "ioengine" : "posixaio",
        "direct" : "1",
        "runtime" : "30",
        "time_based" : "",
        "group_reporting" : ""
      },
      "read" : {
        "io_bytes" : 30209605632,
        "io_kbytes" : 29501568,
        "bw_bytes" : 1006953289,
        "bw" : 983352,
        "iops" : 15364.887837,
        "runtime" : 30001,
        "total_ios" : 460962,
        "short_ios" : 0,
        "drop_ios" : 0,
        "slat_ns" : {
          "min" : 0,
          "max" : 37000,
          "mean" : 364.134137,
          "stddev" : 496.929809,
          "N" : 460962
        },
        "clat_ns" : {
          "min" : 15000,
          "max" : 5482000,
          "mean" : 1040289.303674,
          "stddev" : 79759.523993,
          "N" : 460962,
          "percentile" : {
            "1.000000" : 864256,
            "5.000000" : 970752,
            "10.000000" : 987136,
            "20.000000" : 1003520,
            "30.000000" : 1011712,
            "40.000000" : 1019904,
            "50.000000" : 1036288,
            "60.000000" : 1056768,
            "70.000000" : 1073152,
            "80.000000" : 1073152,
            "90.000000" : 1105920,
            "95.000000" : 1122304,
            "99.000000" : 1204224,
            "99.500000" : 1286144,
            "99.900000" : 1531904,
            "99.950000" : 1826816,
            "99.990000" : 3325952
          }
        },
        "lat_ns" : {
          "min" : 15000,
          "max" : 5482000,
          "mean" : 1040653.437811,
          "stddev" : 79759.082700,
          "N" : 460962
        },
        "bw_min" : 930666,
        "bw_max" : 1059611,
        "bw_agg" : 100.000000,
        "bw_mean" : 983748.542373,
        "bw_dev" : 30357.742759,
        "bw_samples" : 59,
        "iops_min" : 14541,
        "iops_max" : 16556,
        "iops_mean" : 15370.644068,
        "iops_stddev" : 474.311943,
        "iops_samples" : 59
      },
      "write" : {
        "io_bytes" : 0,
        "io_kbytes" : 0,
        "bw_bytes" : 0,
        "bw" : 0,
        "iops" : 0.000000,
        "runtime" : 0,
        "total_ios" : 0,
        "short_ios" : 0,
        "drop_ios" : 0,
        "slat_ns" : {
          "min" : 0,
          "max" : 0,
          "mean" : 0.000000,
          "stddev" : 0.000000,
          "N" : 0
        },
        "clat_ns" : {
          "min" : 0,
          "max" : 0,
          "mean" : 0.000000,
          "stddev" : 0.000000,
          "N" : 0
        },
        "lat_ns" : {
          "min" : 0,
          "max" : 0,
          "mean" : 0.000000,
          "stddev" : 0.000000,
          "N" : 0
        },
        "bw_min" : 0,
        "bw_max" : 0,
        "bw_agg" : 0.000000,
        "bw_mean" : 0.000000,
        "bw_dev" : 0.000000,
        "bw_samples" : 0,
        "iops_min" : 0,
        "iops_max" : 0,
        "iops_mean" : 0.000000,
        "iops_stddev" : 0.000000,
        "iops_samples" : 0
      },
      "trim" : {
        "io_bytes" : 0,
        "io_kbytes" : 0,
        "bw_bytes" : 0,
        "bw" : 0,
        "iops" : 0.000000,
        "runtime" : 0,
        "total_ios" : 0,
        "short_ios" : 0,
        "drop_ios" : 0,
        "slat_ns" : {
          "min" : 0,
          "max" : 0,
          "mean" : 0.000000,
          "stddev" : 0.000000,
          "N" : 0
        },
        "clat_ns" : {
          "min" : 0,
          "max" : 0,
          "mean" : 0.000000,
          "stddev" : 0.000000,
          "N" : 0
        },
        "lat_ns" : {
          "min" : 0,
          "max" : 0,
          "mean" : 0.000000,
          "stddev" : 0.000000,
          "N" : 0
        },
        "bw_min" : 0,
        "bw_max" : 0,
        "bw_agg" : 0.000000,
        "bw_mean" : 0.000000,
        "bw_dev" : 0.000000,
        "bw_samples" : 0,
        "iops_min" : 0,
        "iops_max" : 0,
        "iops_mean" : 0.000000,
        "iops_stddev" : 0.000000,
        "iops_samples" : 0
      },
      "sync" : {
        "total_ios" : 0,
        "lat_ns" : {
          "min" : 0,
          "max" : 0,
          "mean" : 0.000000,
          "stddev" : 0.000000,
          "N" : 0
        }
      },
      "job_runtime" : 30000,
      "usr_cpu" : 4.106667,
      "sys_cpu" : 4.780000,
      "ctx" : 226410,
      "majf" : 0,
      "minf" : 10,
      "iodepth_level" : {
        "1" : 0.100000,
        "2" : 0.100000,
        "4" : 0.100000,
        "8" : 51.216803,
        "16" : 48.781028,
        "32" : 0.000000,
        ">=64" : 0.000000
      },
      "iodepth_submit" : {
        "0" : 0.000000,
        "4" : 100.000000,
        "8" : 0.000000,
        "16" : 0.000000,
        "32" : 0.000000,
        "64" : 0.000000,
        ">=64" : 0.000000
      },
      "iodepth_complete" : {
        "0" : 0.000000,
        "4" : 99.997365,
        "8" : 0.100000,
        "16" : 0.100000,
        "32" : 0.000000,
        "64" : 0.000000,
        ">=64" : 0.000000
      },
      "latency_ns" : {
        "2" : 0.000000,
        "4" : 0.000000,
        "10" : 0.000000,
        "20" : 0.000000,
        "50" : 0.000000,
        "100" : 0.000000,
        "250" : 0.000000,
        "500" : 0.000000,
        "750" : 0.000000,
        "1000" : 0.000000
      },
      "latency_us" : {
        "2" : 0.000000,
        "4" : 0.000000,
        "10" : 0.000000,
        "20" : 0.010000,
        "50" : 0.039700,
        "100" : 0.019524,
        "250" : 0.010196,
        "500" : 0.026683,
        "750" : 0.455135,
        "1000" : 17.494501
      },
      "latency_ms" : {
        "2" : 81.922154,
        "4" : 0.023212,
        "10" : 0.010000,
        "20" : 0.000000,
        "50" : 0.000000,
        "100" : 0.000000,
        "250" : 0.000000,
        "500" : 0.000000,
        "750" : 0.000000,
        "1000" : 0.000000,
        "2000" : 0.000000,
        ">=2000" : 0.000000
      },
      "latency_depth" : 32,
      "latency_target" : 0,
      "latency_percentile" : 100.000000,
      "latency_window" : 0
    }
  ]
}
