{
  "fio version" : "fio-3.41",
  "timestamp" : 1774166004,
  "timestamp_ms" : 1774166004297,
  "time" : "Sun Mar 22 13:23:24 2026",
  "jobs" : [
    {
      "jobname" : "bsscale_read_1m",
      "groupid" : 0,
      "job_start" : 1774165974152,
      "error" : 0,
      "eta" : 0,
      "elapsed" : 31,
      "job options" : {
        "name" : "bsscale_read_1m",
        "filename" : "/Users/prateekvm/fio_test/fio_testfile",
        "rw" : "read",
        "bs" : "1m",
        "size" : "2g",
        "numjobs" : "1",
        "iodepth" : "32",
        "ioengine" : "posixaio",
        "direct" : "1",
        "runtime" : "30",
        "time_based" : "",
        "group_reporting" : ""
      },
      "read" : {
        "io_bytes" : 82916147200,
        "io_kbytes" : 80972800,
        "bw_bytes" : 2763318909,
        "bw" : 2698553,
        "iops" : 2635.306272,
        "runtime" : 30006,
        "total_ios" : 79075,
        "short_ios" : 0,
        "drop_ios" : 0,
        "slat_ns" : {
          "min" : 0,
          "max" : 44000,
          "mean" : 494.909896,
          "stddev" : 584.346796,
          "N" : 79075
        },
        "clat_ns" : {
          "min" : 2666000,
          "max" : 27636000,
          "mean" : 6069935.656023,
          "stddev" : 1043228.361216,
          "N" : 79075,
          "percentile" : {
            "1.000000" : 4079616,
            "5.000000" : 4554752,
            "10.000000" : 4816896,
            "20.000000" : 5079040,
            "30.000000" : 5931008,
            "40.000000" : 6258688,
            "50.000000" : 6324224,
            "60.000000" : 6389760,
            "70.000000" : 6389760,
            "80.000000" : 6455296,
            "90.000000" : 6586368,
            "95.000000" : 6717440,
            "99.000000" : 9502720,
            "99.500000" : 11075584,
            "99.900000" : 13959168,
            "99.950000" : 17170432,
            "99.990000" : 24772608
          }
        },
        "lat_ns" : {
          "min" : 2667000,
          "max" : 27636000,
          "mean" : 6070430.565918,
          "stddev" : 1043204.014187,
          "N" : 79075
        },
        "bw_min" : 2461655,
        "bw_max" : 3303160,
        "bw_agg" : 100.000000,
        "bw_mean" : 2700275.372881,
        "bw_dev" : 273636.827390,
        "bw_samples" : 59,
        "iops_min" : 2403,
        "iops_max" : 3225,
        "iops_mean" : 2636.644068,
        "iops_stddev" : 267.171891,
        "iops_samples" : 59
      },
      "write" : {
        "io_bytes" : 0,
        "io_kbytes" : 0,
        "bw_bytes" : 0,
        "bw" : 0,
        "iops" : 0.000000,
        "runtime" : 0,
        "total_ios" : 0,
        "short_ios" : 0,
        "drop_ios" : 0,
        "slat_ns" : {
          "min" : 0,
          "max" : 0,
          "mean" : 0.000000,
          "stddev" : 0.000000,
          "N" : 0
        },
        "clat_ns" : {
          "min" : 0,
          "max" : 0,
          "mean" : 0.000000,
          "stddev" : 0.000000,
          "N" : 0
        },
        "lat_ns" : {
          "min" : 0,
          "max" : 0,
          "mean" : 0.000000,
          "stddev" : 0.000000,
          "N" : 0
        },
        "bw_min" : 0,
        "bw_max" : 0,
        "bw_agg" : 0.000000,
        "bw_mean" : 0.000000,
        "bw_dev" : 0.000000,
        "bw_samples" : 0,
        "iops_min" : 0,
        "iops_max" : 0,
        "iops_mean" : 0.000000,
        "iops_stddev" : 0.000000,
        "iops_samples" : 0
      },
      "trim" : {
        "io_bytes" : 0,
        "io_kbytes" : 0,
        "bw_bytes" : 0,
        "bw" : 0,
        "iops" : 0.000000,
        "runtime" : 0,
        "total_ios" : 0,
        "short_ios" : 0,
        "drop_ios" : 0,
        "slat_ns" : {
          "min" : 0,
          "max" : 0,
          "mean" : 0.000000,
          "stddev" : 0.000000,
          "N" : 0
        },
        "clat_ns" : {
          "min" : 0,
          "max" : 0,
          "mean" : 0.000000,
          "stddev" : 0.000000,
          "N" : 0
        },
        "lat_ns" : {
          "min" : 0,
          "max" : 0,
          "mean" : 0.000000,
          "stddev" : 0.000000,
          "N" : 0
        },
        "bw_min" : 0,
        "bw_max" : 0,
        "bw_agg" : 0.000000,
        "bw_mean" : 0.000000,
        "bw_dev" : 0.000000,
        "bw_samples" : 0,
        "iops_min" : 0,
        "iops_max" : 0,
        "iops_mean" : 0.000000,
        "iops_stddev" : 0.000000,
        "iops_samples" : 0
      },
      "sync" : {
        "total_ios" : 0,
        "lat_ns" : {
          "min" : 0,
          "max" : 0,
          "mean" : 0.000000,
          "stddev" : 0.000000,
          "N" : 0
        }
      },
      "job_runtime" : 30005,
      "usr_cpu" : 0.809865,
      "sys_cpu" : 1.139810,
      "ctx" : 47420,
      "majf" : 0,
      "minf" : 10,
      "iodepth_level" : {
        "1" : 0.100000,
        "2" : 0.100000,
        "4" : 0.100000,
        "8" : 50.195384,
        "16" : 49.793234,
        "32" : 0.000000,
        ">=64" : 0.000000
      },
      "iodepth_submit" : {
        "0" : 0.000000,
        "4" : 100.000000,
        "8" : 0.000000,
        "16" : 0.000000,
        "32" : 0.000000,
        "64" : 0.000000,
        ">=64" : 0.000000
      },
      "iodepth_complete" : {
        "0" : 0.000000,
        "4" : 99.757325,
        "8" : 0.240775,
        "16" : 0.100000,
        "32" : 0.000000,
        "64" : 0.000000,
        ">=64" : 0.000000
      },
      "latency_ns" : {
        "2" : 0.000000,
        "4" : 0.000000,
        "10" : 0.000000,
        "20" : 0.000000,
        "50" : 0.000000,
        "100" : 0.000000,
        "250" : 0.000000,
        "500" : 0.000000,
        "750" : 0.000000,
        "1000" : 0.000000
      },
      "latency_us" : {
        "2" : 0.000000,
        "4" : 0.000000,
        "10" : 0.000000,
        "20" : 0.000000,
        "50" : 0.000000,
        "100" : 0.000000,
        "250" : 0.000000,
        "500" : 0.000000,
        "750" : 0.000000,
        "1000" : 0.000000
      },
      "latency_ms" : {
        "2" : 0.000000,
        "4" : 0.851091,
        "10" : 98.398988,
        "20" : 0.723364,
        "50" : 0.026557,
        "100" : 0.000000,
        "250" : 0.000000,
        "500" : 0.000000,
        "750" : 0.000000,
        "1000" : 0.000000,
        "2000" : 0.000000,
        ">=2000" : 0.000000
      },
      "latency_depth" : 32,
      "latency_target" : 0,
      "latency_percentile" : 100.000000,
      "latency_window" : 0
    }
  ]
}
