{
  "fio version" : "fio-3.41",
  "timestamp" : 1774165937,
  "timestamp_ms" : 1774165937012,
  "time" : "Sun Mar 22 13:22:17 2026",
  "jobs" : [
    {
      "jobname" : "bsscale_read_512k",
      "groupid" : 0,
      "job_start" : 1774165906860,
      "error" : 0,
      "eta" : 0,
      "elapsed" : 31,
      "job options" : {
        "name" : "bsscale_read_512k",
        "filename" : "/Users/prateekvm/fio_test/fio_testfile",
        "rw" : "read",
        "bs" : "512k",
        "size" : "2g",
        "numjobs" : "1",
        "iodepth" : "32",
        "ioengine" : "posixaio",
        "direct" : "1",
        "runtime" : "30",
        "time_based" : "",
        "group_reporting" : ""
      },
      "read" : {
        "io_bytes" : 71877787648,
        "io_kbytes" : 70193152,
        "bw_bytes" : 2395686686,
        "bw" : 2339537,
        "iops" : 4569.409726,
        "runtime" : 30003,
        "total_ios" : 137096,
        "short_ios" : 0,
        "drop_ios" : 0,
        "slat_ns" : {
          "min" : 0,
          "max" : 63000,
          "mean" : 438.072591,
          "stddev" : 602.402501,
          "N" : 137096
        },
        "clat_ns" : {
          "min" : 1148000,
          "max" : 20090000,
          "mean" : 3500217.635817,
          "stddev" : 835147.664453,
          "N" : 137096,
          "percentile" : {
            "1.000000" : 2113536,
            "5.000000" : 2375680,
            "10.000000" : 2506752,
            "20.000000" : 2637824,
            "30.000000" : 3096576,
            "40.000000" : 3653632,
            "50.000000" : 3686400,
            "60.000000" : 3751936,
            "70.000000" : 3817472,
            "80.000000" : 3915776,
            "90.000000" : 4014080,
            "95.000000" : 4145152,
            "99.000000" : 6782976,
            "99.500000" : 7569408,
            "99.900000" : 10289152,
            "99.950000" : 12910592,
            "99.990000" : 13959168
          }
        },
        "lat_ns" : {
          "min" : 1150000,
          "max" : 20090000,
          "mean" : 3500655.708409,
          "stddev" : 835146.681640,
          "N" : 137096
        },
        "bw_min" : 2003390,
        "bw_max" : 3303160,
        "bw_agg" : 99.671312,
        "bw_mean" : 2331848.949153,
        "bw_dev" : 323544.717718,
        "bw_samples" : 59,
        "iops_min" : 3912,
        "iops_max" : 6451,
        "iops_mean" : 4554.016949,
        "iops_stddev" : 631.869244,
        "iops_samples" : 59
      },
      "write" : {
        "io_bytes" : 0,
        "io_kbytes" : 0,
        "bw_bytes" : 0,
        "bw" : 0,
        "iops" : 0.000000,
        "runtime" : 0,
        "total_ios" : 0,
        "short_ios" : 0,
        "drop_ios" : 0,
        "slat_ns" : {
          "min" : 0,
          "max" : 0,
          "mean" : 0.000000,
          "stddev" : 0.000000,
          "N" : 0
        },
        "clat_ns" : {
          "min" : 0,
          "max" : 0,
          "mean" : 0.000000,
          "stddev" : 0.000000,
          "N" : 0
        },
        "lat_ns" : {
          "min" : 0,
          "max" : 0,
          "mean" : 0.000000,
          "stddev" : 0.000000,
          "N" : 0
        },
        "bw_min" : 0,
        "bw_max" : 0,
        "bw_agg" : 0.000000,
        "bw_mean" : 0.000000,
        "bw_dev" : 0.000000,
        "bw_samples" : 0,
        "iops_min" : 0,
        "iops_max" : 0,
        "iops_mean" : 0.000000,
        "iops_stddev" : 0.000000,
        "iops_samples" : 0
      },
      "trim" : {
        "io_bytes" : 0,
        "io_kbytes" : 0,
        "bw_bytes" : 0,
        "bw" : 0,
        "iops" : 0.000000,
        "runtime" : 0,
        "total_ios" : 0,
        "short_ios" : 0,
        "drop_ios" : 0,
        "slat_ns" : {
          "min" : 0,
          "max" : 0,
          "mean" : 0.000000,
          "stddev" : 0.000000,
          "N" : 0
        },
        "clat_ns" : {
          "min" : 0,
          "max" : 0,
          "mean" : 0.000000,
          "stddev" : 0.000000,
          "N" : 0
        },
        "lat_ns" : {
          "min" : 0,
          "max" : 0,
          "mean" : 0.000000,
          "stddev" : 0.000000,
          "N" : 0
        },
        "bw_min" : 0,
        "bw_max" : 0,
        "bw_agg" : 0.000000,
        "bw_mean" : 0.000000,
        "bw_dev" : 0.000000,
        "bw_samples" : 0,
        "iops_min" : 0,
        "iops_max" : 0,
        "iops_mean" : 0.000000,
        "iops_stddev" : 0.000000,
        "iops_samples" : 0
      },
      "sync" : {
        "total_ios" : 0,
        "lat_ns" : {
          "min" : 0,
          "max" : 0,
          "mean" : 0.000000,
          "stddev" : 0.000000,
          "N" : 0
        }
      },
      "job_runtime" : 30002,
      "usr_cpu" : 1.343244,
      "sys_cpu" : 1.903206,
      "ctx" : 82020,
      "majf" : 0,
      "minf" : 10,
      "iodepth_level" : {
        "1" : 0.100000,
        "2" : 0.100000,
        "4" : 0.100000,
        "8" : 50.121812,
        "16" : 49.872352,
        "32" : 0.000000,
        ">=64" : 0.000000
      },
      "iodepth_submit" : {
        "0" : 0.000000,
        "4" : 100.000000,
        "8" : 0.000000,
        "16" : 0.000000,
        "32" : 0.000000,
        "64" : 0.000000,
        ">=64" : 0.000000
      },
      "iodepth_complete" : {
        "0" : 0.000000,
        "4" : 99.918566,
        "8" : 0.100000,
        "16" : 0.100000,
        "32" : 0.000000,
        "64" : 0.000000,
        ">=64" : 0.000000
      },
      "latency_ns" : {
        "2" : 0.000000,
        "4" : 0.000000,
        "10" : 0.000000,
        "20" : 0.000000,
        "50" : 0.000000,
        "100" : 0.000000,
        "250" : 0.000000,
        "500" : 0.000000,
        "750" : 0.000000,
        "1000" : 0.000000
      },
      "latency_us" : {
        "2" : 0.000000,
        "4" : 0.000000,
        "10" : 0.000000,
        "20" : 0.000000,
        "50" : 0.000000,
        "100" : 0.000000,
        "250" : 0.000000,
        "500" : 0.000000,
        "750" : 0.000000,
        "1000" : 0.000000
      },
      "latency_ms" : {
        "2" : 0.254566,
        "4" : 89.507353,
        "10" : 10.126481,
        "20" : 0.110142,
        "50" : 0.010000,
        "100" : 0.000000,
        "250" : 0.000000,
        "500" : 0.000000,
        "750" : 0.000000,
        "1000" : 0.000000,
        "2000" : 0.000000,
        ">=2000" : 0.000000
      },
      "latency_depth" : 32,
      "latency_target" : 0,
      "latency_percentile" : 100.000000,
      "latency_window" : 0
    }
  ]
}
