{
  "fio version" : "fio-3.41",
  "timestamp" : 1774165836,
  "timestamp_ms" : 1774165836287,
  "time" : "Sun Mar 22 13:20:36 2026",
  "jobs" : [
    {
      "jobname" : "bsscale_write_4k",
      "groupid" : 0,
      "job_start" : 1774165806136,
      "error" : 0,
      "eta" : 0,
      "elapsed" : 31,
      "job options" : {
        "name" : "bsscale_write_4k",
        "filename" : "/Users/prateekvm/fio_test/fio_testfile",
        "rw" : "write",
        "bs" : "4k",
        "size" : "2g",
        "numjobs" : "1",
        "iodepth" : "32",
        "ioengine" : "posixaio",
        "direct" : "1",
        "runtime" : "30",
        "time_based" : "",
        "group_reporting" : ""
      },
      "read" : {
        "io_bytes" : 0,
        "io_kbytes" : 0,
        "bw_bytes" : 0,
        "bw" : 0,
        "iops" : 0.000000,
        "runtime" : 0,
        "total_ios" : 0,
        "short_ios" : 0,
        "drop_ios" : 0,
        "slat_ns" : {
          "min" : 0,
          "max" : 0,
          "mean" : 0.000000,
          "stddev" : 0.000000,
          "N" : 0
        },
        "clat_ns" : {
          "min" : 0,
          "max" : 0,
          "mean" : 0.000000,
          "stddev" : 0.000000,
          "N" : 0
        },
        "lat_ns" : {
          "min" : 0,
          "max" : 0,
          "mean" : 0.000000,
          "stddev" : 0.000000,
          "N" : 0
        },
        "bw_min" : 0,
        "bw_max" : 0,
        "bw_agg" : 0.000000,
        "bw_mean" : 0.000000,
        "bw_dev" : 0.000000,
        "bw_samples" : 0,
        "iops_min" : 0,
        "iops_max" : 0,
        "iops_mean" : 0.000000,
        "iops_stddev" : 0.000000,
        "iops_samples" : 0
      },
      "write" : {
        "io_bytes" : 5456199680,
        "io_kbytes" : 5328320,
        "bw_bytes" : 181861198,
        "bw" : 177598,
        "iops" : 44399.706686,
        "runtime" : 30002,
        "total_ios" : 1332080,
        "short_ios" : 0,
        "drop_ios" : 0,
        "slat_ns" : {
          "min" : 0,
          "max" : 207000,
          "mean" : 338.337788,
          "stddev" : 559.168615,
          "N" : 1332080
        },
        "clat_ns" : {
          "min" : 51000,
          "max" : 23250000,
          "mean" : 358871.705153,
          "stddev" : 289272.531334,
          "N" : 1332080,
          "percentile" : {
            "1.000000" : 230400,
            "5.000000" : 236544,
            "10.000000" : 238592,
            "20.000000" : 244736,
            "30.000000" : 248832,
            "40.000000" : 252928,
            "50.000000" : 257024,
            "60.000000" : 261120,
            "70.000000" : 272384,
            "80.000000" : 387072,
            "90.000000" : 602112,
            "95.000000" : 880640,
            "99.000000" : 1449984,
            "99.500000" : 1777664,
            "99.900000" : 2342912,
            "99.950000" : 2899968,
            "99.990000" : 6914048
          }
        },
        "lat_ns" : {
          "min" : 60000,
          "max" : 23251000,
          "mean" : 359210.042940,
          "stddev" : 289278.736699,
          "N" : 1332080
        },
        "bw_min" : 138848,
        "bw_max" : 210752,
        "bw_agg" : 100.000000,
        "bw_mean" : 177641.762712,
        "bw_dev" : 13981.677680,
        "bw_samples" : 59,
        "iops_min" : 34712,
        "iops_max" : 52688,
        "iops_mean" : 44410.203390,
        "iops_stddev" : 3495.520748,
        "iops_samples" : 59
      },
      "trim" : {
        "io_bytes" : 0,
        "io_kbytes" : 0,
        "bw_bytes" : 0,
        "bw" : 0,
        "iops" : 0.000000,
        "runtime" : 0,
        "total_ios" : 0,
        "short_ios" : 0,
        "drop_ios" : 0,
        "slat_ns" : {
          "min" : 0,
          "max" : 0,
          "mean" : 0.000000,
          "stddev" : 0.000000,
          "N" : 0
        },
        "clat_ns" : {
          "min" : 0,
          "max" : 0,
          "mean" : 0.000000,
          "stddev" : 0.000000,
          "N" : 0
        },
        "lat_ns" : {
          "min" : 0,
          "max" : 0,
          "mean" : 0.000000,
          "stddev" : 0.000000,
          "N" : 0
        },
        "bw_min" : 0,
        "bw_max" : 0,
        "bw_agg" : 0.000000,
        "bw_mean" : 0.000000,
        "bw_dev" : 0.000000,
        "bw_samples" : 0,
        "iops_min" : 0,
        "iops_max" : 0,
        "iops_mean" : 0.000000,
        "iops_stddev" : 0.000000,
        "iops_samples" : 0
      },
      "sync" : {
        "total_ios" : 0,
        "lat_ns" : {
          "min" : 0,
          "max" : 0,
          "mean" : 0.000000,
          "stddev" : 0.000000,
          "N" : 0
        }
      },
      "job_runtime" : 30001,
      "usr_cpu" : 7.566414,
      "sys_cpu" : 7.289757,
      "ctx" : 333485,
      "majf" : 0,
      "minf" : 9,
      "iodepth_level" : {
        "1" : 0.100000,
        "2" : 0.100000,
        "4" : 0.100000,
        "8" : 74.908189,
        "16" : 25.086631,
        "32" : 0.000000,
        ">=64" : 0.000000
      },
      "iodepth_submit" : {
        "0" : 0.000000,
        "4" : 100.000000,
        "8" : 0.000000,
        "16" : 0.000000,
        "32" : 0.000000,
        "64" : 0.000000,
        ">=64" : 0.000000
      },
      "iodepth_complete" : {
        "0" : 0.000000,
        "4" : 99.988352,
        "8" : 0.100000,
        "16" : 0.100000,
        "32" : 0.000000,
        "64" : 0.000000,
        ">=64" : 0.000000
      },
      "latency_ns" : {
        "2" : 0.000000,
        "4" : 0.000000,
        "10" : 0.000000,
        "20" : 0.000000,
        "50" : 0.000000,
        "100" : 0.000000,
        "250" : 0.000000,
        "500" : 0.000000,
        "750" : 0.000000,
        "1000" : 0.000000
      },
      "latency_us" : {
        "2" : 0.000000,
        "4" : 0.000000,
        "10" : 0.000000,
        "20" : 0.000000,
        "50" : 0.000000,
        "100" : 0.010000,
        "250" : 31.459447,
        "500" : 54.146973,
        "750" : 7.524173,
        "1000" : 2.729190
      },
      "latency_ms" : {
        "2" : 3.830401,
        "4" : 0.288346,
        "10" : 0.019218,
        "20" : 0.010000,
        "50" : 0.010000,
        "100" : 0.000000,
        "250" : 0.000000,
        "500" : 0.000000,
        "750" : 0.000000,
        "1000" : 0.000000,
        "2000" : 0.000000,
        ">=2000" : 0.000000
      },
      "latency_depth" : 32,
      "latency_target" : 0,
      "latency_percentile" : 100.000000,
      "latency_window" : 0
    }
  ]
}
