{
  "fio version" : "fio-3.41",
  "timestamp" : 1774165903,
  "timestamp_ms" : 1774165903412,
  "time" : "Sun Mar 22 13:21:43 2026",
  "jobs" : [
    {
      "jobname" : "bsscale_write_64k",
      "groupid" : 0,
      "job_start" : 1774165873267,
      "error" : 0,
      "eta" : 0,
      "elapsed" : 31,
      "job options" : {
        "name" : "bsscale_write_64k",
        "filename" : "/Users/prateekvm/fio_test/fio_testfile",
        "rw" : "write",
        "bs" : "64k",
        "size" : "2g",
        "numjobs" : "1",
        "iodepth" : "32",
        "ioengine" : "posixaio",
        "direct" : "1",
        "runtime" : "30",
        "time_based" : "",
        "group_reporting" : ""
      },
      "read" : {
        "io_bytes" : 0,
        "io_kbytes" : 0,
        "bw_bytes" : 0,
        "bw" : 0,
        "iops" : 0.000000,
        "runtime" : 0,
        "total_ios" : 0,
        "short_ios" : 0,
        "drop_ios" : 0,
        "slat_ns" : {
          "min" : 0,
          "max" : 0,
          "mean" : 0.000000,
          "stddev" : 0.000000,
          "N" : 0
        },
        "clat_ns" : {
          "min" : 0,
          "max" : 0,
          "mean" : 0.000000,
          "stddev" : 0.000000,
          "N" : 0
        },
        "lat_ns" : {
          "min" : 0,
          "max" : 0,
          "mean" : 0.000000,
          "stddev" : 0.000000,
          "N" : 0
        },
        "bw_min" : 0,
        "bw_max" : 0,
        "bw_agg" : 0.000000,
        "bw_mean" : 0.000000,
        "bw_dev" : 0.000000,
        "bw_samples" : 0,
        "iops_min" : 0,
        "iops_max" : 0,
        "iops_mean" : 0.000000,
        "iops_stddev" : 0.000000,
        "iops_samples" : 0
      },
      "write" : {
        "io_bytes" : 71615315968,
        "io_kbytes" : 69936832,
        "bw_bytes" : 2387097629,
        "bw" : 2331150,
        "iops" : 36424.219193,
        "runtime" : 30001,
        "total_ios" : 1092763,
        "short_ios" : 0,
        "drop_ios" : 0,
        "slat_ns" : {
          "min" : 0,
          "max" : 162000,
          "mean" : 775.504844,
          "stddev" : 687.462768,
          "N" : 1092763
        },
        "clat_ns" : {
          "min" : 268000,
          "max" : 14557000,
          "mean" : 437751.685407,
          "stddev" : 193860.727559,
          "N" : 1092763,
          "percentile" : {
            "1.000000" : 366592,
            "5.000000" : 374784,
            "10.000000" : 378880,
            "20.000000" : 382976,
            "30.000000" : 387072,
            "40.000000" : 395264,
            "50.000000" : 403456,
            "60.000000" : 411648,
            "70.000000" : 423936,
            "80.000000" : 440320,
            "90.000000" : 485376,
            "95.000000" : 536576,
            "99.000000" : 1236992,
            "99.500000" : 1482752,
            "99.900000" : 1843200,
            "99.950000" : 4292608,
            "99.990000" : 6520832
          }
        },
        "lat_ns" : {
          "min" : 269000,
          "max" : 14557000,
          "mean" : 438527.190251,
          "stddev" : 193881.487958,
          "N" : 1092763
        },
        "bw_min" : 1057085,
        "bw_max" : 2596262,
        "bw_agg" : 100.000000,
        "bw_mean" : 2334022.627119,
        "bw_dev" : 322563.305903,
        "bw_samples" : 59,
        "iops_min" : 16516,
        "iops_max" : 40566,
        "iops_mean" : 36468.711864,
        "iops_stddev" : 5040.028729,
        "iops_samples" : 59
      },
      "trim" : {
        "io_bytes" : 0,
        "io_kbytes" : 0,
        "bw_bytes" : 0,
        "bw" : 0,
        "iops" : 0.000000,
        "runtime" : 0,
        "total_ios" : 0,
        "short_ios" : 0,
        "drop_ios" : 0,
        "slat_ns" : {
          "min" : 0,
          "max" : 0,
          "mean" : 0.000000,
          "stddev" : 0.000000,
          "N" : 0
        },
        "clat_ns" : {
          "min" : 0,
          "max" : 0,
          "mean" : 0.000000,
          "stddev" : 0.000000,
          "N" : 0
        },
        "lat_ns" : {
          "min" : 0,
          "max" : 0,
          "mean" : 0.000000,
          "stddev" : 0.000000,
          "N" : 0
        },
        "bw_min" : 0,
        "bw_max" : 0,
        "bw_agg" : 0.000000,
        "bw_mean" : 0.000000,
        "bw_dev" : 0.000000,
        "bw_samples" : 0,
        "iops_min" : 0,
        "iops_max" : 0,
        "iops_mean" : 0.000000,
        "iops_stddev" : 0.000000,
        "iops_samples" : 0
      },
      "sync" : {
        "total_ios" : 0,
        "lat_ns" : {
          "min" : 0,
          "max" : 0,
          "mean" : 0.000000,
          "stddev" : 0.000000,
          "N" : 0
        }
      },
      "job_runtime" : 30000,
      "usr_cpu" : 12.086667,
      "sys_cpu" : 11.396667,
      "ctx" : 519796,
      "majf" : 0,
      "minf" : 9,
      "iodepth_level" : {
        "1" : 0.100000,
        "2" : 0.100000,
        "4" : 0.100000,
        "8" : 52.723875,
        "16" : 47.274295,
        "32" : 0.000000,
        ">=64" : 0.000000
      },
      "iodepth_submit" : {
        "0" : 0.000000,
        "4" : 100.000000,
        "8" : 0.000000,
        "16" : 0.000000,
        "32" : 0.000000,
        "64" : 0.000000,
        ">=64" : 0.000000
      },
      "iodepth_complete" : {
        "0" : 0.000000,
        "4" : 99.983866,
        "8" : 0.100000,
        "16" : 0.100000,
        "32" : 0.000000,
        "64" : 0.000000,
        ">=64" : 0.000000
      },
      "latency_ns" : {
        "2" : 0.000000,
        "4" : 0.000000,
        "10" : 0.000000,
        "20" : 0.000000,
        "50" : 0.000000,
        "100" : 0.000000,
        "250" : 0.000000,
        "500" : 0.000000,
        "750" : 0.000000,
        "1000" : 0.000000
      },
      "latency_us" : {
        "2" : 0.000000,
        "4" : 0.000000,
        "10" : 0.000000,
        "20" : 0.000000,
        "50" : 0.000000,
        "100" : 0.000000,
        "250" : 0.000000,
        "500" : 91.748714,
        "750" : 5.753398,
        "1000" : 0.730625
      },
      "latency_ms" : {
        "2" : 1.684995,
        "4" : 0.031205,
        "10" : 0.049599,
        "20" : 0.010000,
        "50" : 0.000000,
        "100" : 0.000000,
        "250" : 0.000000,
        "500" : 0.000000,
        "750" : 0.000000,
        "1000" : 0.000000,
        "2000" : 0.000000,
        ">=2000" : 0.000000
      },
      "latency_depth" : 32,
      "latency_target" : 0,
      "latency_percentile" : 100.000000,
      "latency_window" : 0
    }
  ]
}
