{
  "fio version" : "fio-3.41",
  "timestamp" : 1774166037,
  "timestamp_ms" : 1774166037859,
  "time" : "Sun Mar 22 13:23:57 2026",
  "jobs" : [
    {
      "jobname" : "bsscale_write_1m",
      "groupid" : 0,
      "job_start" : 1774166007720,
      "error" : 0,
      "eta" : 0,
      "elapsed" : 31,
      "job options" : {
        "name" : "bsscale_write_1m",
        "filename" : "/Users/prateekvm/fio_test/fio_testfile",
        "rw" : "write",
        "bs" : "1m",
        "size" : "2g",
        "numjobs" : "1",
        "iodepth" : "32",
        "ioengine" : "posixaio",
        "direct" : "1",
        "runtime" : "30",
        "time_based" : "",
        "group_reporting" : ""
      },
      "read" : {
        "io_bytes" : 0,
        "io_kbytes" : 0,
        "bw_bytes" : 0,
        "bw" : 0,
        "iops" : 0.000000,
        "runtime" : 0,
        "total_ios" : 0,
        "short_ios" : 0,
        "drop_ios" : 0,
        "slat_ns" : {
          "min" : 0,
          "max" : 0,
          "mean" : 0.000000,
          "stddev" : 0.000000,
          "N" : 0
        },
        "clat_ns" : {
          "min" : 0,
          "max" : 0,
          "mean" : 0.000000,
          "stddev" : 0.000000,
          "N" : 0
        },
        "lat_ns" : {
          "min" : 0,
          "max" : 0,
          "mean" : 0.000000,
          "stddev" : 0.000000,
          "N" : 0
        },
        "bw_min" : 0,
        "bw_max" : 0,
        "bw_agg" : 0.000000,
        "bw_mean" : 0.000000,
        "bw_dev" : 0.000000,
        "bw_samples" : 0,
        "iops_min" : 0,
        "iops_max" : 0,
        "iops_mean" : 0.000000,
        "iops_stddev" : 0.000000,
        "iops_samples" : 0
      },
      "write" : {
        "io_bytes" : 71972159488,
        "io_kbytes" : 70285312,
        "bw_bytes" : 2398512330,
        "bw" : 2342297,
        "iops" : 2287.399607,
        "runtime" : 30007,
        "total_ios" : 68638,
        "short_ios" : 0,
        "drop_ios" : 0,
        "slat_ns" : {
          "min" : 0,
          "max" : 89000,
          "mean" : 7074.841924,
          "stddev" : 7943.699256,
          "N" : 68638
        },
        "clat_ns" : {
          "min" : 1713000,
          "max" : 172641000,
          "mean" : 6982930.592383,
          "stddev" : 4814882.686085,
          "N" : 68638,
          "percentile" : {
            "1.000000" : 3555328,
            "5.000000" : 4145152,
            "10.000000" : 4423680,
            "20.000000" : 4751360,
            "30.000000" : 4947968,
            "40.000000" : 5144576,
            "50.000000" : 5275648,
            "60.000000" : 5472256,
            "70.000000" : 5931008,
            "80.000000" : 7831552,
            "90.000000" : 13172736,
            "95.000000" : 17956864,
            "99.000000" : 21889024,
            "99.500000" : 24248320,
            "99.900000" : 28704768,
            "99.950000" : 31326208,
            "99.990000" : 170917888
          }
        },
        "lat_ns" : {
          "min" : 1714000,
          "max" : 172654000,
          "mean" : 6990005.434308,
          "stddev" : 4815440.610708,
          "N" : 68638
        },
        "bw_min" : 1107800,
        "bw_max" : 2767841,
        "bw_agg" : 99.912855,
        "bw_mean" : 2340256.559322,
        "bw_dev" : 502086.129552,
        "bw_samples" : 59,
        "iops_min" : 1081,
        "iops_max" : 2702,
        "iops_mean" : 2284.898305,
        "iops_stddev" : 490.282983,
        "iops_samples" : 59
      },
      "trim" : {
        "io_bytes" : 0,
        "io_kbytes" : 0,
        "bw_bytes" : 0,
        "bw" : 0,
        "iops" : 0.000000,
        "runtime" : 0,
        "total_ios" : 0,
        "short_ios" : 0,
        "drop_ios" : 0,
        "slat_ns" : {
          "min" : 0,
          "max" : 0,
          "mean" : 0.000000,
          "stddev" : 0.000000,
          "N" : 0
        },
        "clat_ns" : {
          "min" : 0,
          "max" : 0,
          "mean" : 0.000000,
          "stddev" : 0.000000,
          "N" : 0
        },
        "lat_ns" : {
          "min" : 0,
          "max" : 0,
          "mean" : 0.000000,
          "stddev" : 0.000000,
          "N" : 0
        },
        "bw_min" : 0,
        "bw_max" : 0,
        "bw_agg" : 0.000000,
        "bw_mean" : 0.000000,
        "bw_dev" : 0.000000,
        "bw_samples" : 0,
        "iops_min" : 0,
        "iops_max" : 0,
        "iops_mean" : 0.000000,
        "iops_stddev" : 0.000000,
        "iops_samples" : 0
      },
      "sync" : {
        "total_ios" : 0,
        "lat_ns" : {
          "min" : 0,
          "max" : 0,
          "mean" : 0.000000,
          "stddev" : 0.000000,
          "N" : 0
        }
      },
      "job_runtime" : 30006,
      "usr_cpu" : 3.579284,
      "sys_cpu" : 1.123109,
      "ctx" : 52171,
      "majf" : 0,
      "minf" : 9,
      "iodepth_level" : {
        "1" : 0.100000,
        "2" : 0.100000,
        "4" : 0.100000,
        "8" : 50.550715,
        "16" : 49.436172,
        "32" : 0.000000,
        ">=64" : 0.000000
      },
      "iodepth_submit" : {
        "0" : 0.000000,
        "4" : 100.000000,
        "8" : 0.000000,
        "16" : 0.000000,
        "32" : 0.000000,
        "64" : 0.000000,
        ">=64" : 0.000000
      },
      "iodepth_complete" : {
        "0" : 0.000000,
        "4" : 99.286463,
        "8" : 0.712072,
        "16" : 0.100000,
        "32" : 0.000000,
        "64" : 0.000000,
        ">=64" : 0.000000
      },
      "latency_ns" : {
        "2" : 0.000000,
        "4" : 0.000000,
        "10" : 0.000000,
        "20" : 0.000000,
        "50" : 0.000000,
        "100" : 0.000000,
        "250" : 0.000000,
        "500" : 0.000000,
        "750" : 0.000000,
        "1000" : 0.000000
      },
      "latency_us" : {
        "2" : 0.000000,
        "4" : 0.000000,
        "10" : 0.000000,
        "20" : 0.000000,
        "50" : 0.000000,
        "100" : 0.000000,
        "250" : 0.000000,
        "500" : 0.000000,
        "750" : 0.000000,
        "1000" : 0.000000
      },
      "latency_ms" : {
        "2" : 0.010000,
        "4" : 3.369853,
        "10" : 80.962441,
        "20" : 13.910662,
        "50" : 1.724992,
        "100" : 0.000000,
        "250" : 0.023311,
        "500" : 0.000000,
        "750" : 0.000000,
        "1000" : 0.000000,
        "2000" : 0.000000,
        ">=2000" : 0.000000
      },
      "latency_depth" : 32,
      "latency_target" : 0,
      "latency_percentile" : 100.000000,
      "latency_window" : 0
    }
  ]
}
