{
  "fio version" : "fio-3.41",
  "timestamp" : 1774165802,
  "timestamp_ms" : 1774165802719,
  "time" : "Sun Mar 22 13:20:02 2026",
  "jobs" : [
    {
      "jobname" : "bsscale_read_4k",
      "groupid" : 0,
      "job_start" : 1774165772568,
      "error" : 0,
      "eta" : 0,
      "elapsed" : 31,
      "job options" : {
        "name" : "bsscale_read_4k",
        "filename" : "/Users/prateekvm/fio_test/fio_testfile",
        "rw" : "read",
        "bs" : "4k",
        "size" : "2g",
        "numjobs" : "1",
        "iodepth" : "32",
        "ioengine" : "posixaio",
        "direct" : "1",
        "runtime" : "30",
        "time_based" : "",
        "group_reporting" : ""
      },
      "read" : {
        "io_bytes" : 6692118528,
        "io_kbytes" : 6535272,
        "bw_bytes" : 223063182,
        "bw" : 217835,
        "iops" : 54458.784707,
        "runtime" : 30001,
        "total_ios" : 1633818,
        "short_ios" : 0,
        "drop_ios" : 0,
        "slat_ns" : {
          "min" : 0,
          "max" : 143000,
          "mean" : 344.373731,
          "stddev" : 655.276467,
          "N" : 1633818
        },
        "clat_ns" : {
          "min" : 5000,
          "max" : 20639000,
          "mean" : 292300.830937,
          "stddev" : 110299.598873,
          "N" : 1633818,
          "percentile" : {
            "1.000000" : 238592,
            "5.000000" : 261120,
            "10.000000" : 264192,
            "20.000000" : 268288,
            "30.000000" : 272384,
            "40.000000" : 276480,
            "50.000000" : 280576,
            "60.000000" : 284672,
            "70.000000" : 292864,
            "80.000000" : 305152,
            "90.000000" : 325632,
            "95.000000" : 346112,
            "99.000000" : 481280,
            "99.500000" : 700416,
            "99.900000" : 1028096,
            "99.950000" : 1351680,
            "99.990000" : 3489792
          }
        },
        "lat_ns" : {
          "min" : 5000,
          "max" : 20640000,
          "mean" : 292645.204668,
          "stddev" : 110305.255151,
          "N" : 1633818
        },
        "bw_min" : 185413,
        "bw_max" : 227320,
        "bw_agg" : 100.000000,
        "bw_mean" : 217983.542373,
        "bw_dev" : 8286.687594,
        "bw_samples" : 59,
        "iops_min" : 46353,
        "iops_max" : 56830,
        "iops_mean" : 54495.661017,
        "iops_stddev" : 2071.645187,
        "iops_samples" : 59
      },
      "write" : {
        "io_bytes" : 0,
        "io_kbytes" : 0,
        "bw_bytes" : 0,
        "bw" : 0,
        "iops" : 0.000000,
        "runtime" : 0,
        "total_ios" : 0,
        "short_ios" : 0,
        "drop_ios" : 0,
        "slat_ns" : {
          "min" : 0,
          "max" : 0,
          "mean" : 0.000000,
          "stddev" : 0.000000,
          "N" : 0
        },
        "clat_ns" : {
          "min" : 0,
          "max" : 0,
          "mean" : 0.000000,
          "stddev" : 0.000000,
          "N" : 0
        },
        "lat_ns" : {
          "min" : 0,
          "max" : 0,
          "mean" : 0.000000,
          "stddev" : 0.000000,
          "N" : 0
        },
        "bw_min" : 0,
        "bw_max" : 0,
        "bw_agg" : 0.000000,
        "bw_mean" : 0.000000,
        "bw_dev" : 0.000000,
        "bw_samples" : 0,
        "iops_min" : 0,
        "iops_max" : 0,
        "iops_mean" : 0.000000,
        "iops_stddev" : 0.000000,
        "iops_samples" : 0
      },
      "trim" : {
        "io_bytes" : 0,
        "io_kbytes" : 0,
        "bw_bytes" : 0,
        "bw" : 0,
        "iops" : 0.000000,
        "runtime" : 0,
        "total_ios" : 0,
        "short_ios" : 0,
        "drop_ios" : 0,
        "slat_ns" : {
          "min" : 0,
          "max" : 0,
          "mean" : 0.000000,
          "stddev" : 0.000000,
          "N" : 0
        },
        "clat_ns" : {
          "min" : 0,
          "max" : 0,
          "mean" : 0.000000,
          "stddev" : 0.000000,
          "N" : 0
        },
        "lat_ns" : {
          "min" : 0,
          "max" : 0,
          "mean" : 0.000000,
          "stddev" : 0.000000,
          "N" : 0
        },
        "bw_min" : 0,
        "bw_max" : 0,
        "bw_agg" : 0.000000,
        "bw_mean" : 0.000000,
        "bw_dev" : 0.000000,
        "bw_samples" : 0,
        "iops_min" : 0,
        "iops_max" : 0,
        "iops_mean" : 0.000000,
        "iops_stddev" : 0.000000,
        "iops_samples" : 0
      },
      "sync" : {
        "total_ios" : 0,
        "lat_ns" : {
          "min" : 0,
          "max" : 0,
          "mean" : 0.000000,
          "stddev" : 0.000000,
          "N" : 0
        }
      },
      "job_runtime" : 30000,
      "usr_cpu" : 10.126667,
      "sys_cpu" : 12.180000,
      "ctx" : 457377,
      "majf" : 0,
      "minf" : 10,
      "iodepth_level" : {
        "1" : 0.100000,
        "2" : 0.100000,
        "4" : 0.100000,
        "8" : 72.346675,
        "16" : 27.622661,
        "32" : 0.000000,
        ">=64" : 0.000000
      },
      "iodepth_submit" : {
        "0" : 0.000000,
        "4" : 100.000000,
        "8" : 0.000000,
        "16" : 0.000000,
        "32" : 0.000000,
        "64" : 0.000000,
        ">=64" : 0.000000
      },
      "iodepth_complete" : {
        "0" : 0.000000,
        "4" : 99.837054,
        "8" : 0.158018,
        "16" : 0.100000,
        "32" : 0.000000,
        "64" : 0.000000,
        ">=64" : 0.000000
      },
      "latency_ns" : {
        "2" : 0.000000,
        "4" : 0.000000,
        "10" : 0.000000,
        "20" : 0.000000,
        "50" : 0.000000,
        "100" : 0.000000,
        "250" : 0.000000,
        "500" : 0.000000,
        "750" : 0.000000,
        "1000" : 0.000000
      },
      "latency_us" : {
        "2" : 0.000000,
        "4" : 0.000000,
        "10" : 0.010000,
        "20" : 0.026380,
        "50" : 0.051291,
        "100" : 0.010000,
        "250" : 1.563271,
        "500" : 97.428845,
        "750" : 0.497730,
        "1000" : 0.305052
      },
      "latency_ms" : {
        "2" : 0.092972,
        "4" : 0.011323,
        "10" : 0.010000,
        "20" : 0.010000,
        "50" : 0.010000,
        "100" : 0.000000,
        "250" : 0.000000,
        "500" : 0.000000,
        "750" : 0.000000,
        "1000" : 0.000000,
        "2000" : 0.000000,
        ">=2000" : 0.000000
      },
      "latency_depth" : 32,
      "latency_target" : 0,
      "latency_percentile" : 100.000000,
      "latency_window" : 0
    }
  ]
}
