{
  "fio version" : "fio-3.41",
  "timestamp" : 1774165970,
  "timestamp_ms" : 1774165970733,
  "time" : "Sun Mar 22 13:22:50 2026",
  "jobs" : [
    {
      "jobname" : "bsscale_write_512k",
      "groupid" : 0,
      "job_start" : 1774165940588,
      "error" : 0,
      "eta" : 0,
      "elapsed" : 31,
      "job options" : {
        "name" : "bsscale_write_512k",
        "filename" : "/Users/prateekvm/fio_test/fio_testfile",
        "rw" : "write",
        "bs" : "512k",
        "size" : "2g",
        "numjobs" : "1",
        "iodepth" : "32",
        "ioengine" : "posixaio",
        "direct" : "1",
        "runtime" : "30",
        "time_based" : "",
        "group_reporting" : ""
      },
      "read" : {
        "io_bytes" : 0,
        "io_kbytes" : 0,
        "bw_bytes" : 0,
        "bw" : 0,
        "iops" : 0.000000,
        "runtime" : 0,
        "total_ios" : 0,
        "short_ios" : 0,
        "drop_ios" : 0,
        "slat_ns" : {
          "min" : 0,
          "max" : 0,
          "mean" : 0.000000,
          "stddev" : 0.000000,
          "N" : 0
        },
        "clat_ns" : {
          "min" : 0,
          "max" : 0,
          "mean" : 0.000000,
          "stddev" : 0.000000,
          "N" : 0
        },
        "lat_ns" : {
          "min" : 0,
          "max" : 0,
          "mean" : 0.000000,
          "stddev" : 0.000000,
          "N" : 0
        },
        "bw_min" : 0,
        "bw_max" : 0,
        "bw_agg" : 0.000000,
        "bw_mean" : 0.000000,
        "bw_dev" : 0.000000,
        "bw_samples" : 0,
        "iops_min" : 0,
        "iops_max" : 0,
        "iops_mean" : 0.000000,
        "iops_stddev" : 0.000000,
        "iops_samples" : 0
      },
      "write" : {
        "io_bytes" : 76650905600,
        "io_kbytes" : 74854400,
        "bw_bytes" : 2549082327,
        "bw" : 2489338,
        "iops" : 4861.988693,
        "runtime" : 30070,
        "total_ios" : 146200,
        "short_ios" : 0,
        "drop_ios" : 0,
        "slat_ns" : {
          "min" : 0,
          "max" : 544000,
          "mean" : 4126.238030,
          "stddev" : 4649.823682,
          "N" : 146200
        },
        "clat_ns" : {
          "min" : 1159000,
          "max" : 129727000,
          "mean" : 3284712.606019,
          "stddev" : 2923245.826546,
          "N" : 146200,
          "percentile" : {
            "1.000000" : 1794048,
            "5.000000" : 2113536,
            "10.000000" : 2244608,
            "20.000000" : 2342912,
            "30.000000" : 2375680,
            "40.000000" : 2408448,
            "50.000000" : 2506752,
            "60.000000" : 2572288,
            "70.000000" : 2703360,
            "80.000000" : 3031040,
            "90.000000" : 4816896,
            "95.000000" : 7831552,
            "99.000000" : 15663104,
            "99.500000" : 16318464,
            "99.900000" : 21364736,
            "99.950000" : 22675456,
            "99.990000" : 126353408
          }
        },
        "lat_ns" : {
          "min" : 1160000,
          "max" : 129732000,
          "mean" : 3288838.844049,
          "stddev" : 2923309.395261,
          "N" : 146200
        },
        "bw_min" : 1232479,
        "bw_max" : 3248411,
        "bw_agg" : 100.000000,
        "bw_mean" : 2500589.338983,
        "bw_dev" : 438636.421993,
        "bw_samples" : 59,
        "iops_min" : 2407,
        "iops_max" : 6344,
        "iops_mean" : 4883.525424,
        "iops_stddev" : 856.720619,
        "iops_samples" : 59
      },
      "trim" : {
        "io_bytes" : 0,
        "io_kbytes" : 0,
        "bw_bytes" : 0,
        "bw" : 0,
        "iops" : 0.000000,
        "runtime" : 0,
        "total_ios" : 0,
        "short_ios" : 0,
        "drop_ios" : 0,
        "slat_ns" : {
          "min" : 0,
          "max" : 0,
          "mean" : 0.000000,
          "stddev" : 0.000000,
          "N" : 0
        },
        "clat_ns" : {
          "min" : 0,
          "max" : 0,
          "mean" : 0.000000,
          "stddev" : 0.000000,
          "N" : 0
        },
        "lat_ns" : {
          "min" : 0,
          "max" : 0,
          "mean" : 0.000000,
          "stddev" : 0.000000,
          "N" : 0
        },
        "bw_min" : 0,
        "bw_max" : 0,
        "bw_agg" : 0.000000,
        "bw_mean" : 0.000000,
        "bw_dev" : 0.000000,
        "bw_samples" : 0,
        "iops_min" : 0,
        "iops_max" : 0,
        "iops_mean" : 0.000000,
        "iops_stddev" : 0.000000,
        "iops_samples" : 0
      },
      "sync" : {
        "total_ios" : 0,
        "lat_ns" : {
          "min" : 0,
          "max" : 0,
          "mean" : 0.000000,
          "stddev" : 0.000000,
          "N" : 0
        }
      },
      "job_runtime" : 30069,
      "usr_cpu" : 4.832219,
      "sys_cpu" : 1.932223,
      "ctx" : 89434,
      "majf" : 0,
      "minf" : 9,
      "iodepth_level" : {
        "1" : 0.100000,
        "2" : 0.100000,
        "4" : 0.100000,
        "8" : 50.805062,
        "16" : 49.189466,
        "32" : 0.000000,
        ">=64" : 0.000000
      },
      "iodepth_submit" : {
        "0" : 0.000000,
        "4" : 100.000000,
        "8" : 0.000000,
        "16" : 0.000000,
        "32" : 0.000000,
        "64" : 0.000000,
        ">=64" : 0.000000
      },
      "iodepth_complete" : {
        "0" : 0.000000,
        "4" : 99.757612,
        "8" : 0.241698,
        "16" : 0.100000,
        "32" : 0.000000,
        "64" : 0.000000,
        ">=64" : 0.000000
      },
      "latency_ns" : {
        "2" : 0.000000,
        "4" : 0.000000,
        "10" : 0.000000,
        "20" : 0.000000,
        "50" : 0.000000,
        "100" : 0.000000,
        "250" : 0.000000,
        "500" : 0.000000,
        "750" : 0.000000,
        "1000" : 0.000000
      },
      "latency_us" : {
        "2" : 0.000000,
        "4" : 0.000000,
        "10" : 0.000000,
        "20" : 0.000000,
        "50" : 0.000000,
        "100" : 0.000000,
        "250" : 0.000000,
        "500" : 0.000000,
        "750" : 0.000000,
        "1000" : 0.000000
      },
      "latency_ms" : {
        "2" : 3.084815,
        "4" : 84.188098,
        "10" : 9.266758,
        "20" : 3.322845,
        "50" : 0.115595,
        "100" : 0.010000,
        "250" : 0.016416,
        "500" : 0.000000,
        "750" : 0.000000,
        "1000" : 0.000000,
        "2000" : 0.000000,
        ">=2000" : 0.000000
      },
      "latency_depth" : 32,
      "latency_target" : 0,
      "latency_percentile" : 100.000000,
      "latency_window" : 0
    }
  ]
}
