{
  "fio version" : "fio-3.41",
  "timestamp" : 1774165705,
  "timestamp_ms" : 1774165705633,
  "time" : "Sun Mar 22 13:18:25 2026",
  "jobs" : [
    {
      "jobname" : "mixed_rw",
      "groupid" : 0,
      "job_start" : 1774165645483,
      "error" : 0,
      "eta" : 0,
      "elapsed" : 61,
      "job options" : {
        "name" : "mixed_rw",
        "filename" : "/Users/prateekvm/fio_test/fio_testfile",
        "rw" : "randrw",
        "rwmixread" : "70",
        "bs" : "4k",
        "size" : "2g",
        "numjobs" : "1",
        "iodepth" : "32",
        "ioengine" : "posixaio",
        "direct" : "1",
        "runtime" : "60",
        "time_based" : "",
        "group_reporting" : ""
      },
      "read" : {
        "io_bytes" : 3790659584,
        "io_kbytes" : 3701816,
        "bw_bytes" : 63175553,
        "bw" : 61694,
        "iops" : 15423.719209,
        "runtime" : 60002,
        "total_ios" : 925454,
        "short_ios" : 0,
        "drop_ios" : 0,
        "slat_ns" : {
          "min" : 0,
          "max" : 1407000,
          "mean" : 461.616677,
          "stddev" : 1766.059335,
          "N" : 925454
        },
        "clat_ns" : {
          "min" : 78000,
          "max" : 44052000,
          "mean" : 716844.077609,
          "stddev" : 689420.973789,
          "N" : 925454,
          "percentile" : {
            "1.000000" : 395264,
            "5.000000" : 456704,
            "10.000000" : 485376,
            "20.000000" : 522240,
            "30.000000" : 544768,
            "40.000000" : 569344,
            "50.000000" : 585728,
            "60.000000" : 610304,
            "70.000000" : 634880,
            "80.000000" : 675840,
            "90.000000" : 880640,
            "95.000000" : 1646592,
            "99.000000" : 3227648,
            "99.500000" : 3588096,
            "99.900000" : 6914048,
            "99.950000" : 8847360,
            "99.990000" : 27656192
          }
        },
        "lat_ns" : {
          "min" : 107000,
          "max" : 44052000,
          "mean" : 717305.694286,
          "stddev" : 689409.520648,
          "N" : 925454
        },
        "bw_min" : 1590,
        "bw_max" : 68491,
        "bw_agg" : 100.000000,
        "bw_mean" : 61746.579832,
        "bw_dev" : 7260.438459,
        "bw_samples" : 119,
        "iops_min" : 397,
        "iops_max" : 17122,
        "iops_mean" : 15436.327731,
        "iops_stddev" : 1815.118589,
        "iops_samples" : 119
      },
      "write" : {
        "io_bytes" : 1625874432,
        "io_kbytes" : 1587768,
        "bw_bytes" : 27097003,
        "bw" : 26461,
        "iops" : 6615.479484,
        "runtime" : 60002,
        "total_ios" : 396942,
        "short_ios" : 0,
        "drop_ios" : 0,
        "slat_ns" : {
          "min" : 0,
          "max" : 255000,
          "mean" : 1072.600027,
          "stddev" : 1829.682034,
          "N" : 396942
        },
        "clat_ns" : {
          "min" : 110000,
          "max" : 44728000,
          "mean" : 740398.662777,
          "stddev" : 700663.990357,
          "N" : 396942,
          "percentile" : {
            "1.000000" : 415744,
            "5.000000" : 477184,
            "10.000000" : 509952,
            "20.000000" : 544768,
            "30.000000" : 569344,
            "40.000000" : 593920,
            "50.000000" : 610304,
            "60.000000" : 634880,
            "70.000000" : 659456,
            "80.000000" : 700416,
            "90.000000" : 905216,
            "95.000000" : 1679360,
            "99.000000" : 3293184,
            "99.500000" : 3620864,
            "99.900000" : 6848512,
            "99.950000" : 8978432,
            "99.990000" : 30539776
          }
        },
        "lat_ns" : {
          "min" : 115000,
          "max" : 44728000,
          "mean" : 741471.262804,
          "stddev" : 700670.946181,
          "N" : 396942
        },
        "bw_min" : 731,
        "bw_max" : 29085,
        "bw_agg" : 100.000000,
        "bw_mean" : 26482.495798,
        "bw_dev" : 3117.601297,
        "bw_samples" : 119,
        "iops_min" : 182,
        "iops_max" : 7271,
        "iops_mean" : 6620.285714,
        "iops_stddev" : 779.413460,
        "iops_samples" : 119
      },
      "trim" : {
        "io_bytes" : 0,
        "io_kbytes" : 0,
        "bw_bytes" : 0,
        "bw" : 0,
        "iops" : 0.000000,
        "runtime" : 0,
        "total_ios" : 0,
        "short_ios" : 0,
        "drop_ios" : 0,
        "slat_ns" : {
          "min" : 0,
          "max" : 0,
          "mean" : 0.000000,
          "stddev" : 0.000000,
          "N" : 0
        },
        "clat_ns" : {
          "min" : 0,
          "max" : 0,
          "mean" : 0.000000,
          "stddev" : 0.000000,
          "N" : 0
        },
        "lat_ns" : {
          "min" : 0,
          "max" : 0,
          "mean" : 0.000000,
          "stddev" : 0.000000,
          "N" : 0
        },
        "bw_min" : 0,
        "bw_max" : 0,
        "bw_agg" : 0.000000,
        "bw_mean" : 0.000000,
        "bw_dev" : 0.000000,
        "bw_samples" : 0,
        "iops_min" : 0,
        "iops_max" : 0,
        "iops_mean" : 0.000000,
        "iops_stddev" : 0.000000,
        "iops_samples" : 0
      },
      "sync" : {
        "total_ios" : 0,
        "lat_ns" : {
          "min" : 0,
          "max" : 0,
          "mean" : 0.000000,
          "stddev" : 0.000000,
          "N" : 0
        }
      },
      "job_runtime" : 60001,
      "usr_cpu" : 6.984884,
      "sys_cpu" : 11.419810,
      "ctx" : 843009,
      "majf" : 0,
      "minf" : 10,
      "iodepth_level" : {
        "1" : 0.100000,
        "2" : 0.100000,
        "4" : 0.100000,
        "8" : 55.492152,
        "16" : 44.501571,
        "32" : 0.000000,
        ">=64" : 0.000000
      },
      "iodepth_submit" : {
        "0" : 0.000000,
        "4" : 100.000000,
        "8" : 0.000000,
        "16" : 0.000000,
        "32" : 0.000000,
        "64" : 0.000000,
        ">=64" : 0.000000
      },
      "iodepth_complete" : {
        "0" : 0.000000,
        "4" : 98.701313,
        "8" : 1.286364,
        "16" : 0.100000,
        "32" : 0.000000,
        "64" : 0.000000,
        ">=64" : 0.000000
      },
      "latency_ns" : {
        "2" : 0.000000,
        "4" : 0.000000,
        "10" : 0.000000,
        "20" : 0.000000,
        "50" : 0.000000,
        "100" : 0.000000,
        "250" : 0.000000,
        "500" : 0.000000,
        "750" : 0.000000,
        "1000" : 0.000000
      },
      "latency_us" : {
        "2" : 0.000000,
        "4" : 0.000000,
        "10" : 0.000000,
        "20" : 0.000000,
        "50" : 0.000000,
        "100" : 0.010000,
        "250" : 0.010000,
        "500" : 11.925550,
        "750" : 74.816621,
        "1000" : 4.109813
      },
      "latency_ms" : {
        "2" : 6.156552,
        "4" : 2.687319,
        "10" : 0.255143,
        "20" : 0.018451,
        "50" : 0.025635,
        "100" : 0.000000,
        "250" : 0.000000,
        "500" : 0.000000,
        "750" : 0.000000,
        "1000" : 0.000000,
        "2000" : 0.000000,
        ">=2000" : 0.000000
      },
      "latency_depth" : 32,
      "latency_target" : 0,
      "latency_percentile" : 100.000000,
      "latency_window" : 0
    }
  ]
}
