{
  "fio version" : "fio-3.41",
  "timestamp" : 1774165642,
  "timestamp_ms" : 1774165642075,
  "time" : "Sun Mar 22 13:17:22 2026",
  "jobs" : [
    {
      "jobname" : "rand_read",
      "groupid" : 0,
      "job_start" : 1774165581910,
      "error" : 0,
      "eta" : 0,
      "elapsed" : 61,
      "job options" : {
        "name" : "rand_read",
        "filename" : "/Users/prateekvm/fio_test/fio_testfile",
        "rw" : "randread",
        "bs" : "4k",
        "size" : "2g",
        "numjobs" : "1",
        "iodepth" : "32",
        "ioengine" : "posixaio",
        "direct" : "1",
        "runtime" : "60",
        "time_based" : "",
        "group_reporting" : ""
      },
      "read" : {
        "io_bytes" : 6238842880,
        "io_kbytes" : 6092620,
        "bw_bytes" : 103978981,
        "bw" : 101541,
        "iops" : 25385.493575,
        "runtime" : 60001,
        "total_ios" : 1523155,
        "short_ios" : 0,
        "drop_ios" : 0,
        "slat_ns" : {
          "min" : 0,
          "max" : 1910000,
          "mean" : 429.645703,
          "stddev" : 1774.880614,
          "N" : 1523155
        },
        "clat_ns" : {
          "min" : 207000,
          "max" : 16745000,
          "mean" : 628759.457179,
          "stddev" : 239561.498552,
          "N" : 1523155,
          "percentile" : {
            "1.000000" : 415744,
            "5.000000" : 473088,
            "10.000000" : 505856,
            "20.000000" : 544768,
            "30.000000" : 569344,
            "40.000000" : 585728,
            "50.000000" : 610304,
            "60.000000" : 634880,
            "70.000000" : 651264,
            "80.000000" : 684032,
            "90.000000" : 724992,
            "95.000000" : 765952,
            "99.000000" : 995328,
            "99.500000" : 1679360,
            "99.900000" : 4079616,
            "99.950000" : 4423680,
            "99.990000" : 6455296
          }
        },
        "lat_ns" : {
          "min" : 207000,
          "max" : 16745000,
          "mean" : 629189.102882,
          "stddev" : 239543.240022,
          "N" : 1523155
        },
        "bw_min" : 80316,
        "bw_max" : 104879,
        "bw_agg" : 100.000000,
        "bw_mean" : 101625.789916,
        "bw_dev" : 3447.145082,
        "bw_samples" : 119,
        "iops_min" : 20079,
        "iops_max" : 26219,
        "iops_mean" : 25406.126050,
        "iops_stddev" : 861.767031,
        "iops_samples" : 119
      },
      "write" : {
        "io_bytes" : 0,
        "io_kbytes" : 0,
        "bw_bytes" : 0,
        "bw" : 0,
        "iops" : 0.000000,
        "runtime" : 0,
        "total_ios" : 0,
        "short_ios" : 0,
        "drop_ios" : 0,
        "slat_ns" : {
          "min" : 0,
          "max" : 0,
          "mean" : 0.000000,
          "stddev" : 0.000000,
          "N" : 0
        },
        "clat_ns" : {
          "min" : 0,
          "max" : 0,
          "mean" : 0.000000,
          "stddev" : 0.000000,
          "N" : 0
        },
        "lat_ns" : {
          "min" : 0,
          "max" : 0,
          "mean" : 0.000000,
          "stddev" : 0.000000,
          "N" : 0
        },
        "bw_min" : 0,
        "bw_max" : 0,
        "bw_agg" : 0.000000,
        "bw_mean" : 0.000000,
        "bw_dev" : 0.000000,
        "bw_samples" : 0,
        "iops_min" : 0,
        "iops_max" : 0,
        "iops_mean" : 0.000000,
        "iops_stddev" : 0.000000,
        "iops_samples" : 0
      },
      "trim" : {
        "io_bytes" : 0,
        "io_kbytes" : 0,
        "bw_bytes" : 0,
        "bw" : 0,
        "iops" : 0.000000,
        "runtime" : 0,
        "total_ios" : 0,
        "short_ios" : 0,
        "drop_ios" : 0,
        "slat_ns" : {
          "min" : 0,
          "max" : 0,
          "mean" : 0.000000,
          "stddev" : 0.000000,
          "N" : 0
        },
        "clat_ns" : {
          "min" : 0,
          "max" : 0,
          "mean" : 0.000000,
          "stddev" : 0.000000,
          "N" : 0
        },
        "lat_ns" : {
          "min" : 0,
          "max" : 0,
          "mean" : 0.000000,
          "stddev" : 0.000000,
          "N" : 0
        },
        "bw_min" : 0,
        "bw_max" : 0,
        "bw_agg" : 0.000000,
        "bw_mean" : 0.000000,
        "bw_dev" : 0.000000,
        "bw_samples" : 0,
        "iops_min" : 0,
        "iops_max" : 0,
        "iops_mean" : 0.000000,
        "iops_stddev" : 0.000000,
        "iops_samples" : 0
      },
      "sync" : {
        "total_ios" : 0,
        "lat_ns" : {
          "min" : 0,
          "max" : 0,
          "mean" : 0.000000,
          "stddev" : 0.000000,
          "N" : 0
        }
      },
      "job_runtime" : 60000,
      "usr_cpu" : 7.220000,
      "sys_cpu" : 12.191667,
      "ctx" : 1068424,
      "majf" : 0,
      "minf" : 9,
      "iodepth_level" : {
        "1" : 0.100000,
        "2" : 0.100000,
        "4" : 0.100000,
        "8" : 54.621559,
        "16" : 45.374831,
        "32" : 0.000000,
        ">=64" : 0.000000
      },
      "iodepth_submit" : {
        "0" : 0.000000,
        "4" : 100.000000,
        "8" : 0.000000,
        "16" : 0.000000,
        "32" : 0.000000,
        "64" : 0.000000,
        ">=64" : 0.000000
      },
      "iodepth_complete" : {
        "0" : 0.000000,
        "4" : 98.883154,
        "8" : 1.110857,
        "16" : 0.100000,
        "32" : 0.000000,
        "64" : 0.000000,
        ">=64" : 0.000000
      },
      "latency_ns" : {
        "2" : 0.000000,
        "4" : 0.000000,
        "10" : 0.000000,
        "20" : 0.000000,
        "50" : 0.000000,
        "100" : 0.000000,
        "250" : 0.000000,
        "500" : 0.000000,
        "750" : 0.000000,
        "1000" : 0.000000
      },
      "latency_us" : {
        "2" : 0.000000,
        "4" : 0.000000,
        "10" : 0.000000,
        "20" : 0.000000,
        "50" : 0.000000,
        "100" : 0.000000,
        "250" : 0.010000,
        "500" : 8.777242,
        "750" : 84.387275,
        "1000" : 5.841297
      },
      "latency_ms" : {
        "2" : 0.544593,
        "4" : 0.332402,
        "10" : 0.111413,
        "20" : 0.010000,
        "50" : 0.000000,
        "100" : 0.000000,
        "250" : 0.000000,
        "500" : 0.000000,
        "750" : 0.000000,
        "1000" : 0.000000,
        "2000" : 0.000000,
        ">=2000" : 0.000000
      },
      "latency_depth" : 32,
      "latency_target" : 0,
      "latency_percentile" : 100.000000,
      "latency_window" : 0
    }
  ]
}
