{
  "fio version" : "fio-3.41",
  "timestamp" : 1774165578,
  "timestamp_ms" : 1774165578328,
  "time" : "Sun Mar 22 13:16:18 2026",
  "jobs" : [
    {
      "jobname" : "rand_write",
      "groupid" : 0,
      "job_start" : 1774165518176,
      "error" : 0,
      "eta" : 0,
      "elapsed" : 61,
      "job options" : {
        "name" : "rand_write",
        "filename" : "/Users/prateekvm/fio_test/fio_testfile",
        "rw" : "randwrite",
        "bs" : "4k",
        "size" : "2g",
        "numjobs" : "1",
        "iodepth" : "32",
        "ioengine" : "posixaio",
        "direct" : "1",
        "runtime" : "60",
        "time_based" : "",
        "group_reporting" : ""
      },
      "read" : {
        "io_bytes" : 0,
        "io_kbytes" : 0,
        "bw_bytes" : 0,
        "bw" : 0,
        "iops" : 0.000000,
        "runtime" : 0,
        "total_ios" : 0,
        "short_ios" : 0,
        "drop_ios" : 0,
        "slat_ns" : {
          "min" : 0,
          "max" : 0,
          "mean" : 0.000000,
          "stddev" : 0.000000,
          "N" : 0
        },
        "clat_ns" : {
          "min" : 0,
          "max" : 0,
          "mean" : 0.000000,
          "stddev" : 0.000000,
          "N" : 0
        },
        "lat_ns" : {
          "min" : 0,
          "max" : 0,
          "mean" : 0.000000,
          "stddev" : 0.000000,
          "N" : 0
        },
        "bw_min" : 0,
        "bw_max" : 0,
        "bw_agg" : 0.000000,
        "bw_mean" : 0.000000,
        "bw_dev" : 0.000000,
        "bw_samples" : 0,
        "iops_min" : 0,
        "iops_max" : 0,
        "iops_mean" : 0.000000,
        "iops_stddev" : 0.000000,
        "iops_samples" : 0
      },
      "write" : {
        "io_bytes" : 3362717696,
        "io_kbytes" : 3283904,
        "bw_bytes" : 56043426,
        "bw" : 54729,
        "iops" : 13682.477251,
        "runtime" : 60002,
        "total_ios" : 820976,
        "short_ios" : 0,
        "drop_ios" : 0,
        "slat_ns" : {
          "min" : 0,
          "max" : 709000,
          "mean" : 556.857935,
          "stddev" : 2039.683031,
          "N" : 820976
        },
        "clat_ns" : {
          "min" : 37000,
          "max" : 16051000,
          "mean" : 1167350.849477,
          "stddev" : 961645.292908,
          "N" : 820976,
          "percentile" : {
            "1.000000" : 485376,
            "5.000000" : 561152,
            "10.000000" : 602112,
            "20.000000" : 643072,
            "30.000000" : 684032,
            "40.000000" : 708608,
            "50.000000" : 749568,
            "60.000000" : 790528,
            "70.000000" : 880640,
            "80.000000" : 1548288,
            "90.000000" : 2605056,
            "95.000000" : 3555328,
            "99.000000" : 3883008,
            "99.500000" : 4489216,
            "99.900000" : 7438336,
            "99.950000" : 8847360,
            "99.990000" : 10944512
          }
        },
        "lat_ns" : {
          "min" : 203000,
          "max" : 16051000,
          "mean" : 1167907.707412,
          "stddev" : 961620.896208,
          "N" : 820976
        },
        "bw_min" : 41813,
        "bw_max" : 68190,
        "bw_agg" : 100.000000,
        "bw_mean" : 54775.394958,
        "bw_dev" : 6141.578378,
        "bw_samples" : 119,
        "iops_min" : 10453,
        "iops_max" : 17047,
        "iops_mean" : 13693.521008,
        "iops_stddev" : 1535.352722,
        "iops_samples" : 119
      },
      "trim" : {
        "io_bytes" : 0,
        "io_kbytes" : 0,
        "bw_bytes" : 0,
        "bw" : 0,
        "iops" : 0.000000,
        "runtime" : 0,
        "total_ios" : 0,
        "short_ios" : 0,
        "drop_ios" : 0,
        "slat_ns" : {
          "min" : 0,
          "max" : 0,
          "mean" : 0.000000,
          "stddev" : 0.000000,
          "N" : 0
        },
        "clat_ns" : {
          "min" : 0,
          "max" : 0,
          "mean" : 0.000000,
          "stddev" : 0.000000,
          "N" : 0
        },
        "lat_ns" : {
          "min" : 0,
          "max" : 0,
          "mean" : 0.000000,
          "stddev" : 0.000000,
          "N" : 0
        },
        "bw_min" : 0,
        "bw_max" : 0,
        "bw_agg" : 0.000000,
        "bw_mean" : 0.000000,
        "bw_dev" : 0.000000,
        "bw_samples" : 0,
        "iops_min" : 0,
        "iops_max" : 0,
        "iops_mean" : 0.000000,
        "iops_stddev" : 0.000000,
        "iops_samples" : 0
      },
      "sync" : {
        "total_ios" : 0,
        "lat_ns" : {
          "min" : 0,
          "max" : 0,
          "mean" : 0.000000,
          "stddev" : 0.000000,
          "N" : 0
        }
      },
      "job_runtime" : 60001,
      "usr_cpu" : 4.461592,
      "sys_cpu" : 8.371527,
      "ctx" : 545768,
      "majf" : 0,
      "minf" : 8,
      "iodepth_level" : {
        "1" : 0.100000,
        "2" : 0.100000,
        "4" : 0.100000,
        "8" : 52.863056,
        "16" : 47.122328,
        "32" : 0.000000,
        ">=64" : 0.000000
      },
      "iodepth_submit" : {
        "0" : 0.000000,
        "4" : 100.000000,
        "8" : 0.000000,
        "16" : 0.000000,
        "32" : 0.000000,
        "64" : 0.000000,
        ">=64" : 0.000000
      },
      "iodepth_complete" : {
        "0" : 0.000000,
        "4" : 98.824483,
        "8" : 1.164167,
        "16" : 0.100000,
        "32" : 0.000000,
        "64" : 0.000000,
        ">=64" : 0.000000
      },
      "latency_ns" : {
        "2" : 0.000000,
        "4" : 0.000000,
        "10" : 0.000000,
        "20" : 0.000000,
        "50" : 0.000000,
        "100" : 0.000000,
        "250" : 0.000000,
        "500" : 0.000000,
        "750" : 0.000000,
        "1000" : 0.000000
      },
      "latency_us" : {
        "2" : 0.000000,
        "4" : 0.000000,
        "10" : 0.000000,
        "20" : 0.000000,
        "50" : 0.010000,
        "100" : 0.010000,
        "250" : 0.010000,
        "500" : 1.340478,
        "750" : 49.327873,
        "1000" : 22.768510
      },
      "latency_ms" : {
        "2" : 11.111531,
        "4" : 14.724304,
        "10" : 0.706233,
        "20" : 0.019854,
        "50" : 0.000000,
        "100" : 0.000000,
        "250" : 0.000000,
        "500" : 0.000000,
        "750" : 0.000000,
        "1000" : 0.000000,
        "2000" : 0.000000,
        ">=2000" : 0.000000
      },
      "latency_depth" : 32,
      "latency_target" : 0,
      "latency_percentile" : 100.000000,
      "latency_window" : 0
    }
  ]
}
