{
  "fio version" : "fio-3.41",
  "timestamp" : 1774165514,
  "timestamp_ms" : 1774165514760,
  "time" : "Sun Mar 22 13:15:14 2026",
  "jobs" : [
    {
      "jobname" : "seq_read",
      "groupid" : 0,
      "job_start" : 1774165454614,
      "error" : 0,
      "eta" : 0,
      "elapsed" : 61,
      "job options" : {
        "name" : "seq_read",
        "filename" : "/Users/prateekvm/fio_test/fio_testfile",
        "rw" : "read",
        "bs" : "1m",
        "size" : "2g",
        "numjobs" : "1",
        "iodepth" : "32",
        "ioengine" : "posixaio",
        "direct" : "1",
        "runtime" : "60",
        "time_based" : "",
        "group_reporting" : ""
      },
      "read" : {
        "io_bytes" : 175547351040,
        "io_kbytes" : 171432960,
        "bw_bytes" : 2925545388,
        "bw" : 2856977,
        "iops" : 2790.017499,
        "runtime" : 60005,
        "total_ios" : 167415,
        "short_ios" : 0,
        "drop_ios" : 0,
        "slat_ns" : {
          "min" : 0,
          "max" : 3930000,
          "mean" : 525.132157,
          "stddev" : 9655.571678,
          "N" : 167415
        },
        "clat_ns" : {
          "min" : 1340000,
          "max" : 26435000,
          "mean" : 5733154.753158,
          "stddev" : 1180169.134129,
          "N" : 167415,
          "percentile" : {
            "1.000000" : 3915776,
            "5.000000" : 4358144,
            "10.000000" : 4620288,
            "20.000000" : 4816896,
            "30.000000" : 4947968,
            "40.000000" : 5144576,
            "50.000000" : 5603328,
            "60.000000" : 6258688,
            "70.000000" : 6324224,
            "80.000000" : 6455296,
            "90.000000" : 6520832,
            "95.000000" : 7045120,
            "99.000000" : 9371648,
            "99.500000" : 11075584,
            "99.900000" : 14614528,
            "99.950000" : 17956864,
            "99.990000" : 24772608
          }
        },
        "lat_ns" : {
          "min" : 1364000,
          "max" : 26436000,
          "mean" : 5733679.885315,
          "stddev" : 1180252.773156,
          "N" : 167415
        },
        "bw_min" : 1557291,
        "bw_max" : 3350721,
        "bw_agg" : 99.956740,
        "bw_mean" : 2855742.796610,
        "bw_dev" : 375637.107007,
        "bw_samples" : 118,
        "iops_min" : 1520,
        "iops_max" : 3272,
        "iops_mean" : 2788.398305,
        "iops_stddev" : 366.840498,
        "iops_samples" : 118
      },
      "write" : {
        "io_bytes" : 0,
        "io_kbytes" : 0,
        "bw_bytes" : 0,
        "bw" : 0,
        "iops" : 0.000000,
        "runtime" : 0,
        "total_ios" : 0,
        "short_ios" : 0,
        "drop_ios" : 0,
        "slat_ns" : {
          "min" : 0,
          "max" : 0,
          "mean" : 0.000000,
          "stddev" : 0.000000,
          "N" : 0
        },
        "clat_ns" : {
          "min" : 0,
          "max" : 0,
          "mean" : 0.000000,
          "stddev" : 0.000000,
          "N" : 0
        },
        "lat_ns" : {
          "min" : 0,
          "max" : 0,
          "mean" : 0.000000,
          "stddev" : 0.000000,
          "N" : 0
        },
        "bw_min" : 0,
        "bw_max" : 0,
        "bw_agg" : 0.000000,
        "bw_mean" : 0.000000,
        "bw_dev" : 0.000000,
        "bw_samples" : 0,
        "iops_min" : 0,
        "iops_max" : 0,
        "iops_mean" : 0.000000,
        "iops_stddev" : 0.000000,
        "iops_samples" : 0
      },
      "trim" : {
        "io_bytes" : 0,
        "io_kbytes" : 0,
        "bw_bytes" : 0,
        "bw" : 0,
        "iops" : 0.000000,
        "runtime" : 0,
        "total_ios" : 0,
        "short_ios" : 0,
        "drop_ios" : 0,
        "slat_ns" : {
          "min" : 0,
          "max" : 0,
          "mean" : 0.000000,
          "stddev" : 0.000000,
          "N" : 0
        },
        "clat_ns" : {
          "min" : 0,
          "max" : 0,
          "mean" : 0.000000,
          "stddev" : 0.000000,
          "N" : 0
        },
        "lat_ns" : {
          "min" : 0,
          "max" : 0,
          "mean" : 0.000000,
          "stddev" : 0.000000,
          "N" : 0
        },
        "bw_min" : 0,
        "bw_max" : 0,
        "bw_agg" : 0.000000,
        "bw_mean" : 0.000000,
        "bw_dev" : 0.000000,
        "bw_samples" : 0,
        "iops_min" : 0,
        "iops_max" : 0,
        "iops_mean" : 0.000000,
        "iops_stddev" : 0.000000,
        "iops_samples" : 0
      },
      "sync" : {
        "total_ios" : 0,
        "lat_ns" : {
          "min" : 0,
          "max" : 0,
          "mean" : 0.000000,
          "stddev" : 0.000000,
          "N" : 0
        }
      },
      "job_runtime" : 60004,
      "usr_cpu" : 0.889941,
      "sys_cpu" : 1.369909,
      "ctx" : 111850,
      "majf" : 0,
      "minf" : 10,
      "iodepth_level" : {
        "1" : 0.100000,
        "2" : 0.100000,
        "4" : 0.100000,
        "8" : 49.827076,
        "16" : 50.165756,
        "32" : 0.000000,
        ">=64" : 0.000000
      },
      "iodepth_submit" : {
        "0" : 0.000000,
        "4" : 100.000000,
        "8" : 0.000000,
        "16" : 0.000000,
        "32" : 0.000000,
        "64" : 0.000000,
        ">=64" : 0.000000
      },
      "iodepth_complete" : {
        "0" : 0.000000,
        "4" : 99.801721,
        "8" : 0.196788,
        "16" : 0.100000,
        "32" : 0.000000,
        "64" : 0.000000,
        ">=64" : 0.000000
      },
      "latency_ns" : {
        "2" : 0.000000,
        "4" : 0.000000,
        "10" : 0.000000,
        "20" : 0.000000,
        "50" : 0.000000,
        "100" : 0.000000,
        "250" : 0.000000,
        "500" : 0.000000,
        "750" : 0.000000,
        "1000" : 0.000000
      },
      "latency_us" : {
        "2" : 0.000000,
        "4" : 0.000000,
        "10" : 0.000000,
        "20" : 0.000000,
        "50" : 0.000000,
        "100" : 0.000000,
        "250" : 0.000000,
        "500" : 0.000000,
        "750" : 0.000000,
        "1000" : 0.000000
      },
      "latency_ms" : {
        "2" : 0.010000,
        "4" : 1.453275,
        "10" : 97.846071,
        "20" : 0.660634,
        "50" : 0.038826,
        "100" : 0.000000,
        "250" : 0.000000,
        "500" : 0.000000,
        "750" : 0.000000,
        "1000" : 0.000000,
        "2000" : 0.000000,
        ">=2000" : 0.000000
      },
      "latency_depth" : 32,
      "latency_target" : 0,
      "latency_percentile" : 100.000000,
      "latency_window" : 0
    }
  ]
}
