{
  "fio version" : "fio-3.41",
  "timestamp" : 1774165451,
  "timestamp_ms" : 1774165451106,
  "time" : "Sun Mar 22 13:14:11 2026",
  "jobs" : [
    {
      "jobname" : "seq_write",
      "groupid" : 0,
      "job_start" : 1774165391083,
      "error" : 0,
      "eta" : 0,
      "elapsed" : 61,
      "job options" : {
        "name" : "seq_write",
        "filename" : "/Users/prateekvm/fio_test/fio_testfile",
        "rw" : "write",
        "bs" : "1m",
        "size" : "2g",
        "numjobs" : "1",
        "iodepth" : "32",
        "ioengine" : "posixaio",
        "direct" : "1",
        "runtime" : "60",
        "time_based" : "",
        "group_reporting" : ""
      },
      "read" : {
        "io_bytes" : 0,
        "io_kbytes" : 0,
        "bw_bytes" : 0,
        "bw" : 0,
        "iops" : 0.000000,
        "runtime" : 0,
        "total_ios" : 0,
        "short_ios" : 0,
        "drop_ios" : 0,
        "slat_ns" : {
          "min" : 0,
          "max" : 0,
          "mean" : 0.000000,
          "stddev" : 0.000000,
          "N" : 0
        },
        "clat_ns" : {
          "min" : 0,
          "max" : 0,
          "mean" : 0.000000,
          "stddev" : 0.000000,
          "N" : 0
        },
        "lat_ns" : {
          "min" : 0,
          "max" : 0,
          "mean" : 0.000000,
          "stddev" : 0.000000,
          "N" : 0
        },
        "bw_min" : 0,
        "bw_max" : 0,
        "bw_agg" : 0.000000,
        "bw_mean" : 0.000000,
        "bw_dev" : 0.000000,
        "bw_samples" : 0,
        "iops_min" : 0,
        "iops_max" : 0,
        "iops_mean" : 0.000000,
        "iops_stddev" : 0.000000,
        "iops_samples" : 0
      },
      "write" : {
        "io_bytes" : 158605508608,
        "io_kbytes" : 154888192,
        "bw_bytes" : 2643160827,
        "bw" : 2581211,
        "iops" : 2520.714595,
        "runtime" : 60006,
        "total_ios" : 151258,
        "short_ios" : 0,
        "drop_ios" : 0,
        "slat_ns" : {
          "min" : 0,
          "max" : 1218000,
          "mean" : 10904.097635,
          "stddev" : 16559.713590,
          "N" : 151258
        },
        "clat_ns" : {
          "min" : 1789000,
          "max" : 148399000,
          "mean" : 6329300.374195,
          "stddev" : 3980609.396028,
          "N" : 151258,
          "percentile" : {
            "1.000000" : 3489792,
            "5.000000" : 4079616,
            "10.000000" : 4358144,
            "20.000000" : 4685824,
            "30.000000" : 4816896,
            "40.000000" : 5013504,
            "50.000000" : 5210112,
            "60.000000" : 5406720,
            "70.000000" : 5668864,
            "80.000000" : 6062080,
            "90.000000" : 10158080,
            "95.000000" : 17694720,
            "99.000000" : 19267584,
            "99.500000" : 20054016,
            "99.900000" : 25821184,
            "99.950000" : 29491200,
            "99.990000" : 145752064
          }
        },
        "lat_ns" : {
          "min" : 1790000,
          "max" : 148422000,
          "mean" : 6340204.471830,
          "stddev" : 3981333.961924,
          "N" : 151258
        },
        "bw_min" : 1532958,
        "bw_max" : 2788679,
        "bw_agg" : 100.000000,
        "bw_mean" : 2582488.483051,
        "bw_dev" : 223665.466944,
        "bw_samples" : 118,
        "iops_min" : 1497,
        "iops_max" : 2723,
        "iops_mean" : 2521.483051,
        "iops_stddev" : 218.437956,
        "iops_samples" : 118
      },
      "trim" : {
        "io_bytes" : 0,
        "io_kbytes" : 0,
        "bw_bytes" : 0,
        "bw" : 0,
        "iops" : 0.000000,
        "runtime" : 0,
        "total_ios" : 0,
        "short_ios" : 0,
        "drop_ios" : 0,
        "slat_ns" : {
          "min" : 0,
          "max" : 0,
          "mean" : 0.000000,
          "stddev" : 0.000000,
          "N" : 0
        },
        "clat_ns" : {
          "min" : 0,
          "max" : 0,
          "mean" : 0.000000,
          "stddev" : 0.000000,
          "N" : 0
        },
        "lat_ns" : {
          "min" : 0,
          "max" : 0,
          "mean" : 0.000000,
          "stddev" : 0.000000,
          "N" : 0
        },
        "bw_min" : 0,
        "bw_max" : 0,
        "bw_agg" : 0.000000,
        "bw_mean" : 0.000000,
        "bw_dev" : 0.000000,
        "bw_samples" : 0,
        "iops_min" : 0,
        "iops_max" : 0,
        "iops_mean" : 0.000000,
        "iops_stddev" : 0.000000,
        "iops_samples" : 0
      },
      "sync" : {
        "total_ios" : 0,
        "lat_ns" : {
          "min" : 0,
          "max" : 0,
          "mean" : 0.000000,
          "stddev" : 0.000000,
          "N" : 0
        }
      },
      "job_runtime" : 60005,
      "usr_cpu" : 4.364636,
      "sys_cpu" : 2.809766,
      "ctx" : 123475,
      "majf" : 0,
      "minf" : 9,
      "iodepth_level" : {
        "1" : 0.100000,
        "2" : 0.100000,
        "4" : 0.100000,
        "8" : 49.981489,
        "16" : 50.013222,
        "32" : 0.000000,
        ">=64" : 0.000000
      },
      "iodepth_submit" : {
        "0" : 0.000000,
        "4" : 100.000000,
        "8" : 0.000000,
        "16" : 0.000000,
        "32" : 0.000000,
        "64" : 0.000000,
        ">=64" : 0.000000
      },
      "iodepth_complete" : {
        "0" : 0.000000,
        "4" : 99.098021,
        "8" : 0.900987,
        "16" : 0.100000,
        "32" : 0.000000,
        "64" : 0.000000,
        ">=64" : 0.000000
      },
      "latency_ns" : {
        "2" : 0.000000,
        "4" : 0.000000,
        "10" : 0.000000,
        "20" : 0.000000,
        "50" : 0.000000,
        "100" : 0.000000,
        "250" : 0.000000,
        "500" : 0.000000,
        "750" : 0.000000,
        "1000" : 0.000000
      },
      "latency_us" : {
        "2" : 0.000000,
        "4" : 0.000000,
        "10" : 0.000000,
        "20" : 0.000000,
        "50" : 0.000000,
        "100" : 0.000000,
        "250" : 0.000000,
        "500" : 0.000000,
        "750" : 0.000000,
        "1000" : 0.000000
      },
      "latency_ms" : {
        "2" : 0.010000,
        "4" : 4.198125,
        "10" : 85.542583,
        "20" : 9.721800,
        "50" : 0.515675,
        "100" : 0.000000,
        "250" : 0.021156,
        "500" : 0.000000,
        "750" : 0.000000,
        "1000" : 0.000000,
        "2000" : 0.000000,
        ">=2000" : 0.000000
      },
      "latency_depth" : 32,
      "latency_target" : 0,
      "latency_percentile" : 100.000000,
      "latency_window" : 0
    }
  ]
}
