{
  "fio version" : "fio-3.36",
  "timestamp" : 1774771390,
  "timestamp_ms" : 1774771390832,
  "time" : "Sun Mar 29 13:33:10 2026",
  "jobs" : [
    {
      "jobname" : "bsscale_write_4k",
      "groupid" : 0,
      "job_start" : 1774771360797,
      "error" : 0,
      "eta" : 0,
      "elapsed" : 31,
      "job options" : {
        "name" : "bsscale_write_4k",
        "filename" : "/home/prateek/fio_test/fio_testfile",
        "rw" : "write",
        "bs" : "4k",
        "size" : "2g",
        "numjobs" : "1",
        "iodepth" : "32",
        "ioengine" : "libaio",
        "direct" : "1",
        "runtime" : "30"
      },
      "read" : {
        "io_bytes" : 0,
        "io_kbytes" : 0,
        "bw_bytes" : 0,
        "bw" : 0,
        "iops" : 0.000000,
        "runtime" : 0,
        "total_ios" : 0,
        "short_ios" : 0,
        "drop_ios" : 0,
        "slat_ns" : {
          "min" : 0,
          "max" : 0,
          "mean" : 0.000000,
          "stddev" : 0.000000,
          "N" : 0
        },
        "clat_ns" : {
          "min" : 0,
          "max" : 0,
          "mean" : 0.000000,
          "stddev" : 0.000000,
          "N" : 0
        },
        "lat_ns" : {
          "min" : 0,
          "max" : 0,
          "mean" : 0.000000,
          "stddev" : 0.000000,
          "N" : 0
        },
        "bw_min" : 0,
        "bw_max" : 0,
        "bw_agg" : 0.000000,
        "bw_mean" : 0.000000,
        "bw_dev" : 0.000000,
        "bw_samples" : 0,
        "iops_min" : 0,
        "iops_max" : 0,
        "iops_mean" : 0.000000,
        "iops_stddev" : 0.000000,
        "iops_samples" : 0
      },
      "write" : {
        "io_bytes" : 18493173760,
        "io_kbytes" : 18059740,
        "bw_bytes" : 616418578,
        "bw" : 601971,
        "iops" : 150492.816906,
        "runtime" : 30001,
        "total_ios" : 4514935,
        "short_ios" : 0,
        "drop_ios" : 0,
        "slat_ns" : {
          "min" : 1521,
          "max" : 1421944,
          "mean" : 4882.908522,
          "stddev" : 5003.122618,
          "N" : 4514935
        },
        "clat_ns" : {
          "min" : 453,
          "max" : 18351900,
          "mean" : 207311.468989,
          "stddev" : 246935.087087,
          "N" : 4514935,
          "percentile" : {
            "1.000000" : 136192,
            "5.000000" : 150528,
            "10.000000" : 158720,
            "20.000000" : 173056,
            "30.000000" : 185344,
            "40.000000" : 195584,
            "50.000000" : 199680,
            "60.000000" : 203776,
            "70.000000" : 207872,
            "80.000000" : 214016,
            "90.000000" : 230400,
            "95.000000" : 264192,
            "99.000000" : 333824,
            "99.500000" : 399360,
            "99.900000" : 1925120,
            "99.950000" : 8847360,
            "99.990000" : 9371648
          }
        },
        "lat_ns" : {
          "min" : 22437,
          "max" : 18353795,
          "mean" : 212194.377512,
          "stddev" : 246936.486341,
          "N" : 4514935
        },
        "bw_min" : 494424,
        "bw_max" : 625176,
        "bw_agg" : 100.000000,
        "bw_mean" : 602516.610169,
        "bw_dev" : 18195.249351,
        "bw_samples" : 59,
        "iops_min" : 123606,
        "iops_max" : 156294,
        "iops_mean" : 150629.152542,
        "iops_stddev" : 4548.825877,
        "iops_samples" : 59
      },
      "trim" : {
        "io_bytes" : 0,
        "io_kbytes" : 0,
        "bw_bytes" : 0,
        "bw" : 0,
        "iops" : 0.000000,
        "runtime" : 0,
        "total_ios" : 0,
        "short_ios" : 0,
        "drop_ios" : 0,
        "slat_ns" : {
          "min" : 0,
          "max" : 0,
          "mean" : 0.000000,
          "stddev" : 0.000000,
          "N" : 0
        },
        "clat_ns" : {
          "min" : 0,
          "max" : 0,
          "mean" : 0.000000,
          "stddev" : 0.000000,
          "N" : 0
        },
        "lat_ns" : {
          "min" : 0,
          "max" : 0,
          "mean" : 0.000000,
          "stddev" : 0.000000,
          "N" : 0
        },
        "bw_min" : 0,
        "bw_max" : 0,
        "bw_agg" : 0.000000,
        "bw_mean" : 0.000000,
        "bw_dev" : 0.000000,
        "bw_samples" : 0,
        "iops_min" : 0,
        "iops_max" : 0,
        "iops_mean" : 0.000000,
        "iops_stddev" : 0.000000,
        "iops_samples" : 0
      },
      "sync" : {
        "total_ios" : 0,
        "lat_ns" : {
          "min" : 0,
          "max" : 0,
          "mean" : 0.000000,
          "stddev" : 0.000000,
          "N" : 0
        }
      },
      "job_runtime" : 30000,
      "usr_cpu" : 10.390000,
      "sys_cpu" : 61.093333,
      "ctx" : 3066307,
      "majf" : 0,
      "minf" : 13,
      "iodepth_level" : {
        "1" : 0.100000,
        "2" : 0.100000,
        "4" : 0.100000,
        "8" : 0.100000,
        "16" : 0.100000,
        "32" : 99.999313,
        ">=64" : 0.000000
      },
      "iodepth_submit" : {
        "0" : 0.000000,
        "4" : 100.000000,
        "8" : 0.000000,
        "16" : 0.000000,
        "32" : 0.000000,
        "64" : 0.000000,
        ">=64" : 0.000000
      },
      "iodepth_complete" : {
        "0" : 0.000000,
        "4" : 99.999978,
        "8" : 0.000000,
        "16" : 0.000000,
        "32" : 0.100000,
        "64" : 0.000000,
        ">=64" : 0.000000
      },
      "latency_ns" : {
        "2" : 0.000000,
        "4" : 0.000000,
        "10" : 0.000000,
        "20" : 0.000000,
        "50" : 0.000000,
        "100" : 0.000000,
        "250" : 0.000000,
        "500" : 0.010000,
        "750" : 0.000000,
        "1000" : 0.000000
      },
      "latency_us" : {
        "2" : 0.000000,
        "4" : 0.000000,
        "10" : 0.000000,
        "20" : 0.010000,
        "50" : 0.010000,
        "100" : 0.010000,
        "250" : 93.338752,
        "500" : 6.395840,
        "750" : 0.103855,
        "1000" : 0.015969
      },
      "latency_ms" : {
        "2" : 0.048506,
        "4" : 0.027974,
        "10" : 0.060687,
        "20" : 0.010000,
        "50" : 0.000000,
        "100" : 0.000000,
        "250" : 0.000000,
        "500" : 0.000000,
        "750" : 0.000000,
        "1000" : 0.000000,
        "2000" : 0.000000,
        ">=2000" : 0.000000
      },
      "latency_depth" : 32,
      "latency_target" : 0,
      "latency_percentile" : 100.000000,
      "latency_window" : 0
    }
  ],
  "disk_util" : [
    {
      "name" : "nvme0n1",
      "read_ios" : 356,
      "write_ios" : 4501111,
      "read_sectors" : 10216,
      "write_sectors" : 36014168,
      "read_merges" : 718,
      "write_merges" : 37,
      "read_ticks" : 197,
      "write_ticks" : 137341,
      "in_queue" : 137543,
      "util" : 77.376743
    }
  ]
}
