{
  "fio version" : "fio-3.36",
  "timestamp" : 1774771455,
  "timestamp_ms" : 1774771455773,
  "time" : "Sun Mar 29 13:34:15 2026",
  "jobs" : [
    {
      "jobname" : "bsscale_write_64k",
      "groupid" : 0,
      "job_start" : 1774771425745,
      "error" : 0,
      "eta" : 0,
      "elapsed" : 31,
      "job options" : {
        "name" : "bsscale_write_64k",
        "filename" : "/home/prateek/fio_test/fio_testfile",
        "rw" : "write",
        "bs" : "64k",
        "size" : "2g",
        "numjobs" : "1",
        "iodepth" : "32",
        "ioengine" : "libaio",
        "direct" : "1",
        "runtime" : "30"
      },
      "read" : {
        "io_bytes" : 0,
        "io_kbytes" : 0,
        "bw_bytes" : 0,
        "bw" : 0,
        "iops" : 0.000000,
        "runtime" : 0,
        "total_ios" : 0,
        "short_ios" : 0,
        "drop_ios" : 0,
        "slat_ns" : {
          "min" : 0,
          "max" : 0,
          "mean" : 0.000000,
          "stddev" : 0.000000,
          "N" : 0
        },
        "clat_ns" : {
          "min" : 0,
          "max" : 0,
          "mean" : 0.000000,
          "stddev" : 0.000000,
          "N" : 0
        },
        "lat_ns" : {
          "min" : 0,
          "max" : 0,
          "mean" : 0.000000,
          "stddev" : 0.000000,
          "N" : 0
        },
        "bw_min" : 0,
        "bw_max" : 0,
        "bw_agg" : 0.000000,
        "bw_mean" : 0.000000,
        "bw_dev" : 0.000000,
        "bw_samples" : 0,
        "iops_min" : 0,
        "iops_max" : 0,
        "iops_mean" : 0.000000,
        "iops_stddev" : 0.000000,
        "iops_samples" : 0
      },
      "write" : {
        "io_bytes" : 28996927488,
        "io_kbytes" : 28317312,
        "bw_bytes" : 966435391,
        "bw" : 943784,
        "iops" : 14746.633782,
        "runtime" : 30004,
        "total_ios" : 442458,
        "short_ios" : 0,
        "drop_ios" : 0,
        "slat_ns" : {
          "min" : 6576,
          "max" : 15055712,
          "mean" : 10032.529460,
          "stddev" : 28121.880441,
          "N" : 442458
        },
        "clat_ns" : {
          "min" : 300223,
          "max" : 24505641,
          "mean" : 2158434.171650,
          "stddev" : 1097214.120378,
          "N" : 442458,
          "percentile" : {
            "1.000000" : 1728512,
            "5.000000" : 1761280,
            "10.000000" : 1777664,
            "20.000000" : 1810432,
            "30.000000" : 1941504,
            "40.000000" : 2088960,
            "50.000000" : 2113536,
            "60.000000" : 2113536,
            "70.000000" : 2146304,
            "80.000000" : 2179072,
            "90.000000" : 2211840,
            "95.000000" : 2342912,
            "99.000000" : 10551296,
            "99.500000" : 11468800,
            "99.900000" : 14483456,
            "99.950000" : 15925248,
            "99.990000" : 17956864
          }
        },
        "lat_ns" : {
          "min" : 429119,
          "max" : 24522746,
          "mean" : 2168466.701111,
          "stddev" : 1097439.126858,
          "N" : 442458
        },
        "bw_min" : 917760,
        "bw_max" : 967040,
        "bw_agg" : 100.000000,
        "bw_mean" : 944538.033898,
        "bw_dev" : 12936.841599,
        "bw_samples" : 59,
        "iops_min" : 14340,
        "iops_max" : 15110,
        "iops_mean" : 14758.440678,
        "iops_stddev" : 202.172363,
        "iops_samples" : 59
      },
      "trim" : {
        "io_bytes" : 0,
        "io_kbytes" : 0,
        "bw_bytes" : 0,
        "bw" : 0,
        "iops" : 0.000000,
        "runtime" : 0,
        "total_ios" : 0,
        "short_ios" : 0,
        "drop_ios" : 0,
        "slat_ns" : {
          "min" : 0,
          "max" : 0,
          "mean" : 0.000000,
          "stddev" : 0.000000,
          "N" : 0
        },
        "clat_ns" : {
          "min" : 0,
          "max" : 0,
          "mean" : 0.000000,
          "stddev" : 0.000000,
          "N" : 0
        },
        "lat_ns" : {
          "min" : 0,
          "max" : 0,
          "mean" : 0.000000,
          "stddev" : 0.000000,
          "N" : 0
        },
        "bw_min" : 0,
        "bw_max" : 0,
        "bw_agg" : 0.000000,
        "bw_mean" : 0.000000,
        "bw_dev" : 0.000000,
        "bw_samples" : 0,
        "iops_min" : 0,
        "iops_max" : 0,
        "iops_mean" : 0.000000,
        "iops_stddev" : 0.000000,
        "iops_samples" : 0
      },
      "sync" : {
        "total_ios" : 0,
        "lat_ns" : {
          "min" : 0,
          "max" : 0,
          "mean" : 0.000000,
          "stddev" : 0.000000,
          "N" : 0
        }
      },
      "job_runtime" : 30003,
      "usr_cpu" : 5.306136,
      "sys_cpu" : 12.438756,
      "ctx" : 437908,
      "majf" : 0,
      "minf" : 12,
      "iodepth_level" : {
        "1" : 0.100000,
        "2" : 0.100000,
        "4" : 0.100000,
        "8" : 0.100000,
        "16" : 0.100000,
        "32" : 99.992994,
        ">=64" : 0.000000
      },
      "iodepth_submit" : {
        "0" : 0.000000,
        "4" : 100.000000,
        "8" : 0.000000,
        "16" : 0.000000,
        "32" : 0.000000,
        "64" : 0.000000,
        ">=64" : 0.000000
      },
      "iodepth_complete" : {
        "0" : 0.000000,
        "4" : 99.999774,
        "8" : 0.000000,
        "16" : 0.000000,
        "32" : 0.100000,
        "64" : 0.000000,
        ">=64" : 0.000000
      },
      "latency_ns" : {
        "2" : 0.000000,
        "4" : 0.000000,
        "10" : 0.000000,
        "20" : 0.000000,
        "50" : 0.000000,
        "100" : 0.000000,
        "250" : 0.000000,
        "500" : 0.000000,
        "750" : 0.000000,
        "1000" : 0.000000
      },
      "latency_us" : {
        "2" : 0.000000,
        "4" : 0.000000,
        "10" : 0.000000,
        "20" : 0.000000,
        "50" : 0.000000,
        "100" : 0.000000,
        "250" : 0.000000,
        "500" : 0.019663,
        "750" : 0.034580,
        "1000" : 0.056955
      },
      "latency_ms" : {
        "2" : 32.091634,
        "4" : 66.676385,
        "10" : 0.064865,
        "20" : 1.048913,
        "50" : 0.010000,
        "100" : 0.000000,
        "250" : 0.000000,
        "500" : 0.000000,
        "750" : 0.000000,
        "1000" : 0.000000,
        "2000" : 0.000000,
        ">=2000" : 0.000000
      },
      "latency_depth" : 32,
      "latency_target" : 0,
      "latency_percentile" : 100.000000,
      "latency_window" : 0
    }
  ],
  "disk_util" : [
    {
      "name" : "nvme0n1",
      "read_ios" : 54,
      "write_ios" : 440954,
      "read_sectors" : 2792,
      "write_sectors" : 56439640,
      "read_merges" : 292,
      "write_merges" : 47,
      "read_ticks" : 157,
      "write_ticks" : 949267,
      "in_queue" : 949434,
      "util" : 83.621380
    }
  ]
}
