{
  "fio version" : "fio-3.36",
  "timestamp" : 1774771520,
  "timestamp_ms" : 1774771520787,
  "time" : "Sun Mar 29 13:35:20 2026",
  "jobs" : [
    {
      "jobname" : "bsscale_write_512k",
      "groupid" : 0,
      "job_start" : 1774771490722,
      "error" : 0,
      "eta" : 0,
      "elapsed" : 31,
      "job options" : {
        "name" : "bsscale_write_512k",
        "filename" : "/home/prateek/fio_test/fio_testfile",
        "rw" : "write",
        "bs" : "512k",
        "size" : "2g",
        "numjobs" : "1",
        "iodepth" : "32",
        "ioengine" : "libaio",
        "direct" : "1",
        "runtime" : "30"
      },
      "read" : {
        "io_bytes" : 0,
        "io_kbytes" : 0,
        "bw_bytes" : 0,
        "bw" : 0,
        "iops" : 0.000000,
        "runtime" : 0,
        "total_ios" : 0,
        "short_ios" : 0,
        "drop_ios" : 0,
        "slat_ns" : {
          "min" : 0,
          "max" : 0,
          "mean" : 0.000000,
          "stddev" : 0.000000,
          "N" : 0
        },
        "clat_ns" : {
          "min" : 0,
          "max" : 0,
          "mean" : 0.000000,
          "stddev" : 0.000000,
          "N" : 0
        },
        "lat_ns" : {
          "min" : 0,
          "max" : 0,
          "mean" : 0.000000,
          "stddev" : 0.000000,
          "N" : 0
        },
        "bw_min" : 0,
        "bw_max" : 0,
        "bw_agg" : 0.000000,
        "bw_mean" : 0.000000,
        "bw_dev" : 0.000000,
        "bw_samples" : 0,
        "iops_min" : 0,
        "iops_max" : 0,
        "iops_mean" : 0.000000,
        "iops_stddev" : 0.000000,
        "iops_samples" : 0
      },
      "write" : {
        "io_bytes" : 28848947200,
        "io_kbytes" : 28172800,
        "bw_bytes" : 961086957,
        "bw" : 938561,
        "iops" : 1833.127894,
        "runtime" : 30017,
        "total_ios" : 55025,
        "short_ios" : 0,
        "drop_ios" : 0,
        "slat_ns" : {
          "min" : 45137,
          "max" : 10406726,
          "mean" : 68534.826661,
          "stddev" : 102549.879372,
          "N" : 55025
        },
        "clat_ns" : {
          "min" : 2117310,
          "max" : 116783419,
          "mean" : 17379994.425934,
          "stddev" : 4069246.686099,
          "N" : 55025,
          "percentile" : {
            "1.000000" : 11599872,
            "5.000000" : 15925248,
            "10.000000" : 15925248,
            "20.000000" : 16056320,
            "30.000000" : 16187392,
            "40.000000" : 16318464,
            "50.000000" : 16318464,
            "60.000000" : 16449536,
            "70.000000" : 16711680,
            "80.000000" : 17170432,
            "90.000000" : 19267584,
            "95.000000" : 25559040,
            "99.000000" : 29491200,
            "99.500000" : 30801920,
            "99.900000" : 38535168,
            "99.950000" : 115867648,
            "99.990000" : 116916224
          }
        },
        "lat_ns" : {
          "min" : 2203616,
          "max" : 116844991,
          "mean" : 17448529.252594,
          "stddev" : 4067710.611851,
          "N" : 55025
        },
        "bw_min" : 757760,
        "bw_max" : 961536,
        "bw_agg" : 100.000000,
        "bw_mean" : 938990.644068,
        "bw_dev" : 29823.871731,
        "bw_samples" : 59,
        "iops_min" : 1480,
        "iops_max" : 1878,
        "iops_mean" : 1833.966102,
        "iops_stddev" : 58.249749,
        "iops_samples" : 59
      },
      "trim" : {
        "io_bytes" : 0,
        "io_kbytes" : 0,
        "bw_bytes" : 0,
        "bw" : 0,
        "iops" : 0.000000,
        "runtime" : 0,
        "total_ios" : 0,
        "short_ios" : 0,
        "drop_ios" : 0,
        "slat_ns" : {
          "min" : 0,
          "max" : 0,
          "mean" : 0.000000,
          "stddev" : 0.000000,
          "N" : 0
        },
        "clat_ns" : {
          "min" : 0,
          "max" : 0,
          "mean" : 0.000000,
          "stddev" : 0.000000,
          "N" : 0
        },
        "lat_ns" : {
          "min" : 0,
          "max" : 0,
          "mean" : 0.000000,
          "stddev" : 0.000000,
          "N" : 0
        },
        "bw_min" : 0,
        "bw_max" : 0,
        "bw_agg" : 0.000000,
        "bw_mean" : 0.000000,
        "bw_dev" : 0.000000,
        "bw_samples" : 0,
        "iops_min" : 0,
        "iops_max" : 0,
        "iops_mean" : 0.000000,
        "iops_stddev" : 0.000000,
        "iops_samples" : 0
      },
      "sync" : {
        "total_ios" : 0,
        "lat_ns" : {
          "min" : 0,
          "max" : 0,
          "mean" : 0.000000,
          "stddev" : 0.000000,
          "N" : 0
        }
      },
      "job_runtime" : 30016,
      "usr_cpu" : 4.594216,
      "sys_cpu" : 8.342217,
      "ctx" : 54878,
      "majf" : 0,
      "minf" : 12,
      "iodepth_level" : {
        "1" : 0.100000,
        "2" : 0.100000,
        "4" : 0.100000,
        "8" : 0.100000,
        "16" : 0.100000,
        "32" : 99.943662,
        ">=64" : 0.000000
      },
      "iodepth_submit" : {
        "0" : 0.000000,
        "4" : 100.000000,
        "8" : 0.000000,
        "16" : 0.000000,
        "32" : 0.000000,
        "64" : 0.000000,
        ">=64" : 0.000000
      },
      "iodepth_complete" : {
        "0" : 0.000000,
        "4" : 99.998182,
        "8" : 0.000000,
        "16" : 0.000000,
        "32" : 0.100000,
        "64" : 0.000000,
        ">=64" : 0.000000
      },
      "latency_ns" : {
        "2" : 0.000000,
        "4" : 0.000000,
        "10" : 0.000000,
        "20" : 0.000000,
        "50" : 0.000000,
        "100" : 0.000000,
        "250" : 0.000000,
        "500" : 0.000000,
        "750" : 0.000000,
        "1000" : 0.000000
      },
      "latency_us" : {
        "2" : 0.000000,
        "4" : 0.000000,
        "10" : 0.000000,
        "20" : 0.000000,
        "50" : 0.000000,
        "100" : 0.000000,
        "250" : 0.000000,
        "500" : 0.000000,
        "750" : 0.000000,
        "1000" : 0.000000
      },
      "latency_ms" : {
        "2" : 0.000000,
        "4" : 0.012721,
        "10" : 0.599727,
        "20" : 89.750114,
        "50" : 9.575647,
        "100" : 0.010000,
        "250" : 0.058155,
        "500" : 0.000000,
        "750" : 0.000000,
        "1000" : 0.000000,
        "2000" : 0.000000,
        ">=2000" : 0.000000
      },
      "latency_depth" : 32,
      "latency_target" : 0,
      "latency_percentile" : 100.000000,
      "latency_window" : 0
    }
  ],
  "disk_util" : [
    {
      "name" : "nvme0n1",
      "read_ios" : 108,
      "write_ios" : 219160,
      "read_sectors" : 3712,
      "write_sectors" : 56095288,
      "read_merges" : 323,
      "write_merges" : 41,
      "read_ticks" : 1059,
      "write_ticks" : 3763050,
      "in_queue" : 3764171,
      "util" : 89.508273
    }
  ]
}
