{
  "fio version" : "fio-3.36",
  "timestamp" : 1774771423,
  "timestamp_ms" : 1774771423304,
  "time" : "Sun Mar 29 13:33:43 2026",
  "jobs" : [
    {
      "jobname" : "bsscale_read_64k",
      "groupid" : 0,
      "job_start" : 1774771393267,
      "error" : 0,
      "eta" : 0,
      "elapsed" : 31,
      "job options" : {
        "name" : "bsscale_read_64k",
        "filename" : "/home/prateek/fio_test/fio_testfile",
        "rw" : "read",
        "bs" : "64k",
        "size" : "2g",
        "numjobs" : "1",
        "iodepth" : "32",
        "ioengine" : "libaio",
        "direct" : "1",
        "runtime" : "30"
      },
      "read" : {
        "io_bytes" : 53754593280,
        "io_kbytes" : 52494720,
        "bw_bytes" : 1791700329,
        "bw" : 1749707,
        "iops" : 27339.177388,
        "runtime" : 30002,
        "total_ios" : 820230,
        "short_ios" : 0,
        "drop_ios" : 0,
        "slat_ns" : {
          "min" : 5409,
          "max" : 2599962,
          "mean" : 7208.977570,
          "stddev" : 4577.707037,
          "N" : 820230
        },
        "clat_ns" : {
          "min" : 293662,
          "max" : 13312139,
          "mean" : 1162833.106491,
          "stddev" : 192219.157011,
          "N" : 820230,
          "percentile" : {
            "1.000000" : 1089536,
            "5.000000" : 1105920,
            "10.000000" : 1122304,
            "20.000000" : 1122304,
            "30.000000" : 1138688,
            "40.000000" : 1138688,
            "50.000000" : 1138688,
            "60.000000" : 1138688,
            "70.000000" : 1155072,
            "80.000000" : 1155072,
            "90.000000" : 1171456,
            "95.000000" : 1204224,
            "99.000000" : 1761280,
            "99.500000" : 1925120,
            "99.900000" : 4751360,
            "99.950000" : 4816896,
            "99.990000" : 5079040
          }
        },
        "lat_ns" : {
          "min" : 303244,
          "max" : 13318446,
          "mean" : 1170042.084061,
          "stddev" : 192222.748960,
          "N" : 820230
        },
        "bw_min" : 1699968,
        "bw_max" : 1784960,
        "bw_agg" : 100.000000,
        "bw_mean" : 1751072.542373,
        "bw_dev" : 26012.159019,
        "bw_samples" : 59,
        "iops_min" : 26562,
        "iops_max" : 27890,
        "iops_mean" : 27360.508475,
        "iops_stddev" : 406.439985,
        "iops_samples" : 59
      },
      "write" : {
        "io_bytes" : 0,
        "io_kbytes" : 0,
        "bw_bytes" : 0,
        "bw" : 0,
        "iops" : 0.000000,
        "runtime" : 0,
        "total_ios" : 0,
        "short_ios" : 0,
        "drop_ios" : 0,
        "slat_ns" : {
          "min" : 0,
          "max" : 0,
          "mean" : 0.000000,
          "stddev" : 0.000000,
          "N" : 0
        },
        "clat_ns" : {
          "min" : 0,
          "max" : 0,
          "mean" : 0.000000,
          "stddev" : 0.000000,
          "N" : 0
        },
        "lat_ns" : {
          "min" : 0,
          "max" : 0,
          "mean" : 0.000000,
          "stddev" : 0.000000,
          "N" : 0
        },
        "bw_min" : 0,
        "bw_max" : 0,
        "bw_agg" : 0.000000,
        "bw_mean" : 0.000000,
        "bw_dev" : 0.000000,
        "bw_samples" : 0,
        "iops_min" : 0,
        "iops_max" : 0,
        "iops_mean" : 0.000000,
        "iops_stddev" : 0.000000,
        "iops_samples" : 0
      },
      "trim" : {
        "io_bytes" : 0,
        "io_kbytes" : 0,
        "bw_bytes" : 0,
        "bw" : 0,
        "iops" : 0.000000,
        "runtime" : 0,
        "total_ios" : 0,
        "short_ios" : 0,
        "drop_ios" : 0,
        "slat_ns" : {
          "min" : 0,
          "max" : 0,
          "mean" : 0.000000,
          "stddev" : 0.000000,
          "N" : 0
        },
        "clat_ns" : {
          "min" : 0,
          "max" : 0,
          "mean" : 0.000000,
          "stddev" : 0.000000,
          "N" : 0
        },
        "lat_ns" : {
          "min" : 0,
          "max" : 0,
          "mean" : 0.000000,
          "stddev" : 0.000000,
          "N" : 0
        },
        "bw_min" : 0,
        "bw_max" : 0,
        "bw_agg" : 0.000000,
        "bw_mean" : 0.000000,
        "bw_dev" : 0.000000,
        "bw_samples" : 0,
        "iops_min" : 0,
        "iops_max" : 0,
        "iops_mean" : 0.000000,
        "iops_stddev" : 0.000000,
        "iops_samples" : 0
      },
      "sync" : {
        "total_ios" : 0,
        "lat_ns" : {
          "min" : 0,
          "max" : 0,
          "mean" : 0.000000,
          "stddev" : 0.000000,
          "N" : 0
        }
      },
      "job_runtime" : 30001,
      "usr_cpu" : 2.929902,
      "sys_cpu" : 26.422453,
      "ctx" : 750555,
      "majf" : 0,
      "minf" : 523,
      "iodepth_level" : {
        "1" : 0.100000,
        "2" : 0.100000,
        "4" : 0.100000,
        "8" : 0.100000,
        "16" : 0.100000,
        "32" : 99.996221,
        ">=64" : 0.000000
      },
      "iodepth_submit" : {
        "0" : 0.000000,
        "4" : 100.000000,
        "8" : 0.000000,
        "16" : 0.000000,
        "32" : 0.000000,
        "64" : 0.000000,
        ">=64" : 0.000000
      },
      "iodepth_complete" : {
        "0" : 0.000000,
        "4" : 99.999878,
        "8" : 0.000000,
        "16" : 0.000000,
        "32" : 0.100000,
        "64" : 0.000000,
        ">=64" : 0.000000
      },
      "latency_ns" : {
        "2" : 0.000000,
        "4" : 0.000000,
        "10" : 0.000000,
        "20" : 0.000000,
        "50" : 0.000000,
        "100" : 0.000000,
        "250" : 0.000000,
        "500" : 0.000000,
        "750" : 0.000000,
        "1000" : 0.000000
      },
      "latency_us" : {
        "2" : 0.000000,
        "4" : 0.000000,
        "10" : 0.000000,
        "20" : 0.000000,
        "50" : 0.000000,
        "100" : 0.000000,
        "250" : 0.000000,
        "500" : 0.083391,
        "750" : 0.072297,
        "1000" : 0.101923
      },
      "latency_ms" : {
        "2" : 99.332260,
        "4" : 0.287846,
        "10" : 0.118381,
        "20" : 0.010000,
        "50" : 0.000000,
        "100" : 0.000000,
        "250" : 0.000000,
        "500" : 0.000000,
        "750" : 0.000000,
        "1000" : 0.000000,
        "2000" : 0.000000,
        ">=2000" : 0.000000
      },
      "latency_depth" : 32,
      "latency_target" : 0,
      "latency_percentile" : 100.000000,
      "latency_window" : 0
    }
  ],
  "disk_util" : [
    {
      "name" : "nvme0n1",
      "read_ios" : 817670,
      "write_ios" : 74,
      "read_sectors" : 104657240,
      "write_sectors" : 5504,
      "read_merges" : 203,
      "write_merges" : 55,
      "read_ticks" : 948617,
      "write_ticks" : 180,
      "in_queue" : 948821,
      "util" : 81.182240
    }
  ]
}
