{
  "fio version" : "fio-3.36",
  "timestamp" : 1774771585,
  "timestamp_ms" : 1774771585824,
  "time" : "Sun Mar 29 13:36:25 2026",
  "jobs" : [
    {
      "jobname" : "bsscale_write_1m",
      "groupid" : 0,
      "job_start" : 1774771555755,
      "error" : 0,
      "eta" : 0,
      "elapsed" : 31,
      "job options" : {
        "name" : "bsscale_write_1m",
        "filename" : "/home/prateek/fio_test/fio_testfile",
        "rw" : "write",
        "bs" : "1m",
        "size" : "2g",
        "numjobs" : "1",
        "iodepth" : "32",
        "ioengine" : "libaio",
        "direct" : "1",
        "runtime" : "30"
      },
      "read" : {
        "io_bytes" : 0,
        "io_kbytes" : 0,
        "bw_bytes" : 0,
        "bw" : 0,
        "iops" : 0.000000,
        "runtime" : 0,
        "total_ios" : 0,
        "short_ios" : 0,
        "drop_ios" : 0,
        "slat_ns" : {
          "min" : 0,
          "max" : 0,
          "mean" : 0.000000,
          "stddev" : 0.000000,
          "N" : 0
        },
        "clat_ns" : {
          "min" : 0,
          "max" : 0,
          "mean" : 0.000000,
          "stddev" : 0.000000,
          "N" : 0
        },
        "lat_ns" : {
          "min" : 0,
          "max" : 0,
          "mean" : 0.000000,
          "stddev" : 0.000000,
          "N" : 0
        },
        "bw_min" : 0,
        "bw_max" : 0,
        "bw_agg" : 0.000000,
        "bw_mean" : 0.000000,
        "bw_dev" : 0.000000,
        "bw_samples" : 0,
        "iops_min" : 0,
        "iops_max" : 0,
        "iops_mean" : 0.000000,
        "iops_stddev" : 0.000000,
        "iops_samples" : 0
      },
      "write" : {
        "io_bytes" : 10581180416,
        "io_kbytes" : 10333184,
        "bw_bytes" : 352341927,
        "bw" : 344083,
        "iops" : 336.019447,
        "runtime" : 30031,
        "total_ios" : 10091,
        "short_ios" : 0,
        "drop_ios" : 0,
        "slat_ns" : {
          "min" : 96305,
          "max" : 1358843415,
          "mean" : 554752.815975,
          "stddev" : 19582983.846016,
          "N" : 10091
        },
        "clat_ns" : {
          "min" : 4260415,
          "max" : 5837285128,
          "mean" : 94664803.940144,
          "stddev" : 417276292.031958,
          "N" : 10091,
          "percentile" : {
            "1.000000" : 8454144,
            "5.000000" : 13959168,
            "10.000000" : 16056320,
            "20.000000" : 23199744,
            "30.000000" : 30015488,
            "40.000000" : 31850496,
            "50.000000" : 32899072,
            "60.000000" : 35913728,
            "70.000000" : 41680896,
            "80.000000" : 47972352,
            "90.000000" : 54788096,
            "95.000000" : 61603840,
            "99.000000" : 2533359616,
            "99.500000" : 3238002688,
            "99.900000" : 4664066048,
            "99.950000" : 5066719232,
            "99.990000" : 5737807872
          }
        },
        "lat_ns" : {
          "min" : 4412648,
          "max" : 5837439538,
          "mean" : 95219556.756119,
          "stddev" : 419069319.214466,
          "N" : 10091
        },
        "bw_min" : 2048,
        "bw_max" : 962560,
        "bw_agg" : 100.000000,
        "bw_mean" : 361454.035088,
        "bw_dev" : 449425.876156,
        "bw_samples" : 57,
        "iops_min" : 2,
        "iops_max" : 940,
        "iops_mean" : 352.982456,
        "iops_stddev" : 438.892457,
        "iops_samples" : 57
      },
      "trim" : {
        "io_bytes" : 0,
        "io_kbytes" : 0,
        "bw_bytes" : 0,
        "bw" : 0,
        "iops" : 0.000000,
        "runtime" : 0,
        "total_ios" : 0,
        "short_ios" : 0,
        "drop_ios" : 0,
        "slat_ns" : {
          "min" : 0,
          "max" : 0,
          "mean" : 0.000000,
          "stddev" : 0.000000,
          "N" : 0
        },
        "clat_ns" : {
          "min" : 0,
          "max" : 0,
          "mean" : 0.000000,
          "stddev" : 0.000000,
          "N" : 0
        },
        "lat_ns" : {
          "min" : 0,
          "max" : 0,
          "mean" : 0.000000,
          "stddev" : 0.000000,
          "N" : 0
        },
        "bw_min" : 0,
        "bw_max" : 0,
        "bw_agg" : 0.000000,
        "bw_mean" : 0.000000,
        "bw_dev" : 0.000000,
        "bw_samples" : 0,
        "iops_min" : 0,
        "iops_max" : 0,
        "iops_mean" : 0.000000,
        "iops_stddev" : 0.000000,
        "iops_samples" : 0
      },
      "sync" : {
        "total_ios" : 0,
        "lat_ns" : {
          "min" : 0,
          "max" : 0,
          "mean" : 0.000000,
          "stddev" : 0.000000,
          "N" : 0
        }
      },
      "job_runtime" : 30030,
      "usr_cpu" : 1.841492,
      "sys_cpu" : 3.280053,
      "ctx" : 10103,
      "majf" : 0,
      "minf" : 13,
      "iodepth_level" : {
        "1" : 0.100000,
        "2" : 0.100000,
        "4" : 0.100000,
        "8" : 0.100000,
        "16" : 0.158557,
        "32" : 99.692796,
        ">=64" : 0.000000
      },
      "iodepth_submit" : {
        "0" : 0.000000,
        "4" : 100.000000,
        "8" : 0.000000,
        "16" : 0.000000,
        "32" : 0.000000,
        "64" : 0.000000,
        ">=64" : 0.000000
      },
      "iodepth_complete" : {
        "0" : 0.000000,
        "4" : 99.990061,
        "8" : 0.000000,
        "16" : 0.000000,
        "32" : 0.100000,
        "64" : 0.000000,
        ">=64" : 0.000000
      },
      "latency_ns" : {
        "2" : 0.000000,
        "4" : 0.000000,
        "10" : 0.000000,
        "20" : 0.000000,
        "50" : 0.000000,
        "100" : 0.000000,
        "250" : 0.000000,
        "500" : 0.000000,
        "750" : 0.000000,
        "1000" : 0.000000
      },
      "latency_us" : {
        "2" : 0.000000,
        "4" : 0.000000,
        "10" : 0.000000,
        "20" : 0.000000,
        "50" : 0.000000,
        "100" : 0.000000,
        "250" : 0.000000,
        "500" : 0.000000,
        "750" : 0.000000,
        "1000" : 0.000000
      },
      "latency_ms" : {
        "2" : 0.000000,
        "4" : 0.000000,
        "10" : 1.694579,
        "20" : 13.021504,
        "50" : 68.714696,
        "100" : 14.002577,
        "250" : 0.029729,
        "500" : 0.069369,
        "750" : 0.049549,
        "1000" : 0.158557,
        "2000" : 0.862154,
        ">=2000" : 1.397285
      },
      "latency_depth" : 32,
      "latency_target" : 0,
      "latency_percentile" : 100.000000,
      "latency_window" : 0
    }
  ],
  "disk_util" : [
    {
      "name" : "nvme0n1",
      "read_ios" : 53,
      "write_ios" : 79618,
      "read_sectors" : 2360,
      "write_sectors" : 20374064,
      "read_merges" : 197,
      "write_merges" : 18,
      "read_ticks" : 8112,
      "write_ticks" : 7231232,
      "in_queue" : 7245177,
      "util" : 96.041521
    }
  ]
}
