{
  "fio version" : "fio-3.36",
  "timestamp" : 1774771488,
  "timestamp_ms" : 1774771488262,
  "time" : "Sun Mar 29 13:34:48 2026",
  "jobs" : [
    {
      "jobname" : "bsscale_read_512k",
      "groupid" : 0,
      "job_start" : 1774771458216,
      "error" : 0,
      "eta" : 0,
      "elapsed" : 31,
      "job options" : {
        "name" : "bsscale_read_512k",
        "filename" : "/home/prateek/fio_test/fio_testfile",
        "rw" : "read",
        "bs" : "512k",
        "size" : "2g",
        "numjobs" : "1",
        "iodepth" : "32",
        "ioengine" : "libaio",
        "direct" : "1",
        "runtime" : "30"
      },
      "read" : {
        "io_bytes" : 49740251136,
        "io_kbytes" : 48574464,
        "bw_bytes" : 1657069365,
        "bw" : 1618231,
        "iops" : 3160.608988,
        "runtime" : 30017,
        "total_ios" : 94872,
        "short_ios" : 0,
        "drop_ios" : 0,
        "slat_ns" : {
          "min" : 36117,
          "max" : 4942679,
          "mean" : 42169.700997,
          "stddev" : 19349.207788,
          "N" : 94872
        },
        "clat_ns" : {
          "min" : 3635847,
          "max" : 33614359,
          "mean" : 10079287.585736,
          "stddev" : 1909897.941399,
          "N" : 94872,
          "percentile" : {
            "1.000000" : 9502720,
            "5.000000" : 9502720,
            "10.000000" : 9502720,
            "20.000000" : 9502720,
            "30.000000" : 9502720,
            "40.000000" : 9502720,
            "50.000000" : 9502720,
            "60.000000" : 9633792,
            "70.000000" : 9633792,
            "80.000000" : 9764864,
            "90.000000" : 10027008,
            "95.000000" : 17170432,
            "99.000000" : 17432576,
            "99.500000" : 17694720,
            "99.900000" : 19005440,
            "99.950000" : 21102592,
            "99.990000" : 28704768
          }
        },
        "lat_ns" : {
          "min" : 3772905,
          "max" : 33653895,
          "mean" : 10121457.286734,
          "stddev" : 1910054.946912,
          "N" : 94872
        },
        "bw_min" : 939008,
        "bw_max" : 1712128,
        "bw_agg" : 100.000000,
        "bw_mean" : 1621668.881356,
        "bw_dev" : 222988.550644,
        "bw_samples" : 59,
        "iops_min" : 1834,
        "iops_max" : 3344,
        "iops_mean" : 3167.355932,
        "iops_stddev" : 435.536521,
        "iops_samples" : 59
      },
      "write" : {
        "io_bytes" : 0,
        "io_kbytes" : 0,
        "bw_bytes" : 0,
        "bw" : 0,
        "iops" : 0.000000,
        "runtime" : 0,
        "total_ios" : 0,
        "short_ios" : 0,
        "drop_ios" : 0,
        "slat_ns" : {
          "min" : 0,
          "max" : 0,
          "mean" : 0.000000,
          "stddev" : 0.000000,
          "N" : 0
        },
        "clat_ns" : {
          "min" : 0,
          "max" : 0,
          "mean" : 0.000000,
          "stddev" : 0.000000,
          "N" : 0
        },
        "lat_ns" : {
          "min" : 0,
          "max" : 0,
          "mean" : 0.000000,
          "stddev" : 0.000000,
          "N" : 0
        },
        "bw_min" : 0,
        "bw_max" : 0,
        "bw_agg" : 0.000000,
        "bw_mean" : 0.000000,
        "bw_dev" : 0.000000,
        "bw_samples" : 0,
        "iops_min" : 0,
        "iops_max" : 0,
        "iops_mean" : 0.000000,
        "iops_stddev" : 0.000000,
        "iops_samples" : 0
      },
      "trim" : {
        "io_bytes" : 0,
        "io_kbytes" : 0,
        "bw_bytes" : 0,
        "bw" : 0,
        "iops" : 0.000000,
        "runtime" : 0,
        "total_ios" : 0,
        "short_ios" : 0,
        "drop_ios" : 0,
        "slat_ns" : {
          "min" : 0,
          "max" : 0,
          "mean" : 0.000000,
          "stddev" : 0.000000,
          "N" : 0
        },
        "clat_ns" : {
          "min" : 0,
          "max" : 0,
          "mean" : 0.000000,
          "stddev" : 0.000000,
          "N" : 0
        },
        "lat_ns" : {
          "min" : 0,
          "max" : 0,
          "mean" : 0.000000,
          "stddev" : 0.000000,
          "N" : 0
        },
        "bw_min" : 0,
        "bw_max" : 0,
        "bw_agg" : 0.000000,
        "bw_mean" : 0.000000,
        "bw_dev" : 0.000000,
        "bw_samples" : 0,
        "iops_min" : 0,
        "iops_max" : 0,
        "iops_mean" : 0.000000,
        "iops_stddev" : 0.000000,
        "iops_samples" : 0
      },
      "sync" : {
        "total_ios" : 0,
        "lat_ns" : {
          "min" : 0,
          "max" : 0,
          "mean" : 0.000000,
          "stddev" : 0.000000,
          "N" : 0
        }
      },
      "job_runtime" : 30016,
      "usr_cpu" : 0.456423,
      "sys_cpu" : 15.135261,
      "ctx" : 94624,
      "majf" : 0,
      "minf" : 4107,
      "iodepth_level" : {
        "1" : 0.100000,
        "2" : 0.100000,
        "4" : 0.100000,
        "8" : 0.100000,
        "16" : 0.100000,
        "32" : 99.967324,
        ">=64" : 0.000000
      },
      "iodepth_submit" : {
        "0" : 0.000000,
        "4" : 100.000000,
        "8" : 0.000000,
        "16" : 0.000000,
        "32" : 0.000000,
        "64" : 0.000000,
        ">=64" : 0.000000
      },
      "iodepth_complete" : {
        "0" : 0.000000,
        "4" : 99.998946,
        "8" : 0.000000,
        "16" : 0.000000,
        "32" : 0.100000,
        "64" : 0.000000,
        ">=64" : 0.000000
      },
      "latency_ns" : {
        "2" : 0.000000,
        "4" : 0.000000,
        "10" : 0.000000,
        "20" : 0.000000,
        "50" : 0.000000,
        "100" : 0.000000,
        "250" : 0.000000,
        "500" : 0.000000,
        "750" : 0.000000,
        "1000" : 0.000000
      },
      "latency_us" : {
        "2" : 0.000000,
        "4" : 0.000000,
        "10" : 0.000000,
        "20" : 0.000000,
        "50" : 0.000000,
        "100" : 0.000000,
        "250" : 0.000000,
        "500" : 0.000000,
        "750" : 0.000000,
        "1000" : 0.000000
      },
      "latency_ms" : {
        "2" : 0.000000,
        "4" : 0.010000,
        "10" : 90.602074,
        "20" : 9.317818,
        "50" : 0.070621,
        "100" : 0.000000,
        "250" : 0.000000,
        "500" : 0.000000,
        "750" : 0.000000,
        "1000" : 0.000000,
        "2000" : 0.000000,
        ">=2000" : 0.000000
      },
      "latency_depth" : 32,
      "latency_target" : 0,
      "latency_percentile" : 100.000000,
      "latency_window" : 0
    }
  ],
  "disk_util" : [
    {
      "name" : "nvme0n1",
      "read_ios" : 378644,
      "write_ios" : 46,
      "read_sectors" : 96923352,
      "write_sectors" : 4064,
      "read_merges" : 60,
      "write_merges" : 25,
      "read_ticks" : 3771856,
      "write_ticks" : 322,
      "in_queue" : 3772208,
      "util" : 89.205417
    }
  ]
}
