{
  "fio version" : "fio-3.36",
  "timestamp" : 1774771553,
  "timestamp_ms" : 1774771553296,
  "time" : "Sun Mar 29 13:35:53 2026",
  "jobs" : [
    {
      "jobname" : "bsscale_read_1m",
      "groupid" : 0,
      "job_start" : 1774771523223,
      "error" : 0,
      "eta" : 0,
      "elapsed" : 31,
      "job options" : {
        "name" : "bsscale_read_1m",
        "filename" : "/home/prateek/fio_test/fio_testfile",
        "rw" : "read",
        "bs" : "1m",
        "size" : "2g",
        "numjobs" : "1",
        "iodepth" : "32",
        "ioengine" : "libaio",
        "direct" : "1",
        "runtime" : "30"
      },
      "read" : {
        "io_bytes" : 44590694400,
        "io_kbytes" : 43545600,
        "bw_bytes" : 1484624418,
        "bw" : 1449828,
        "iops" : 1415.848177,
        "runtime" : 30035,
        "total_ios" : 42525,
        "short_ios" : 0,
        "drop_ios" : 0,
        "slat_ns" : {
          "min" : 73723,
          "max" : 12764009,
          "mean" : 391451.333733,
          "stddev" : 399650.940339,
          "N" : 42525
        },
        "clat_ns" : {
          "min" : 6234303,
          "max" : 66659709,
          "mean" : 22195114.101870,
          "stddev" : 6159960.544537,
          "N" : 42525,
          "percentile" : {
            "1.000000" : 18219008,
            "5.000000" : 18481152,
            "10.000000" : 18743296,
            "20.000000" : 19005440,
            "30.000000" : 19005440,
            "40.000000" : 19267584,
            "50.000000" : 19267584,
            "60.000000" : 19529728,
            "70.000000" : 19791872,
            "80.000000" : 22151168,
            "90.000000" : 33816576,
            "95.000000" : 34340864,
            "99.000000" : 37486592,
            "99.500000" : 41156608,
            "99.900000" : 47448064,
            "99.950000" : 51642368,
            "99.990000" : 62128128
          }
        },
        "lat_ns" : {
          "min" : 6513046,
          "max" : 67734858,
          "mean" : 22586565.435603,
          "stddev" : 6395527.752760,
          "N" : 42525
        },
        "bw_min" : 884736,
        "bw_max" : 1695744,
        "bw_agg" : 100.000000,
        "bw_mean" : 1450461.866667,
        "bw_dev" : 346070.274782,
        "bw_samples" : 60,
        "iops_min" : 864,
        "iops_max" : 1656,
        "iops_mean" : 1416.466667,
        "iops_stddev" : 337.959253,
        "iops_samples" : 60
      },
      "write" : {
        "io_bytes" : 0,
        "io_kbytes" : 0,
        "bw_bytes" : 0,
        "bw" : 0,
        "iops" : 0.000000,
        "runtime" : 0,
        "total_ios" : 0,
        "short_ios" : 0,
        "drop_ios" : 0,
        "slat_ns" : {
          "min" : 0,
          "max" : 0,
          "mean" : 0.000000,
          "stddev" : 0.000000,
          "N" : 0
        },
        "clat_ns" : {
          "min" : 0,
          "max" : 0,
          "mean" : 0.000000,
          "stddev" : 0.000000,
          "N" : 0
        },
        "lat_ns" : {
          "min" : 0,
          "max" : 0,
          "mean" : 0.000000,
          "stddev" : 0.000000,
          "N" : 0
        },
        "bw_min" : 0,
        "bw_max" : 0,
        "bw_agg" : 0.000000,
        "bw_mean" : 0.000000,
        "bw_dev" : 0.000000,
        "bw_samples" : 0,
        "iops_min" : 0,
        "iops_max" : 0,
        "iops_mean" : 0.000000,
        "iops_stddev" : 0.000000,
        "iops_samples" : 0
      },
      "trim" : {
        "io_bytes" : 0,
        "io_kbytes" : 0,
        "bw_bytes" : 0,
        "bw" : 0,
        "iops" : 0.000000,
        "runtime" : 0,
        "total_ios" : 0,
        "short_ios" : 0,
        "drop_ios" : 0,
        "slat_ns" : {
          "min" : 0,
          "max" : 0,
          "mean" : 0.000000,
          "stddev" : 0.000000,
          "N" : 0
        },
        "clat_ns" : {
          "min" : 0,
          "max" : 0,
          "mean" : 0.000000,
          "stddev" : 0.000000,
          "N" : 0
        },
        "lat_ns" : {
          "min" : 0,
          "max" : 0,
          "mean" : 0.000000,
          "stddev" : 0.000000,
          "N" : 0
        },
        "bw_min" : 0,
        "bw_max" : 0,
        "bw_agg" : 0.000000,
        "bw_mean" : 0.000000,
        "bw_dev" : 0.000000,
        "bw_samples" : 0,
        "iops_min" : 0,
        "iops_max" : 0,
        "iops_mean" : 0.000000,
        "iops_stddev" : 0.000000,
        "iops_samples" : 0
      },
      "sync" : {
        "total_ios" : 0,
        "lat_ns" : {
          "min" : 0,
          "max" : 0,
          "mean" : 0.000000,
          "stddev" : 0.000000,
          "N" : 0
        }
      },
      "job_runtime" : 30034,
      "usr_cpu" : 0.243058,
      "sys_cpu" : 12.512486,
      "ctx" : 42501,
      "majf" : 0,
      "minf" : 8202,
      "iodepth_level" : {
        "1" : 0.100000,
        "2" : 0.100000,
        "4" : 0.100000,
        "8" : 0.100000,
        "16" : 0.100000,
        "32" : 99.927102,
        ">=64" : 0.000000
      },
      "iodepth_submit" : {
        "0" : 0.000000,
        "4" : 100.000000,
        "8" : 0.000000,
        "16" : 0.000000,
        "32" : 0.000000,
        "64" : 0.000000,
        ">=64" : 0.000000
      },
      "iodepth_complete" : {
        "0" : 0.000000,
        "4" : 99.997647,
        "8" : 0.000000,
        "16" : 0.000000,
        "32" : 0.100000,
        "64" : 0.000000,
        ">=64" : 0.000000
      },
      "latency_ns" : {
        "2" : 0.000000,
        "4" : 0.000000,
        "10" : 0.000000,
        "20" : 0.000000,
        "50" : 0.000000,
        "100" : 0.000000,
        "250" : 0.000000,
        "500" : 0.000000,
        "750" : 0.000000,
        "1000" : 0.000000
      },
      "latency_us" : {
        "2" : 0.000000,
        "4" : 0.000000,
        "10" : 0.000000,
        "20" : 0.000000,
        "50" : 0.000000,
        "100" : 0.000000,
        "250" : 0.000000,
        "500" : 0.000000,
        "750" : 0.000000,
        "1000" : 0.000000
      },
      "latency_ms" : {
        "2" : 0.000000,
        "4" : 0.000000,
        "10" : 0.063492,
        "20" : 75.891828,
        "50" : 23.990594,
        "100" : 0.054086,
        "250" : 0.000000,
        "500" : 0.000000,
        "750" : 0.000000,
        "1000" : 0.000000,
        "2000" : 0.000000,
        ">=2000" : 0.000000
      },
      "latency_depth" : 32,
      "latency_target" : 0,
      "latency_percentile" : 100.000000,
      "latency_window" : 0
    }
  ],
  "disk_util" : [
    {
      "name" : "nvme0n1",
      "read_ios" : 339282,
      "write_ios" : 61,
      "read_sectors" : 86840608,
      "write_sectors" : 4832,
      "read_merges" : 138,
      "write_merges" : 53,
      "read_ticks" : 7510737,
      "write_ticks" : 1252,
      "in_queue" : 7512072,
      "util" : 89.055672
    }
  ]
}
