{
  "fio version" : "fio-3.36",
  "timestamp" : 1774771358,
  "timestamp_ms" : 1774771358361,
  "time" : "Sun Mar 29 13:32:38 2026",
  "jobs" : [
    {
      "jobname" : "bsscale_read_4k",
      "groupid" : 0,
      "job_start" : 1774771328329,
      "error" : 0,
      "eta" : 0,
      "elapsed" : 31,
      "job options" : {
        "name" : "bsscale_read_4k",
        "filename" : "/home/prateek/fio_test/fio_testfile",
        "rw" : "read",
        "bs" : "4k",
        "size" : "2g",
        "numjobs" : "1",
        "iodepth" : "32",
        "ioengine" : "libaio",
        "direct" : "1",
        "runtime" : "30"
      },
      "read" : {
        "io_bytes" : 6989000704,
        "io_kbytes" : 6825196,
        "bw_bytes" : 232958924,
        "bw" : 227498,
        "iops" : 56874.737509,
        "runtime" : 30001,
        "total_ios" : 1706299,
        "short_ios" : 0,
        "drop_ios" : 0,
        "slat_ns" : {
          "min" : 1420,
          "max" : 605872,
          "mean" : 2754.547389,
          "stddev" : 3062.187014,
          "N" : 1706299
        },
        "clat_ns" : {
          "min" : 87586,
          "max" : 9580659,
          "mean" : 559574.236567,
          "stddev" : 201747.088515,
          "N" : 1706299,
          "percentile" : {
            "1.000000" : 164864,
            "5.000000" : 284672,
            "10.000000" : 354304,
            "20.000000" : 428032,
            "30.000000" : 468992,
            "40.000000" : 509952,
            "50.000000" : 552960,
            "60.000000" : 577536,
            "70.000000" : 626688,
            "80.000000" : 684032,
            "90.000000" : 757760,
            "95.000000" : 856064,
            "99.000000" : 1019904,
            "99.500000" : 1089536,
            "99.900000" : 2375680,
            "99.950000" : 2932736,
            "99.990000" : 3883008
          }
        },
        "lat_ns" : {
          "min" : 91180,
          "max" : 9582701,
          "mean" : 562328.783956,
          "stddev" : 201634.782166,
          "N" : 1706299
        },
        "bw_min" : 196832,
        "bw_max" : 233088,
        "bw_agg" : 100.000000,
        "bw_mean" : 227601.491525,
        "bw_dev" : 7614.734533,
        "bw_samples" : 59,
        "iops_min" : 49208,
        "iops_max" : 58272,
        "iops_mean" : 56900.372881,
        "iops_stddev" : 1903.676279,
        "iops_samples" : 59
      },
      "write" : {
        "io_bytes" : 0,
        "io_kbytes" : 0,
        "bw_bytes" : 0,
        "bw" : 0,
        "iops" : 0.000000,
        "runtime" : 0,
        "total_ios" : 0,
        "short_ios" : 0,
        "drop_ios" : 0,
        "slat_ns" : {
          "min" : 0,
          "max" : 0,
          "mean" : 0.000000,
          "stddev" : 0.000000,
          "N" : 0
        },
        "clat_ns" : {
          "min" : 0,
          "max" : 0,
          "mean" : 0.000000,
          "stddev" : 0.000000,
          "N" : 0
        },
        "lat_ns" : {
          "min" : 0,
          "max" : 0,
          "mean" : 0.000000,
          "stddev" : 0.000000,
          "N" : 0
        },
        "bw_min" : 0,
        "bw_max" : 0,
        "bw_agg" : 0.000000,
        "bw_mean" : 0.000000,
        "bw_dev" : 0.000000,
        "bw_samples" : 0,
        "iops_min" : 0,
        "iops_max" : 0,
        "iops_mean" : 0.000000,
        "iops_stddev" : 0.000000,
        "iops_samples" : 0
      },
      "trim" : {
        "io_bytes" : 0,
        "io_kbytes" : 0,
        "bw_bytes" : 0,
        "bw" : 0,
        "iops" : 0.000000,
        "runtime" : 0,
        "total_ios" : 0,
        "short_ios" : 0,
        "drop_ios" : 0,
        "slat_ns" : {
          "min" : 0,
          "max" : 0,
          "mean" : 0.000000,
          "stddev" : 0.000000,
          "N" : 0
        },
        "clat_ns" : {
          "min" : 0,
          "max" : 0,
          "mean" : 0.000000,
          "stddev" : 0.000000,
          "N" : 0
        },
        "lat_ns" : {
          "min" : 0,
          "max" : 0,
          "mean" : 0.000000,
          "stddev" : 0.000000,
          "N" : 0
        },
        "bw_min" : 0,
        "bw_max" : 0,
        "bw_agg" : 0.000000,
        "bw_mean" : 0.000000,
        "bw_dev" : 0.000000,
        "bw_samples" : 0,
        "iops_min" : 0,
        "iops_max" : 0,
        "iops_mean" : 0.000000,
        "iops_stddev" : 0.000000,
        "iops_samples" : 0
      },
      "sync" : {
        "total_ios" : 0,
        "lat_ns" : {
          "min" : 0,
          "max" : 0,
          "mean" : 0.000000,
          "stddev" : 0.000000,
          "N" : 0
        }
      },
      "job_runtime" : 30000,
      "usr_cpu" : 5.260000,
      "sys_cpu" : 22.080000,
      "ctx" : 537889,
      "majf" : 0,
      "minf" : 44,
      "iodepth_level" : {
        "1" : 0.100000,
        "2" : 0.100000,
        "4" : 0.100000,
        "8" : 0.100000,
        "16" : 0.100000,
        "32" : 99.998183,
        ">=64" : 0.000000
      },
      "iodepth_submit" : {
        "0" : 0.000000,
        "4" : 100.000000,
        "8" : 0.000000,
        "16" : 0.000000,
        "32" : 0.000000,
        "64" : 0.000000,
        ">=64" : 0.000000
      },
      "iodepth_complete" : {
        "0" : 0.000000,
        "4" : 99.999941,
        "8" : 0.000000,
        "16" : 0.000000,
        "32" : 0.100000,
        "64" : 0.000000,
        ">=64" : 0.000000
      },
      "latency_ns" : {
        "2" : 0.000000,
        "4" : 0.000000,
        "10" : 0.000000,
        "20" : 0.000000,
        "50" : 0.000000,
        "100" : 0.000000,
        "250" : 0.000000,
        "500" : 0.000000,
        "750" : 0.000000,
        "1000" : 0.000000
      },
      "latency_us" : {
        "2" : 0.000000,
        "4" : 0.000000,
        "10" : 0.000000,
        "20" : 0.000000,
        "50" : 0.000000,
        "100" : 0.010000,
        "250" : 3.769328,
        "500" : 32.261931,
        "750" : 52.796081,
        "1000" : 8.713889
      },
      "latency_ms" : {
        "2" : 2.277034,
        "4" : 0.162515,
        "10" : 0.010000,
        "20" : 0.000000,
        "50" : 0.000000,
        "100" : 0.000000,
        "250" : 0.000000,
        "500" : 0.000000,
        "750" : 0.000000,
        "1000" : 0.000000,
        "2000" : 0.000000,
        ">=2000" : 0.000000
      },
      "latency_depth" : 32,
      "latency_target" : 0,
      "latency_percentile" : 100.000000,
      "latency_window" : 0
    }
  ],
  "disk_util" : [
    {
      "name" : "nvme0n1",
      "read_ios" : 1700537,
      "write_ios" : 53,
      "read_sectors" : 13606600,
      "write_sectors" : 4224,
      "read_merges" : 142,
      "write_merges" : 37,
      "read_ticks" : 931797,
      "write_ticks" : 77,
      "in_queue" : 931881,
      "util" : 82.890787
    }
  ]
}
