{
  "fio version" : "fio-3.36",
  "timestamp" : 1774771325,
  "timestamp_ms" : 1774771325839,
  "time" : "Sun Mar 29 13:32:05 2026",
  "jobs" : [
    {
      "jobname" : "fsync_lat",
      "groupid" : 0,
      "job_start" : 1774771265832,
      "error" : 0,
      "eta" : 0,
      "elapsed" : 61,
      "job options" : {
        "name" : "fsync_lat",
        "filename" : "/home/prateek/fio_test/fio_testfile",
        "rw" : "write",
        "bs" : "4k",
        "size" : "2g",
        "numjobs" : "1",
        "iodepth" : "1",
        "ioengine" : "sync",
        "fsync" : "1",
        "direct" : "0",
        "runtime" : "60"
      },
      "read" : {
        "io_bytes" : 0,
        "io_kbytes" : 0,
        "bw_bytes" : 0,
        "bw" : 0,
        "iops" : 0.000000,
        "runtime" : 0,
        "total_ios" : 0,
        "short_ios" : 0,
        "drop_ios" : 0,
        "slat_ns" : {
          "min" : 0,
          "max" : 0,
          "mean" : 0.000000,
          "stddev" : 0.000000,
          "N" : 0
        },
        "clat_ns" : {
          "min" : 0,
          "max" : 0,
          "mean" : 0.000000,
          "stddev" : 0.000000,
          "N" : 0
        },
        "lat_ns" : {
          "min" : 0,
          "max" : 0,
          "mean" : 0.000000,
          "stddev" : 0.000000,
          "N" : 0
        },
        "bw_min" : 0,
        "bw_max" : 0,
        "bw_agg" : 0.000000,
        "bw_mean" : 0.000000,
        "bw_dev" : 0.000000,
        "bw_samples" : 0,
        "iops_min" : 0,
        "iops_max" : 0,
        "iops_mean" : 0.000000,
        "iops_stddev" : 0.000000,
        "iops_samples" : 0
      },
      "write" : {
        "io_bytes" : 190455808,
        "io_kbytes" : 185992,
        "bw_bytes" : 3174210,
        "bw" : 3099,
        "iops" : 774.953751,
        "runtime" : 60001,
        "total_ios" : 46498,
        "short_ios" : 0,
        "drop_ios" : 0,
        "slat_ns" : {
          "min" : 0,
          "max" : 0,
          "mean" : 0.000000,
          "stddev" : 0.000000,
          "N" : 0
        },
        "clat_ns" : {
          "min" : 1692,
          "max" : 4908000,
          "mean" : 10106.551787,
          "stddev" : 24297.844446,
          "N" : 46498,
          "percentile" : {
            "1.000000" : 2672,
            "5.000000" : 3696,
            "10.000000" : 4832,
            "20.000000" : 6496,
            "30.000000" : 8384,
            "40.000000" : 8384,
            "50.000000" : 8512,
            "60.000000" : 8640,
            "70.000000" : 9152,
            "80.000000" : 10560,
            "90.000000" : 14528,
            "95.000000" : 23424,
            "99.000000" : 43264,
            "99.500000" : 49408,
            "99.900000" : 74240,
            "99.950000" : 90624,
            "99.990000" : 171008
          }
        },
        "lat_ns" : {
          "min" : 1756,
          "max" : 4908528,
          "mean" : 10389.667792,
          "stddev" : 24340.048077,
          "N" : 46498
        },
        "bw_min" : 360,
        "bw_max" : 4344,
        "bw_agg" : 99.844686,
        "bw_mean" : 3095.529412,
        "bw_dev" : 1385.380048,
        "bw_samples" : 119,
        "iops_min" : 90,
        "iops_max" : 1086,
        "iops_mean" : 773.882353,
        "iops_stddev" : 346.345012,
        "iops_samples" : 119
      },
      "trim" : {
        "io_bytes" : 0,
        "io_kbytes" : 0,
        "bw_bytes" : 0,
        "bw" : 0,
        "iops" : 0.000000,
        "runtime" : 0,
        "total_ios" : 0,
        "short_ios" : 0,
        "drop_ios" : 0,
        "slat_ns" : {
          "min" : 0,
          "max" : 0,
          "mean" : 0.000000,
          "stddev" : 0.000000,
          "N" : 0
        },
        "clat_ns" : {
          "min" : 0,
          "max" : 0,
          "mean" : 0.000000,
          "stddev" : 0.000000,
          "N" : 0
        },
        "lat_ns" : {
          "min" : 0,
          "max" : 0,
          "mean" : 0.000000,
          "stddev" : 0.000000,
          "N" : 0
        },
        "bw_min" : 0,
        "bw_max" : 0,
        "bw_agg" : 0.000000,
        "bw_mean" : 0.000000,
        "bw_dev" : 0.000000,
        "bw_samples" : 0,
        "iops_min" : 0,
        "iops_max" : 0,
        "iops_mean" : 0.000000,
        "iops_stddev" : 0.000000,
        "iops_samples" : 0
      },
      "sync" : {
        "total_ios" : 46498,
        "lat_ns" : {
          "min" : 383783,
          "max" : 61377135,
          "mean" : 1277754.234655,
          "stddev" : 1992822.585108,
          "N" : 46498,
          "percentile" : {
            "1.000000" : 419840,
            "5.000000" : 536576,
            "10.000000" : 847872,
            "20.000000" : 897024,
            "30.000000" : 937984,
            "40.000000" : 970752,
            "50.000000" : 995328,
            "60.000000" : 1028096,
            "70.000000" : 1089536,
            "80.000000" : 1155072,
            "90.000000" : 1335296,
            "95.000000" : 1646592,
            "99.000000" : 15663104,
            "99.500000" : 17432576,
            "99.900000" : 20054016,
            "99.950000" : 20840448,
            "99.990000" : 28180480
          }
        }
      },
      "job_runtime" : 60000,
      "usr_cpu" : 0.480000,
      "sys_cpu" : 2.308333,
      "ctx" : 95675,
      "majf" : 0,
      "minf" : 15,
      "iodepth_level" : {
        "1" : 200.000000,
        "2" : 0.000000,
        "4" : 0.000000,
        "8" : 0.000000,
        "16" : 0.000000,
        "32" : 0.000000,
        ">=64" : 0.000000
      },
      "iodepth_submit" : {
        "0" : 0.000000,
        "4" : 100.000000,
        "8" : 0.000000,
        "16" : 0.000000,
        "32" : 0.000000,
        "64" : 0.000000,
        ">=64" : 0.000000
      },
      "iodepth_complete" : {
        "0" : 0.000000,
        "4" : 100.000000,
        "8" : 0.000000,
        "16" : 0.000000,
        "32" : 0.000000,
        "64" : 0.000000,
        ">=64" : 0.000000
      },
      "latency_ns" : {
        "2" : 0.000000,
        "4" : 0.000000,
        "10" : 0.000000,
        "20" : 0.000000,
        "50" : 0.000000,
        "100" : 0.000000,
        "250" : 0.000000,
        "500" : 0.000000,
        "750" : 0.000000,
        "1000" : 0.000000
      },
      "latency_us" : {
        "2" : 0.249473,
        "4" : 5.864768,
        "10" : 71.871908,
        "20" : 15.129683,
        "50" : 6.411028,
        "100" : 0.447331,
        "250" : 0.021506,
        "500" : 0.000000,
        "750" : 0.000000,
        "1000" : 0.000000
      },
      "latency_ms" : {
        "2" : 0.010000,
        "4" : 0.000000,
        "10" : 0.010000,
        "20" : 0.000000,
        "50" : 0.000000,
        "100" : 0.000000,
        "250" : 0.000000,
        "500" : 0.000000,
        "750" : 0.000000,
        "1000" : 0.000000,
        "2000" : 0.000000,
        ">=2000" : 0.000000
      },
      "latency_depth" : 1,
      "latency_target" : 0,
      "latency_percentile" : 100.000000,
      "latency_window" : 0
    }
  ],
  "disk_util" : [
    {
      "name" : "nvme0n1",
      "read_ios" : 50,
      "write_ios" : 136596,
      "read_sectors" : 2216,
      "write_sectors" : 1426568,
      "read_merges" : 224,
      "write_merges" : 43802,
      "read_ticks" : 49,
      "write_ticks" : 54795,
      "in_queue" : 78776,
      "util" : 89.361028
    }
  ]
}
