{
  "fio version" : "fio-3.36",
  "timestamp" : 1774771616,
  "timestamp_ms" : 1774771616133,
  "time" : "Sun Mar 29 13:36:56 2026",
  "jobs" : [
    {
      "jobname" : "iostat_load",
      "groupid" : 0,
      "job_start" : 1774771586102,
      "error" : 0,
      "eta" : 0,
      "elapsed" : 31,
      "job options" : {
        "name" : "iostat_load",
        "filename" : "/home/prateek/fio_test/fio_testfile",
        "rw" : "randread",
        "bs" : "4k",
        "size" : "2g",
        "numjobs" : "1",
        "iodepth" : "32",
        "ioengine" : "libaio",
        "direct" : "1",
        "runtime" : "30"
      },
      "read" : {
        "io_bytes" : 10235977728,
        "io_kbytes" : 9996072,
        "bw_bytes" : 341187884,
        "bw" : 333191,
        "iops" : 83297.823406,
        "runtime" : 30001,
        "total_ios" : 2499018,
        "short_ios" : 0,
        "drop_ios" : 0,
        "slat_ns" : {
          "min" : 1455,
          "max" : 1435820,
          "mean" : 2698.808115,
          "stddev" : 2880.816805,
          "N" : 2499018
        },
        "clat_ns" : {
          "min" : 33545,
          "max" : 12697943,
          "mean" : 381078.327819,
          "stddev" : 236919.779988,
          "N" : 2499018,
          "percentile" : {
            "1.000000" : 81408,
            "5.000000" : 92672,
            "10.000000" : 117248,
            "20.000000" : 173056,
            "30.000000" : 220160,
            "40.000000" : 268288,
            "50.000000" : 325632,
            "60.000000" : 399360,
            "70.000000" : 489472,
            "80.000000" : 585728,
            "90.000000" : 724992,
            "95.000000" : 823296,
            "99.000000" : 946176,
            "99.500000" : 987136,
            "99.900000" : 1089536,
            "99.950000" : 1318912,
            "99.990000" : 3162112
          }
        },
        "lat_ns" : {
          "min" : 59172,
          "max" : 12701357,
          "mean" : 383777.135934,
          "stddev" : 236925.761618,
          "N" : 2499018
        },
        "bw_min" : 322672,
        "bw_max" : 337504,
        "bw_agg" : 100.000000,
        "bw_mean" : 333423.864407,
        "bw_dev" : 2579.388002,
        "bw_samples" : 59,
        "iops_min" : 80668,
        "iops_max" : 84376,
        "iops_mean" : 83356.000000,
        "iops_stddev" : 644.839141,
        "iops_samples" : 59
      },
      "write" : {
        "io_bytes" : 0,
        "io_kbytes" : 0,
        "bw_bytes" : 0,
        "bw" : 0,
        "iops" : 0.000000,
        "runtime" : 0,
        "total_ios" : 0,
        "short_ios" : 0,
        "drop_ios" : 0,
        "slat_ns" : {
          "min" : 0,
          "max" : 0,
          "mean" : 0.000000,
          "stddev" : 0.000000,
          "N" : 0
        },
        "clat_ns" : {
          "min" : 0,
          "max" : 0,
          "mean" : 0.000000,
          "stddev" : 0.000000,
          "N" : 0
        },
        "lat_ns" : {
          "min" : 0,
          "max" : 0,
          "mean" : 0.000000,
          "stddev" : 0.000000,
          "N" : 0
        },
        "bw_min" : 0,
        "bw_max" : 0,
        "bw_agg" : 0.000000,
        "bw_mean" : 0.000000,
        "bw_dev" : 0.000000,
        "bw_samples" : 0,
        "iops_min" : 0,
        "iops_max" : 0,
        "iops_mean" : 0.000000,
        "iops_stddev" : 0.000000,
        "iops_samples" : 0
      },
      "trim" : {
        "io_bytes" : 0,
        "io_kbytes" : 0,
        "bw_bytes" : 0,
        "bw" : 0,
        "iops" : 0.000000,
        "runtime" : 0,
        "total_ios" : 0,
        "short_ios" : 0,
        "drop_ios" : 0,
        "slat_ns" : {
          "min" : 0,
          "max" : 0,
          "mean" : 0.000000,
          "stddev" : 0.000000,
          "N" : 0
        },
        "clat_ns" : {
          "min" : 0,
          "max" : 0,
          "mean" : 0.000000,
          "stddev" : 0.000000,
          "N" : 0
        },
        "lat_ns" : {
          "min" : 0,
          "max" : 0,
          "mean" : 0.000000,
          "stddev" : 0.000000,
          "N" : 0
        },
        "bw_min" : 0,
        "bw_max" : 0,
        "bw_agg" : 0.000000,
        "bw_mean" : 0.000000,
        "bw_dev" : 0.000000,
        "bw_samples" : 0,
        "iops_min" : 0,
        "iops_max" : 0,
        "iops_mean" : 0.000000,
        "iops_stddev" : 0.000000,
        "iops_samples" : 0
      },
      "sync" : {
        "total_ios" : 0,
        "lat_ns" : {
          "min" : 0,
          "max" : 0,
          "mean" : 0.000000,
          "stddev" : 0.000000,
          "N" : 0
        }
      },
      "job_runtime" : 30000,
      "usr_cpu" : 9.823333,
      "sys_cpu" : 34.320000,
      "ctx" : 1313985,
      "majf" : 0,
      "minf" : 43,
      "iodepth_level" : {
        "1" : 0.100000,
        "2" : 0.100000,
        "4" : 0.100000,
        "8" : 0.100000,
        "16" : 0.100000,
        "32" : 99.998760,
        ">=64" : 0.000000
      },
      "iodepth_submit" : {
        "0" : 0.000000,
        "4" : 100.000000,
        "8" : 0.000000,
        "16" : 0.000000,
        "32" : 0.000000,
        "64" : 0.000000,
        ">=64" : 0.000000
      },
      "iodepth_complete" : {
        "0" : 0.000000,
        "4" : 99.999960,
        "8" : 0.000000,
        "16" : 0.000000,
        "32" : 0.100000,
        "64" : 0.000000,
        ">=64" : 0.000000
      },
      "latency_ns" : {
        "2" : 0.000000,
        "4" : 0.000000,
        "10" : 0.000000,
        "20" : 0.000000,
        "50" : 0.000000,
        "100" : 0.000000,
        "250" : 0.000000,
        "500" : 0.000000,
        "750" : 0.000000,
        "1000" : 0.000000
      },
      "latency_us" : {
        "2" : 0.000000,
        "4" : 0.000000,
        "10" : 0.000000,
        "20" : 0.000000,
        "50" : 0.010000,
        "100" : 6.914476,
        "250" : 29.615793,
        "500" : 35.245765,
        "750" : 19.387535,
        "1000" : 8.417226
      },
      "latency_ms" : {
        "2" : 0.386872,
        "4" : 0.030612,
        "10" : 0.010000,
        "20" : 0.010000,
        "50" : 0.000000,
        "100" : 0.000000,
        "250" : 0.000000,
        "500" : 0.000000,
        "750" : 0.000000,
        "1000" : 0.000000,
        "2000" : 0.000000,
        ">=2000" : 0.000000
      },
      "latency_depth" : 32,
      "latency_target" : 0,
      "latency_percentile" : 100.000000,
      "latency_window" : 0
    }
  ],
  "disk_util" : [
    {
      "name" : "nvme0n1",
      "read_ios" : 2490801,
      "write_ios" : 15,
      "read_sectors" : 19926432,
      "write_sectors" : 392,
      "read_merges" : 0,
      "write_merges" : 31,
      "read_ticks" : 935367,
      "write_ticks" : 12,
      "in_queue" : 935385,
      "util" : 72.344897
    }
  ]
}
