{
  "fio version" : "fio-3.36",
  "timestamp" : 1774771263,
  "timestamp_ms" : 1774771263390,
  "time" : "Sun Mar 29 13:31:03 2026",
  "jobs" : [
    {
      "jobname" : "mixed_rw",
      "groupid" : 0,
      "job_start" : 1774771203316,
      "error" : 0,
      "eta" : 0,
      "elapsed" : 61,
      "job options" : {
        "name" : "mixed_rw",
        "filename" : "/home/prateek/fio_test/fio_testfile",
        "rw" : "randrw",
        "rwmixread" : "70",
        "bs" : "4k",
        "size" : "2g",
        "numjobs" : "1",
        "iodepth" : "32",
        "ioengine" : "libaio",
        "direct" : "1",
        "runtime" : "60"
      },
      "read" : {
        "io_bytes" : 4853612544,
        "io_kbytes" : 4739856,
        "bw_bytes" : 80892194,
        "bw" : 78996,
        "iops" : 19749.070849,
        "runtime" : 60001,
        "total_ios" : 1184964,
        "short_ios" : 0,
        "drop_ios" : 0,
        "slat_ns" : {
          "min" : 1449,
          "max" : 25453259,
          "mean" : 3362.074797,
          "stddev" : 24173.698187,
          "N" : 1184964
        },
        "clat_ns" : {
          "min" : 55610,
          "max" : 302416327,
          "mean" : 1590256.216614,
          "stddev" : 6053525.644556,
          "N" : 1184964,
          "percentile" : {
            "1.000000" : 122368,
            "5.000000" : 276480,
            "10.000000" : 350208,
            "20.000000" : 468992,
            "30.000000" : 552960,
            "40.000000" : 618496,
            "50.000000" : 675840,
            "60.000000" : 741376,
            "70.000000" : 815104,
            "80.000000" : 905216,
            "90.000000" : 1056768,
            "95.000000" : 1220608,
            "99.000000" : 40108032,
            "99.500000" : 43253760,
            "99.900000" : 52690944,
            "99.950000" : 55312384,
            "99.990000" : 61603840
          }
        },
        "lat_ns" : {
          "min" : 60437,
          "max" : 302418088,
          "mean" : 1593618.291411,
          "stddev" : 6053586.952707,
          "N" : 1184964
        },
        "bw_min" : 4392,
        "bw_max" : 183544,
        "bw_agg" : 99.167957,
        "bw_mean" : 78339.134454,
        "bw_dev" : 80485.586402,
        "bw_samples" : 119,
        "iops_min" : 1098,
        "iops_max" : 45886,
        "iops_mean" : 19584.697479,
        "iops_stddev" : 20121.381676,
        "iops_samples" : 119
      },
      "write" : {
        "io_bytes" : 2081017856,
        "io_kbytes" : 2032244,
        "bw_bytes" : 34683052,
        "bw" : 33870,
        "iops" : 8467.542208,
        "runtime" : 60001,
        "total_ios" : 508061,
        "short_ios" : 0,
        "drop_ios" : 0,
        "slat_ns" : {
          "min" : 1548,
          "max" : 1984156,
          "mean" : 3865.068689,
          "stddev" : 5060.841211,
          "N" : 508061
        },
        "clat_ns" : {
          "min" : 577,
          "max" : 275523617,
          "mean" : 55127.879705,
          "stddev" : 1391318.865096,
          "N" : 508061,
          "percentile" : {
            "1.000000" : 14016,
            "5.000000" : 14912,
            "10.000000" : 15680,
            "20.000000" : 16768,
            "30.000000" : 18816,
            "40.000000" : 21632,
            "50.000000" : 25472,
            "60.000000" : 31104,
            "70.000000" : 41216,
            "80.000000" : 55040,
            "90.000000" : 80384,
            "95.000000" : 114176,
            "99.000000" : 193536,
            "99.500000" : 246784,
            "99.900000" : 684032,
            "99.950000" : 1286144,
            "99.990000" : 34865152
          }
        },
        "lat_ns" : {
          "min" : 14573,
          "max" : 275526967,
          "mean" : 58992.948394,
          "stddev" : 1391373.861193,
          "N" : 508061
        },
        "bw_min" : 1760,
        "bw_max" : 79584,
        "bw_agg" : 99.169865,
        "bw_mean" : 33589.529412,
        "bw_dev" : 34495.881395,
        "bw_samples" : 119,
        "iops_min" : 440,
        "iops_max" : 19896,
        "iops_mean" : 8397.294118,
        "iops_stddev" : 8623.939254,
        "iops_samples" : 119
      },
      "trim" : {
        "io_bytes" : 0,
        "io_kbytes" : 0,
        "bw_bytes" : 0,
        "bw" : 0,
        "iops" : 0.000000,
        "runtime" : 0,
        "total_ios" : 0,
        "short_ios" : 0,
        "drop_ios" : 0,
        "slat_ns" : {
          "min" : 0,
          "max" : 0,
          "mean" : 0.000000,
          "stddev" : 0.000000,
          "N" : 0
        },
        "clat_ns" : {
          "min" : 0,
          "max" : 0,
          "mean" : 0.000000,
          "stddev" : 0.000000,
          "N" : 0
        },
        "lat_ns" : {
          "min" : 0,
          "max" : 0,
          "mean" : 0.000000,
          "stddev" : 0.000000,
          "N" : 0
        },
        "bw_min" : 0,
        "bw_max" : 0,
        "bw_agg" : 0.000000,
        "bw_mean" : 0.000000,
        "bw_dev" : 0.000000,
        "bw_samples" : 0,
        "iops_min" : 0,
        "iops_max" : 0,
        "iops_mean" : 0.000000,
        "iops_stddev" : 0.000000,
        "iops_samples" : 0
      },
      "sync" : {
        "total_ios" : 0,
        "lat_ns" : {
          "min" : 0,
          "max" : 0,
          "mean" : 0.000000,
          "stddev" : 0.000000,
          "N" : 0
        }
      },
      "job_runtime" : 60000,
      "usr_cpu" : 3.140000,
      "sys_cpu" : 11.888333,
      "ctx" : 667677,
      "majf" : 0,
      "minf" : 15,
      "iodepth_level" : {
        "1" : 0.100000,
        "2" : 0.100000,
        "4" : 0.100000,
        "8" : 0.100000,
        "16" : 0.100000,
        "32" : 99.998169,
        ">=64" : 0.000000
      },
      "iodepth_submit" : {
        "0" : 0.000000,
        "4" : 100.000000,
        "8" : 0.000000,
        "16" : 0.000000,
        "32" : 0.000000,
        "64" : 0.000000,
        ">=64" : 0.000000
      },
      "iodepth_complete" : {
        "0" : 0.000000,
        "4" : 99.999941,
        "8" : 0.000000,
        "16" : 0.000000,
        "32" : 0.100000,
        "64" : 0.000000,
        ">=64" : 0.000000
      },
      "latency_ns" : {
        "2" : 0.000000,
        "4" : 0.000000,
        "10" : 0.000000,
        "20" : 0.000000,
        "50" : 0.000000,
        "100" : 0.000000,
        "250" : 0.000000,
        "500" : 0.000000,
        "750" : 0.010000,
        "1000" : 0.000000
      },
      "latency_us" : {
        "2" : 0.000000,
        "4" : 0.010000,
        "10" : 0.014766,
        "20" : 10.384017,
        "50" : 12.565083,
        "100" : 5.389347,
        "250" : 4.270994,
        "500" : 13.663118,
        "750" : 26.838115,
        "1000" : 17.977703
      },
      "latency_ms" : {
        "2" : 7.137166,
        "4" : 0.066095,
        "10" : 0.031482,
        "20" : 0.039515,
        "50" : 1.499387,
        "100" : 0.120967,
        "250" : 0.000000,
        "500" : 0.010000,
        "750" : 0.000000,
        "1000" : 0.000000,
        "2000" : 0.000000,
        ">=2000" : 0.000000
      },
      "latency_depth" : 32,
      "latency_target" : 0,
      "latency_percentile" : 100.000000,
      "latency_window" : 0
    }
  ],
  "disk_util" : [
    {
      "name" : "nvme0n1",
      "read_ios" : 1177697,
      "write_ios" : 505040,
      "read_sectors" : 9430512,
      "write_sectors" : 4050216,
      "read_merges" : 754,
      "write_merges" : 136,
      "read_ticks" : 1856423,
      "write_ticks" : 27211,
      "in_queue" : 1883697,
      "util" : 90.770157
    }
  ]
}
