{
  "fio version" : "fio-3.36",
  "timestamp" : 1774771200,
  "timestamp_ms" : 1774771200546,
  "time" : "Sun Mar 29 13:30:00 2026",
  "jobs" : [
    {
      "jobname" : "rand_read",
      "groupid" : 0,
      "job_start" : 1774771140496,
      "error" : 0,
      "eta" : 0,
      "elapsed" : 61,
      "job options" : {
        "name" : "rand_read",
        "filename" : "/home/prateek/fio_test/fio_testfile",
        "rw" : "randread",
        "bs" : "4k",
        "size" : "2g",
        "numjobs" : "1",
        "iodepth" : "32",
        "ioengine" : "libaio",
        "direct" : "1",
        "runtime" : "60"
      },
      "read" : {
        "io_bytes" : 20014841856,
        "io_kbytes" : 19545744,
        "bw_bytes" : 333575138,
        "bw" : 325756,
        "iops" : 81439.242679,
        "runtime" : 60001,
        "total_ios" : 4886436,
        "short_ios" : 0,
        "drop_ios" : 0,
        "slat_ns" : {
          "min" : 1424,
          "max" : 12839596,
          "mean" : 2656.764389,
          "stddev" : 6414.797891,
          "N" : 4886436
        },
        "clat_ns" : {
          "min" : 16725,
          "max" : 126367820,
          "mean" : 389827.738675,
          "stddev" : 571107.095222,
          "N" : 4886436,
          "percentile" : {
            "1.000000" : 83456,
            "5.000000" : 94720,
            "10.000000" : 120320,
            "20.000000" : 177152,
            "30.000000" : 222208,
            "40.000000" : 268288,
            "50.000000" : 325632,
            "60.000000" : 403456,
            "70.000000" : 489472,
            "80.000000" : 593920,
            "90.000000" : 733184,
            "95.000000" : 831488,
            "99.000000" : 954368,
            "99.500000" : 995328,
            "99.900000" : 1122304,
            "99.950000" : 1597440,
            "99.990000" : 35913728
          }
        },
        "lat_ns" : {
          "min" : 58293,
          "max" : 126370971,
          "mean" : 392484.503063,
          "stddev" : 571139.893574,
          "N" : 4886436
        },
        "bw_min" : 181752,
        "bw_max" : 335496,
        "bw_agg" : 100.000000,
        "bw_mean" : 325941.310924,
        "bw_dev" : 18109.191951,
        "bw_samples" : 119,
        "iops_min" : 45438,
        "iops_max" : 83874,
        "iops_mean" : 81485.344538,
        "iops_stddev" : 4527.305496,
        "iops_samples" : 119
      },
      "write" : {
        "io_bytes" : 0,
        "io_kbytes" : 0,
        "bw_bytes" : 0,
        "bw" : 0,
        "iops" : 0.000000,
        "runtime" : 0,
        "total_ios" : 0,
        "short_ios" : 0,
        "drop_ios" : 0,
        "slat_ns" : {
          "min" : 0,
          "max" : 0,
          "mean" : 0.000000,
          "stddev" : 0.000000,
          "N" : 0
        },
        "clat_ns" : {
          "min" : 0,
          "max" : 0,
          "mean" : 0.000000,
          "stddev" : 0.000000,
          "N" : 0
        },
        "lat_ns" : {
          "min" : 0,
          "max" : 0,
          "mean" : 0.000000,
          "stddev" : 0.000000,
          "N" : 0
        },
        "bw_min" : 0,
        "bw_max" : 0,
        "bw_agg" : 0.000000,
        "bw_mean" : 0.000000,
        "bw_dev" : 0.000000,
        "bw_samples" : 0,
        "iops_min" : 0,
        "iops_max" : 0,
        "iops_mean" : 0.000000,
        "iops_stddev" : 0.000000,
        "iops_samples" : 0
      },
      "trim" : {
        "io_bytes" : 0,
        "io_kbytes" : 0,
        "bw_bytes" : 0,
        "bw" : 0,
        "iops" : 0.000000,
        "runtime" : 0,
        "total_ios" : 0,
        "short_ios" : 0,
        "drop_ios" : 0,
        "slat_ns" : {
          "min" : 0,
          "max" : 0,
          "mean" : 0.000000,
          "stddev" : 0.000000,
          "N" : 0
        },
        "clat_ns" : {
          "min" : 0,
          "max" : 0,
          "mean" : 0.000000,
          "stddev" : 0.000000,
          "N" : 0
        },
        "lat_ns" : {
          "min" : 0,
          "max" : 0,
          "mean" : 0.000000,
          "stddev" : 0.000000,
          "N" : 0
        },
        "bw_min" : 0,
        "bw_max" : 0,
        "bw_agg" : 0.000000,
        "bw_mean" : 0.000000,
        "bw_dev" : 0.000000,
        "bw_samples" : 0,
        "iops_min" : 0,
        "iops_max" : 0,
        "iops_mean" : 0.000000,
        "iops_stddev" : 0.000000,
        "iops_samples" : 0
      },
      "sync" : {
        "total_ios" : 0,
        "lat_ns" : {
          "min" : 0,
          "max" : 0,
          "mean" : 0.000000,
          "stddev" : 0.000000,
          "N" : 0
        }
      },
      "job_runtime" : 60000,
      "usr_cpu" : 8.936667,
      "sys_cpu" : 33.503333,
      "ctx" : 2425249,
      "majf" : 0,
      "minf" : 43,
      "iodepth_level" : {
        "1" : 0.100000,
        "2" : 0.100000,
        "4" : 0.100000,
        "8" : 0.100000,
        "16" : 0.100000,
        "32" : 99.999366,
        ">=64" : 0.000000
      },
      "iodepth_submit" : {
        "0" : 0.000000,
        "4" : 100.000000,
        "8" : 0.000000,
        "16" : 0.000000,
        "32" : 0.000000,
        "64" : 0.000000,
        ">=64" : 0.000000
      },
      "iodepth_complete" : {
        "0" : 0.000000,
        "4" : 99.999980,
        "8" : 0.000000,
        "16" : 0.000000,
        "32" : 0.100000,
        "64" : 0.000000,
        ">=64" : 0.000000
      },
      "latency_ns" : {
        "2" : 0.000000,
        "4" : 0.000000,
        "10" : 0.000000,
        "20" : 0.000000,
        "50" : 0.000000,
        "100" : 0.000000,
        "250" : 0.000000,
        "500" : 0.000000,
        "750" : 0.000000,
        "1000" : 0.000000
      },
      "latency_us" : {
        "2" : 0.000000,
        "4" : 0.000000,
        "10" : 0.000000,
        "20" : 0.010000,
        "50" : 0.010000,
        "100" : 6.523098,
        "250" : 29.546770,
        "500" : 35.570178,
        "750" : 19.214556,
        "1000" : 8.662878
      },
      "latency_ms" : {
        "2" : 0.443902,
        "4" : 0.023575,
        "10" : 0.010000,
        "20" : 0.000000,
        "50" : 0.011706,
        "100" : 0.010000,
        "250" : 0.010000,
        "500" : 0.000000,
        "750" : 0.000000,
        "1000" : 0.000000,
        "2000" : 0.000000,
        ">=2000" : 0.000000
      },
      "latency_depth" : 32,
      "latency_target" : 0,
      "latency_percentile" : 100.000000,
      "latency_window" : 0
    }
  ],
  "disk_util" : [
    {
      "name" : "nvme0n1",
      "read_ios" : 4877187,
      "write_ios" : 136,
      "read_sectors" : 39028168,
      "write_sectors" : 6712,
      "read_merges" : 773,
      "write_merges" : 153,
      "read_ticks" : 1873103,
      "write_ticks" : 1266,
      "in_queue" : 1874490,
      "util" : 72.987806
    }
  ]
}
