{
  "fio version" : "fio-3.36",
  "timestamp" : 1774771137,
  "timestamp_ms" : 1774771137948,
  "time" : "Sun Mar 29 13:28:57 2026",
  "jobs" : [
    {
      "jobname" : "rand_write",
      "groupid" : 0,
      "job_start" : 1774771077880,
      "error" : 0,
      "eta" : 0,
      "elapsed" : 61,
      "job options" : {
        "name" : "rand_write",
        "filename" : "/home/prateek/fio_test/fio_testfile",
        "rw" : "randwrite",
        "bs" : "4k",
        "size" : "2g",
        "numjobs" : "1",
        "iodepth" : "32",
        "ioengine" : "libaio",
        "direct" : "1",
        "runtime" : "60"
      },
      "read" : {
        "io_bytes" : 0,
        "io_kbytes" : 0,
        "bw_bytes" : 0,
        "bw" : 0,
        "iops" : 0.000000,
        "runtime" : 0,
        "total_ios" : 0,
        "short_ios" : 0,
        "drop_ios" : 0,
        "slat_ns" : {
          "min" : 0,
          "max" : 0,
          "mean" : 0.000000,
          "stddev" : 0.000000,
          "N" : 0
        },
        "clat_ns" : {
          "min" : 0,
          "max" : 0,
          "mean" : 0.000000,
          "stddev" : 0.000000,
          "N" : 0
        },
        "lat_ns" : {
          "min" : 0,
          "max" : 0,
          "mean" : 0.000000,
          "stddev" : 0.000000,
          "N" : 0
        },
        "bw_min" : 0,
        "bw_max" : 0,
        "bw_agg" : 0.000000,
        "bw_mean" : 0.000000,
        "bw_dev" : 0.000000,
        "bw_samples" : 0,
        "iops_min" : 0,
        "iops_max" : 0,
        "iops_mean" : 0.000000,
        "iops_stddev" : 0.000000,
        "iops_samples" : 0
      },
      "write" : {
        "io_bytes" : 24779939840,
        "io_kbytes" : 24199160,
        "bw_bytes" : 412785724,
        "bw" : 403111,
        "iops" : 100777.764822,
        "runtime" : 60031,
        "total_ios" : 6049790,
        "short_ios" : 0,
        "drop_ios" : 0,
        "slat_ns" : {
          "min" : 1526,
          "max" : 7668723,
          "mean" : 4766.593013,
          "stddev" : 6019.862439,
          "N" : 6049790
        },
        "clat_ns" : {
          "min" : 37829,
          "max" : 111229169,
          "mean" : 312188.802364,
          "stddev" : 1541680.220068,
          "N" : 6049790,
          "percentile" : {
            "1.000000" : 134144,
            "5.000000" : 146432,
            "10.000000" : 158720,
            "20.000000" : 173056,
            "30.000000" : 183296,
            "40.000000" : 191488,
            "50.000000" : 197632,
            "60.000000" : 201728,
            "70.000000" : 207872,
            "80.000000" : 220160,
            "90.000000" : 242688,
            "95.000000" : 276480,
            "99.000000" : 444416,
            "99.500000" : 8224768,
            "99.900000" : 26345472,
            "99.950000" : 30277632,
            "99.990000" : 38535168
          }
        },
        "lat_ns" : {
          "min" : 85922,
          "max" : 111231936,
          "mean" : 316955.395377,
          "stddev" : 1541605.337328,
          "N" : 6049790
        },
        "bw_min" : 5552,
        "bw_max" : 634496,
        "bw_agg" : 100.000000,
        "bw_mean" : 406644.840336,
        "bw_dev" : 275413.007814,
        "bw_samples" : 119,
        "iops_min" : 1388,
        "iops_max" : 158624,
        "iops_mean" : 101661.226891,
        "iops_stddev" : 68853.262889,
        "iops_samples" : 119
      },
      "trim" : {
        "io_bytes" : 0,
        "io_kbytes" : 0,
        "bw_bytes" : 0,
        "bw" : 0,
        "iops" : 0.000000,
        "runtime" : 0,
        "total_ios" : 0,
        "short_ios" : 0,
        "drop_ios" : 0,
        "slat_ns" : {
          "min" : 0,
          "max" : 0,
          "mean" : 0.000000,
          "stddev" : 0.000000,
          "N" : 0
        },
        "clat_ns" : {
          "min" : 0,
          "max" : 0,
          "mean" : 0.000000,
          "stddev" : 0.000000,
          "N" : 0
        },
        "lat_ns" : {
          "min" : 0,
          "max" : 0,
          "mean" : 0.000000,
          "stddev" : 0.000000,
          "N" : 0
        },
        "bw_min" : 0,
        "bw_max" : 0,
        "bw_agg" : 0.000000,
        "bw_mean" : 0.000000,
        "bw_dev" : 0.000000,
        "bw_samples" : 0,
        "iops_min" : 0,
        "iops_max" : 0,
        "iops_mean" : 0.000000,
        "iops_stddev" : 0.000000,
        "iops_samples" : 0
      },
      "sync" : {
        "total_ios" : 0,
        "lat_ns" : {
          "min" : 0,
          "max" : 0,
          "mean" : 0.000000,
          "stddev" : 0.000000,
          "N" : 0
        }
      },
      "job_runtime" : 60030,
      "usr_cpu" : 7.979344,
      "sys_cpu" : 40.314843,
      "ctx" : 4219263,
      "majf" : 0,
      "minf" : 10,
      "iodepth_level" : {
        "1" : 0.100000,
        "2" : 0.100000,
        "4" : 0.100000,
        "8" : 0.100000,
        "16" : 0.100000,
        "32" : 99.999488,
        ">=64" : 0.000000
      },
      "iodepth_submit" : {
        "0" : 0.000000,
        "4" : 100.000000,
        "8" : 0.000000,
        "16" : 0.000000,
        "32" : 0.000000,
        "64" : 0.000000,
        ">=64" : 0.000000
      },
      "iodepth_complete" : {
        "0" : 0.000000,
        "4" : 99.999983,
        "8" : 0.000000,
        "16" : 0.000000,
        "32" : 0.100000,
        "64" : 0.000000,
        ">=64" : 0.000000
      },
      "latency_ns" : {
        "2" : 0.000000,
        "4" : 0.000000,
        "10" : 0.000000,
        "20" : 0.000000,
        "50" : 0.000000,
        "100" : 0.000000,
        "250" : 0.000000,
        "500" : 0.000000,
        "750" : 0.000000,
        "1000" : 0.000000
      },
      "latency_us" : {
        "2" : 0.000000,
        "4" : 0.000000,
        "10" : 0.000000,
        "20" : 0.000000,
        "50" : 0.010000,
        "100" : 0.010000,
        "250" : 91.767367,
        "500" : 7.339461,
        "750" : 0.128682,
        "1000" : 0.025472
      },
      "latency_ms" : {
        "2" : 0.016232,
        "4" : 0.075160,
        "10" : 0.240769,
        "20" : 0.170551,
        "50" : 0.234355,
        "100" : 0.010000,
        "250" : 0.010000,
        "500" : 0.000000,
        "750" : 0.000000,
        "1000" : 0.000000,
        "2000" : 0.000000,
        ">=2000" : 0.000000
      },
      "latency_depth" : 32,
      "latency_target" : 0,
      "latency_percentile" : 100.000000,
      "latency_window" : 0
    }
  ],
  "disk_util" : [
    {
      "name" : "nvme0n1",
      "read_ios" : 339,
      "write_ios" : 6049688,
      "read_sectors" : 19512,
      "write_sectors" : 48405640,
      "read_merges" : 1191,
      "write_merges" : 215,
      "read_ticks" : 418,
      "write_ticks" : 898203,
      "in_queue" : 898723,
      "util" : 81.522628
    }
  ]
}
