{
  "fio version" : "fio-3.36",
  "timestamp" : 1774771012,
  "timestamp_ms" : 1774771012939,
  "time" : "Sun Mar 29 13:26:52 2026",
  "jobs" : [
    {
      "jobname" : "seq_write",
      "groupid" : 0,
      "job_start" : 1774770952865,
      "error" : 0,
      "eta" : 0,
      "elapsed" : 61,
      "job options" : {
        "name" : "seq_write",
        "filename" : "/home/prateek/fio_test/fio_testfile",
        "rw" : "write",
        "bs" : "1m",
        "size" : "2g",
        "numjobs" : "1",
        "iodepth" : "32",
        "ioengine" : "libaio",
        "direct" : "1",
        "runtime" : "60"
      },
      "read" : {
        "io_bytes" : 0,
        "io_kbytes" : 0,
        "bw_bytes" : 0,
        "bw" : 0,
        "iops" : 0.000000,
        "runtime" : 0,
        "total_ios" : 0,
        "short_ios" : 0,
        "drop_ios" : 0,
        "slat_ns" : {
          "min" : 0,
          "max" : 0,
          "mean" : 0.000000,
          "stddev" : 0.000000,
          "N" : 0
        },
        "clat_ns" : {
          "min" : 0,
          "max" : 0,
          "mean" : 0.000000,
          "stddev" : 0.000000,
          "N" : 0
        },
        "lat_ns" : {
          "min" : 0,
          "max" : 0,
          "mean" : 0.000000,
          "stddev" : 0.000000,
          "N" : 0
        },
        "bw_min" : 0,
        "bw_max" : 0,
        "bw_agg" : 0.000000,
        "bw_mean" : 0.000000,
        "bw_dev" : 0.000000,
        "bw_samples" : 0,
        "iops_min" : 0,
        "iops_max" : 0,
        "iops_mean" : 0.000000,
        "iops_stddev" : 0.000000,
        "iops_samples" : 0
      },
      "write" : {
        "io_bytes" : 35533094912,
        "io_kbytes" : 34700288,
        "bw_bytes" : 591892707,
        "bw" : 578020,
        "iops" : 564.472873,
        "runtime" : 60033,
        "total_ios" : 33887,
        "short_ios" : 0,
        "drop_ios" : 0,
        "slat_ns" : {
          "min" : 90965,
          "max" : 2624336439,
          "mean" : 243225.692006,
          "stddev" : 14289737.405845,
          "N" : 33887
        },
        "clat_ns" : {
          "min" : 4675209,
          "max" : 8408278359,
          "mean" : 56439747.227197,
          "stddev" : 352849107.763781,
          "N" : 33887,
          "percentile" : {
            "1.000000" : 8847360,
            "5.000000" : 13828096,
            "10.000000" : 15794176,
            "20.000000" : 22675456,
            "30.000000" : 29229056,
            "40.000000" : 31588352,
            "50.000000" : 32636928,
            "60.000000" : 35913728,
            "70.000000" : 41680896,
            "80.000000" : 46399488,
            "90.000000" : 52690944,
            "95.000000" : 57933824,
            "99.000000" : 69730304,
            "99.500000" : 387973120,
            "99.900000" : 7079985152,
            "99.950000" : 7818182656,
            "99.990000" : 8422162432
          }
        },
        "lat_ns" : {
          "min" : 4799801,
          "max" : 8408402862,
          "mean" : 56682972.919202,
          "stddev" : 353618171.152285,
          "N" : 33887
        },
        "bw_min" : 2048,
        "bw_max" : 964608,
        "bw_agg" : 100.000000,
        "bw_mean" : 645815.547170,
        "bw_dev" : 434646.333216,
        "bw_samples" : 106,
        "iops_min" : 2,
        "iops_max" : 942,
        "iops_mean" : 630.679245,
        "iops_stddev" : 424.459310,
        "iops_samples" : 106
      },
      "trim" : {
        "io_bytes" : 0,
        "io_kbytes" : 0,
        "bw_bytes" : 0,
        "bw" : 0,
        "iops" : 0.000000,
        "runtime" : 0,
        "total_ios" : 0,
        "short_ios" : 0,
        "drop_ios" : 0,
        "slat_ns" : {
          "min" : 0,
          "max" : 0,
          "mean" : 0.000000,
          "stddev" : 0.000000,
          "N" : 0
        },
        "clat_ns" : {
          "min" : 0,
          "max" : 0,
          "mean" : 0.000000,
          "stddev" : 0.000000,
          "N" : 0
        },
        "lat_ns" : {
          "min" : 0,
          "max" : 0,
          "mean" : 0.000000,
          "stddev" : 0.000000,
          "N" : 0
        },
        "bw_min" : 0,
        "bw_max" : 0,
        "bw_agg" : 0.000000,
        "bw_mean" : 0.000000,
        "bw_dev" : 0.000000,
        "bw_samples" : 0,
        "iops_min" : 0,
        "iops_max" : 0,
        "iops_mean" : 0.000000,
        "iops_stddev" : 0.000000,
        "iops_samples" : 0
      },
      "sync" : {
        "total_ios" : 0,
        "lat_ns" : {
          "min" : 0,
          "max" : 0,
          "mean" : 0.000000,
          "stddev" : 0.000000,
          "N" : 0
        }
      },
      "job_runtime" : 60032,
      "usr_cpu" : 3.219949,
      "sys_cpu" : 5.297175,
      "ctx" : 33734,
      "majf" : 0,
      "minf" : 13,
      "iodepth_level" : {
        "1" : 0.100000,
        "2" : 0.100000,
        "4" : 0.100000,
        "8" : 0.100000,
        "16" : 0.100000,
        "32" : 99.908519,
        ">=64" : 0.000000
      },
      "iodepth_submit" : {
        "0" : 0.000000,
        "4" : 100.000000,
        "8" : 0.000000,
        "16" : 0.000000,
        "32" : 0.000000,
        "64" : 0.000000,
        ">=64" : 0.000000
      },
      "iodepth_complete" : {
        "0" : 0.000000,
        "4" : 99.997046,
        "8" : 0.000000,
        "16" : 0.000000,
        "32" : 0.100000,
        "64" : 0.000000,
        ">=64" : 0.000000
      },
      "latency_ns" : {
        "2" : 0.000000,
        "4" : 0.000000,
        "10" : 0.000000,
        "20" : 0.000000,
        "50" : 0.000000,
        "100" : 0.000000,
        "250" : 0.000000,
        "500" : 0.000000,
        "750" : 0.000000,
        "1000" : 0.000000
      },
      "latency_us" : {
        "2" : 0.000000,
        "4" : 0.000000,
        "10" : 0.000000,
        "20" : 0.000000,
        "50" : 0.000000,
        "100" : 0.000000,
        "250" : 0.000000,
        "500" : 0.000000,
        "750" : 0.000000,
        "1000" : 0.000000
      },
      "latency_ms" : {
        "2" : 0.000000,
        "4" : 0.000000,
        "10" : 1.392865,
        "20" : 13.536164,
        "50" : 70.746894,
        "100" : 13.786998,
        "250" : 0.010000,
        "500" : 0.056069,
        "750" : 0.010000,
        "1000" : 0.010000,
        "2000" : 0.073775,
        ">=2000" : 0.386579
      },
      "latency_depth" : 32,
      "latency_target" : 0,
      "latency_percentile" : 100.000000,
      "latency_window" : 0
    }
  ],
  "disk_util" : [
    {
      "name" : "nvme0n1",
      "read_ios" : 97,
      "write_ios" : 269962,
      "read_sectors" : 5320,
      "write_sectors" : 69085648,
      "read_merges" : 266,
      "write_merges" : 165,
      "read_ticks" : 85740,
      "write_ticks" : 14354013,
      "in_queue" : 14445324,
      "util" : 93.908054
    }
  ]
}
